"Project","File","Lines","ReviewedFull","ReviewedRanges","SourceSHA256","ReviewedSHA256","CompilationStatus","InitialReviewScope","RelatedReports","ReviewNotes","SourceURL","SourceBaseline"
"Aqueduct.Abstractions","src/Aqueduct.Abstractions/AqueductBuilderDiagnosticCodes.cs","20","true","1-20","D806F6D7957612CB95C70CE5A4812A70E2BCBC93DDEC4B4AD39E95727CA6D60A","D806F6D7957612CB95C70CE5A4812A70E2BCBC93DDEC4B4AD39E95727CA6D60A","Project source","live_client","","Stable diagnostic string constants checked.","https://github.com/Gibbs-Morris/mississippi/blob/aa4a686677ab41b25ecdfd445b280b45d2f43fb1/src/Aqueduct.Abstractions/AqueductBuilderDiagnosticCodes.cs","aa4a686677ab41b25ecdfd445b280b45d2f43fb1"
"Aqueduct.Abstractions","src/Aqueduct.Abstractions/AqueductOptions.cs","47","true","1-47","61AAD66281EE73E32F05800088DE9DA4EEBB479476AE37C05CB40C7196D4AE1F","61AAD66281EE73E32F05800088DE9DA4EEBB479476AE37C05CB40C7196D4AE1F","Project source","live_client","","All stream namespaces, provider defaults and heartbeat timeout options checked.","https://github.com/Gibbs-Morris/mississippi/blob/aa4a686677ab41b25ecdfd445b280b45d2f43fb1/src/Aqueduct.Abstractions/AqueductOptions.cs","aa4a686677ab41b25ecdfd445b280b45d2f43fb1"
"Aqueduct.Abstractions","src/Aqueduct.Abstractions/AqueductStreamDefaults.cs","22","true","1-22","8CB930DDD7CD11165E62832E13804829067A19E8ACDB075226E2097F8E66D786","8CB930DDD7CD11165E62832E13804829067A19E8ACDB075226E2097F8E66D786","Project source","live_client","","Module stream/provider constants checked.","https://github.com/Gibbs-Morris/mississippi/blob/aa4a686677ab41b25ecdfd445b280b45d2f43fb1/src/Aqueduct.Abstractions/AqueductStreamDefaults.cs","aa4a686677ab41b25ecdfd445b280b45d2f43fb1"
"Aqueduct.Abstractions","src/Aqueduct.Abstractions/Grains/ISignalRClientGrain.cs","87","true","1-87","0395D647A359B8002EFC89E003BC467FCEB369E41020E8F343178EF8936BBD01","0395D647A359B8002EFC89E003BC467FCEB369E41020E8F343178EF8936BBD01","Project source","live_client","","Connect, disconnect, group tracking and send contracts checked.","https://github.com/Gibbs-Morris/mississippi/blob/aa4a686677ab41b25ecdfd445b280b45d2f43fb1/src/Aqueduct.Abstractions/Grains/ISignalRClientGrain.cs","aa4a686677ab41b25ecdfd445b280b45d2f43fb1"
"Aqueduct.Abstractions","src/Aqueduct.Abstractions/Grains/ISignalRGroupGrain.cs","69","true","1-69","039E41330482437770BF2A4672B9EAA4CE40D7F400E36757F2AA9FEC372911E0","039E41330482437770BF2A4672B9EAA4CE40D7F400E36757F2AA9FEC372911E0","Project source","live_client","Aqueduct-group-failure-aborts-other-members.md","Group fan-out and AlwaysInterleave membership contracts checked.","https://github.com/Gibbs-Morris/mississippi/blob/aa4a686677ab41b25ecdfd445b280b45d2f43fb1/src/Aqueduct.Abstractions/Grains/ISignalRGroupGrain.cs","aa4a686677ab41b25ecdfd445b280b45d2f43fb1"
"Aqueduct.Abstractions","src/Aqueduct.Abstractions/Grains/ISignalRServerDirectoryGrain.cs","68","true","1-68","4E851FA8262E0493E67A2A0B5A9CF2CCD327247C8779F02867AAA76676017CB7","4E851FA8262E0493E67A2A0B5A9CF2CCD327247C8779F02867AAA76676017CB7","Project source","live_client","","Server registration, heartbeat, dead-server and unregister contracts checked.","https://github.com/Gibbs-Morris/mississippi/blob/aa4a686677ab41b25ecdfd445b280b45d2f43fb1/src/Aqueduct.Abstractions/Grains/ISignalRServerDirectoryGrain.cs","aa4a686677ab41b25ecdfd445b280b45d2f43fb1"
"Aqueduct.Abstractions","src/Aqueduct.Abstractions/IAqueductGrainFactory.cs","73","true","1-73","E394BB2B79221AD243B152941EAAA24C3A76F90C055093AE119E7F090E1A4C77","E394BB2B79221AD243B152941EAAA24C3A76F90C055093AE119E7F090E1A4C77","Project source","live_client","","All typed and string key grain factory overloads checked.","https://github.com/Gibbs-Morris/mississippi/blob/aa4a686677ab41b25ecdfd445b280b45d2f43fb1/src/Aqueduct.Abstractions/IAqueductGrainFactory.cs","aa4a686677ab41b25ecdfd445b280b45d2f43fb1"
"Aqueduct.Abstractions","src/Aqueduct.Abstractions/IAqueductNotifier.cs","80","true","1-80","3AFAF121D343CE0F2FA43AFDA484FD068A2CAAFF6F604514818C350B5186834B","3AFAF121D343CE0F2FA43AFDA484FD068A2CAAFF6F604514818C350B5186834B","Project source","live_client","Aqueduct-multiple-hubs-share-state.md","Notifier targeting and documented deployment boundary checked.","https://github.com/Gibbs-Morris/mississippi/blob/aa4a686677ab41b25ecdfd445b280b45d2f43fb1/src/Aqueduct.Abstractions/IAqueductNotifier.cs","aa4a686677ab41b25ecdfd445b280b45d2f43fb1"
"Aqueduct.Abstractions","src/Aqueduct.Abstractions/IHeartbeatManager.cs","43","true","1-43","5A1E03C435649E770F72E8C43DC763957E5A8440AA8BCA77E71010D1A24AB5CE","5A1E03C435649E770F72E8C43DC763957E5A8440AA8BCA77E71010D1A24AB5CE","Project source","live_client","Aqueduct-heartbeat-startup-cannot-retry.md","Timer startup, heartbeat count callback, stop and IDisposable contract checked.","https://github.com/Gibbs-Morris/mississippi/blob/aa4a686677ab41b25ecdfd445b280b45d2f43fb1/src/Aqueduct.Abstractions/IHeartbeatManager.cs","aa4a686677ab41b25ecdfd445b280b45d2f43fb1"
"Aqueduct.Abstractions","src/Aqueduct.Abstractions/IServerIdProvider.cs","28","true","1-28","301968D2BFC412153AEACB179024FD226FA710547FB6554D8B102575311A4C49","301968D2BFC412153AEACB179024FD226FA710547FB6554D8B102575311A4C49","Project source","live_client","","Process singleton server identifier contract checked.","https://github.com/Gibbs-Morris/mississippi/blob/aa4a686677ab41b25ecdfd445b280b45d2f43fb1/src/Aqueduct.Abstractions/IServerIdProvider.cs","aa4a686677ab41b25ecdfd445b280b45d2f43fb1"
"Aqueduct.Abstractions","src/Aqueduct.Abstractions/IStreamSubscriptionManager.cs","54","true","1-54","3098FB0834DBE818498CA388FA597AEFEF42BF6CE399F238236C21FCEF8B6639","3098FB0834DBE818498CA388FA597AEFEF42BF6CE399F238236C21FCEF8B6639","Project source","live_client","","Single manager initialization, stream callbacks and publish contract checked.","https://github.com/Gibbs-Morris/mississippi/blob/aa4a686677ab41b25ecdfd445b280b45d2f43fb1/src/Aqueduct.Abstractions/IStreamSubscriptionManager.cs","aa4a686677ab41b25ecdfd445b280b45d2f43fb1"
"Aqueduct.Abstractions","src/Aqueduct.Abstractions/Keys/SignalRClientKey.cs","116","true","1-116","75302B517812B6E2030C69BCC1D811C37B5E4D3150D494514AC1C52E2254DC1E","75302B517812B6E2030C69BCC1D811C37B5E4D3150D494514AC1C52E2254DC1E","Project source","live_client","","Constructor validation, serializer IDs, parse and string conversion checked.","https://github.com/Gibbs-Morris/mississippi/blob/aa4a686677ab41b25ecdfd445b280b45d2f43fb1/src/Aqueduct.Abstractions/Keys/SignalRClientKey.cs","aa4a686677ab41b25ecdfd445b280b45d2f43fb1"
"Aqueduct.Abstractions","src/Aqueduct.Abstractions/Keys/SignalRGroupKey.cs","116","true","1-116","8B99CDB878875C26C5608B8C761309D492F7D8A2AACB800B0634120769B2A8F9","8B99CDB878875C26C5608B8C761309D492F7D8A2AACB800B0634120769B2A8F9","Project source","live_client","Aqueduct-user-target-key-rejected.md","Group key separator/length validation, parse and conversions checked.","https://github.com/Gibbs-Morris/mississippi/blob/aa4a686677ab41b25ecdfd445b280b45d2f43fb1/src/Aqueduct.Abstractions/Keys/SignalRGroupKey.cs","aa4a686677ab41b25ecdfd445b280b45d2f43fb1"
"Aqueduct.Abstractions","src/Aqueduct.Abstractions/Keys/SignalRServerDirectoryKey.cs","81","true","1-81","F59B46D3E67DF404A66623999DD5C38A66FEF9C8B6AE750005E802971776A324","F59B46D3E67DF404A66623999DD5C38A66FEF9C8B6AE750005E802971776A324","Project source","live_client","","Directory key length/null validation and default singleton key checked.","https://github.com/Gibbs-Morris/mississippi/blob/aa4a686677ab41b25ecdfd445b280b45d2f43fb1/src/Aqueduct.Abstractions/Keys/SignalRServerDirectoryKey.cs","aa4a686677ab41b25ecdfd445b280b45d2f43fb1"
"Aqueduct.Abstractions","src/Aqueduct.Abstractions/Messages/AllMessage.cs","42","true","1-42","F9C4ECD701449E36C59032B59D5D19E7402F8C2BBB33E54CDA58335A54B64F82","F9C4ECD701449E36C59032B59D5D19E7402F8C2BBB33E54CDA58335A54B64F82","Project source","live_client","","Broadcast DTO serialized members and exclusion list checked.","https://github.com/Gibbs-Morris/mississippi/blob/aa4a686677ab41b25ecdfd445b280b45d2f43fb1/src/Aqueduct.Abstractions/Messages/AllMessage.cs","aa4a686677ab41b25ecdfd445b280b45d2f43fb1"
"Aqueduct.Abstractions","src/Aqueduct.Abstractions/Messages/ServerMessage.cs","42","true","1-42","7094DFAF7EDBB498AFFF5768C263BE33F43F33945D00B82C769655EF964B5AB1","7094DFAF7EDBB498AFFF5768C263BE33F43F33945D00B82C769655EF964B5AB1","Project source","live_client","","Server targeted message DTO serialized members checked.","https://github.com/Gibbs-Morris/mississippi/blob/aa4a686677ab41b25ecdfd445b280b45d2f43fb1/src/Aqueduct.Abstractions/Messages/ServerMessage.cs","aa4a686677ab41b25ecdfd445b280b45d2f43fb1"
"Aqueduct.Gateway","src/Aqueduct.Gateway/AqueductGrainFactory.cs","93","true","1-93","5ABBC4E7D3DFF5823270378FCA572DB80C5AA733DFED66E05AB58B4D71DA0DDD","5ABBC4E7D3DFF5823270378FCA572DB80C5AA733DFED66E05AB58B4D71DA0DDD","Project source","live_client","Aqueduct-user-target-key-rejected.md","Grain factory typed/string key overloads and directory default delegation checked.","https://github.com/Gibbs-Morris/mississippi/blob/aa4a686677ab41b25ecdfd445b280b45d2f43fb1/src/Aqueduct.Gateway/AqueductGrainFactory.cs","aa4a686677ab41b25ecdfd445b280b45d2f43fb1"
"Aqueduct.Gateway","src/Aqueduct.Gateway/AqueductGrainFactoryLoggerExtensions.cs","39","true","1-39","5E657D4052DB5B0872D3DAB99B22A8193C5898A2C42B8CE0E72B0C4A470F20AE","5E657D4052DB5B0872D3DAB99B22A8193C5898A2C42B8CE0E72B0C4A470F20AE","Project source","live_client","","LoggerMessage event IDs, templates and parameter mappings checked.","https://github.com/Gibbs-Morris/mississippi/blob/aa4a686677ab41b25ecdfd445b280b45d2f43fb1/src/Aqueduct.Gateway/AqueductGrainFactoryLoggerExtensions.cs","aa4a686677ab41b25ecdfd445b280b45d2f43fb1"
"Aqueduct.Gateway","src/Aqueduct.Gateway/AqueductHubLifetimeManager.cs","410","true","1-410","9FA035882D6CA6DF4DBC5B4919B765991E290049D0181879A6A6D4C361B92672","9FA035882D6CA6DF4DBC5B4919B765991E290049D0181879A6A6D4C361B92672","Project source","live_client","Aqueduct-heartbeat-startup-cannot-retry.md; Aqueduct-idle-collection-loses-live-routing.md; Aqueduct-multiple-hubs-share-state.md; Aqueduct-partial-stream-setup-leaks-subscription.md; Aqueduct-user-target-key-rejected.md","Connection lifecycle, every send override, stream setup ordering and callbacks checked; user group separator, cross-hub singletons and heartbeat retry leads.","https://github.com/Gibbs-Morris/mississippi/blob/aa4a686677ab41b25ecdfd445b280b45d2f43fb1/src/Aqueduct.Gateway/AqueductHubLifetimeManager.cs","aa4a686677ab41b25ecdfd445b280b45d2f43fb1"
"Aqueduct.Gateway","src/Aqueduct.Gateway/AqueductHubLifetimeManagerLoggerExtensions.cs","105","true","1-105","B21AA8075D86CCB65D4D3BF9F7C3039BC1E260D8EAD339F173C10D23CB417222","B21AA8075D86CCB65D4D3BF9F7C3039BC1E260D8EAD339F173C10D23CB417222","Project source","live_client","","Gateway LoggerMessage templates and parameter mappings checked.","https://github.com/Gibbs-Morris/mississippi/blob/aa4a686677ab41b25ecdfd445b280b45d2f43fb1/src/Aqueduct.Gateway/AqueductHubLifetimeManagerLoggerExtensions.cs","aa4a686677ab41b25ecdfd445b280b45d2f43fb1"
"Aqueduct.Gateway","src/Aqueduct.Gateway/AqueductNotifier.cs","128","true","1-128","041E611E4ACE1966995573B44BEB1805FEAB0EB39A538BD207ACD1F595C01BC9","041E611E4ACE1966995573B44BEB1805FEAB0EB39A538BD207ACD1F595C01BC9","Project source","live_client","","All/group/connection message routing, stream namespace and payload construction checked.","https://github.com/Gibbs-Morris/mississippi/blob/aa4a686677ab41b25ecdfd445b280b45d2f43fb1/src/Aqueduct.Gateway/AqueductNotifier.cs","aa4a686677ab41b25ecdfd445b280b45d2f43fb1"
"Aqueduct.Gateway","src/Aqueduct.Gateway/AqueductNotifierLoggerExtensions.cs","39","true","1-39","0D86DCAE0F18F1D6CF0439AA35DB2AD2BC482073C685A399521066717C273590","0D86DCAE0F18F1D6CF0439AA35DB2AD2BC482073C685A399521066717C273590","Project source","live_client","","Notifier LoggerMessage templates and parameter mappings checked.","https://github.com/Gibbs-Morris/mississippi/blob/aa4a686677ab41b25ecdfd445b280b45d2f43fb1/src/Aqueduct.Gateway/AqueductNotifierLoggerExtensions.cs","aa4a686677ab41b25ecdfd445b280b45d2f43fb1"
"Aqueduct.Gateway","src/Aqueduct.Gateway/AqueductRegistrations.cs","134","true","1-134","CE18E08B27E81D2F8302DECC552848022BBE2A77EF0AB9C93301D14668E33BA1","CE18E08B27E81D2F8302DECC552848022BBE2A77EF0AB9C93301D14668E33BA1","Project source","live_client","Aqueduct-multiple-hubs-share-state.md; Aqueduct-user-target-key-rejected.md","Both AddAqueduct overloads, singleton lifetimes, TryAdd and notifier registrations checked.","https://github.com/Gibbs-Morris/mississippi/blob/aa4a686677ab41b25ecdfd445b280b45d2f43fb1/src/Aqueduct.Gateway/AqueductRegistrations.cs","aa4a686677ab41b25ecdfd445b280b45d2f43fb1"
"Aqueduct.Gateway","src/Aqueduct.Gateway/ConnectionRegistry.cs","59","true","1-59","8E538E7E46AD6A6A6C69848CD08A40A267F12FBD28EB440E707D9BD114421A91","8E538E7E46AD6A6A6C69848CD08A40A267F12FBD28EB440E707D9BD114421A91","Project source","live_client","","Concurrent connection registry add/remove/lookup, snapshot enumeration and count checked.","https://github.com/Gibbs-Morris/mississippi/blob/aa4a686677ab41b25ecdfd445b280b45d2f43fb1/src/Aqueduct.Gateway/ConnectionRegistry.cs","aa4a686677ab41b25ecdfd445b280b45d2f43fb1"
"Aqueduct.Gateway","src/Aqueduct.Gateway/HeartbeatManager.cs","180","true","1-180","EE716A592A2BEA0912C2B2CCF9B5F48741E8B93D3F5784828218CF3064EA7C0B","EE716A592A2BEA0912C2B2CCF9B5F48741E8B93D3F5784828218CF3064EA7C0B","Project source","live_client","Aqueduct-heartbeat-startup-cannot-retry.md","Start/stop/dispose, start semaphore, timer lifecycle, server registration and heartbeat failure handling checked.","https://github.com/Gibbs-Morris/mississippi/blob/aa4a686677ab41b25ecdfd445b280b45d2f43fb1/src/Aqueduct.Gateway/HeartbeatManager.cs","aa4a686677ab41b25ecdfd445b280b45d2f43fb1"
"Aqueduct.Gateway","src/Aqueduct.Gateway/HeartbeatManagerLoggerExtensions.cs","37","true","1-37","E695DD12D64A383729EF475967BF27C7D9F06D483287BE9855CED6186DC53E40","E695DD12D64A383729EF475967BF27C7D9F06D483287BE9855CED6186DC53E40","Project source","live_client","","Heartbeat source-generated logging templates checked.","https://github.com/Gibbs-Morris/mississippi/blob/aa4a686677ab41b25ecdfd445b280b45d2f43fb1/src/Aqueduct.Gateway/HeartbeatManagerLoggerExtensions.cs","aa4a686677ab41b25ecdfd445b280b45d2f43fb1"
"Aqueduct.Gateway","src/Aqueduct.Gateway/IConnectionRegistry.cs","73","true","1-73","06BC4F5CDD71F8699361488DC19576AB06B4A532F69DAA2E459CEA302C2515DF","06BC4F5CDD71F8699361488DC19576AB06B4A532F69DAA2E459CEA302C2515DF","Project source","live_client","Aqueduct-multiple-hubs-share-state.md","Registry per-hub contract, concurrent lookup and membership interface checked.","https://github.com/Gibbs-Morris/mississippi/blob/aa4a686677ab41b25ecdfd445b280b45d2f43fb1/src/Aqueduct.Gateway/IConnectionRegistry.cs","aa4a686677ab41b25ecdfd445b280b45d2f43fb1"
"Aqueduct.Gateway","src/Aqueduct.Gateway/ILocalMessageSender.cs","37","true","1-37","B1749B89923E475415D9A630F33399FF12D5489CB7207535A9898CFA3314EB37","B1749B89923E475415D9A630F33399FF12D5489CB7207535A9898CFA3314EB37","Project source","live_client","","Local invocation delivery interface checked.","https://github.com/Gibbs-Morris/mississippi/blob/aa4a686677ab41b25ecdfd445b280b45d2f43fb1/src/Aqueduct.Gateway/ILocalMessageSender.cs","aa4a686677ab41b25ecdfd445b280b45d2f43fb1"
"Aqueduct.Gateway","src/Aqueduct.Gateway/LocalMessageSender.cs","50","true","1-50","F46F2338B06EADB84FC9A2AAD3F67554DA60A2D153A1507EBDA99B9D213C17BD","F46F2338B06EADB84FC9A2AAD3F67554DA60A2D153A1507EBDA99B9D213C17BD","Project source","live_client","","Argument conversion and HubConnectionContext.WriteAsync invocation checked.","https://github.com/Gibbs-Morris/mississippi/blob/aa4a686677ab41b25ecdfd445b280b45d2f43fb1/src/Aqueduct.Gateway/LocalMessageSender.cs","aa4a686677ab41b25ecdfd445b280b45d2f43fb1"
"Aqueduct.Gateway","src/Aqueduct.Gateway/LocalMessageSenderLoggerExtensions.cs","20","true","1-20","44822BA0EA04F121DDE885FF8DAA73614B5AEB892E86561E854953282D8EAE85","44822BA0EA04F121DDE885FF8DAA73614B5AEB892E86561E854953282D8EAE85","Project source","live_client","","Local send source-generated logging checked.","https://github.com/Gibbs-Morris/mississippi/blob/aa4a686677ab41b25ecdfd445b280b45d2f43fb1/src/Aqueduct.Gateway/LocalMessageSenderLoggerExtensions.cs","aa4a686677ab41b25ecdfd445b280b45d2f43fb1"
"Aqueduct.Gateway","src/Aqueduct.Gateway/ServerIdProvider.cs","28","true","1-28","E0023EC93DCEA25DEBDA66E7AAA36F5C86E1C7B4E962EF863E0051199AC5CA9D","E0023EC93DCEA25DEBDA66E7AAA36F5C86E1C7B4E962EF863E0051199AC5CA9D","Project source","live_client","","GUID per singleton instance identity checked.","https://github.com/Gibbs-Morris/mississippi/blob/aa4a686677ab41b25ecdfd445b280b45d2f43fb1/src/Aqueduct.Gateway/ServerIdProvider.cs","aa4a686677ab41b25ecdfd445b280b45d2f43fb1"
"Aqueduct.Gateway","src/Aqueduct.Gateway/StreamSubscriptionManager.cs","149","true","1-149","985A109D34BAE31B379263DB2BEC3F53BD37BC6A38FEA8B41563338D25A2F113","985A109D34BAE31B379263DB2BEC3F53BD37BC6A38FEA8B41563338D25A2F113","Project source","live_client","Aqueduct-heartbeat-startup-cannot-retry.md; Aqueduct-multiple-hubs-share-state.md; Aqueduct-partial-stream-setup-leaks-subscription.md","Double-checked initialization, partial subscriptions, stored broadcast channel, publish and disposal checked.","https://github.com/Gibbs-Morris/mississippi/blob/aa4a686677ab41b25ecdfd445b280b45d2f43fb1/src/Aqueduct.Gateway/StreamSubscriptionManager.cs","aa4a686677ab41b25ecdfd445b280b45d2f43fb1"
"Aqueduct.Gateway","src/Aqueduct.Gateway/StreamSubscriptionManagerLoggerExtensions.cs","30","true","1-30","6910AFBA20B87001A7D9C397005C781CA27682394471D84B52DFAFA2A6BA06AC","6910AFBA20B87001A7D9C397005C781CA27682394471D84B52DFAFA2A6BA06AC","Project source","live_client","","Stream logging templates and event mappings checked.","https://github.com/Gibbs-Morris/mississippi/blob/aa4a686677ab41b25ecdfd445b280b45d2f43fb1/src/Aqueduct.Gateway/StreamSubscriptionManagerLoggerExtensions.cs","aa4a686677ab41b25ecdfd445b280b45d2f43fb1"
"Aqueduct.Runtime","src/Aqueduct.Runtime/AqueductBuilder.cs","164","true","1-164","803C9320566345BC99817E94CD74F95D9499DDA1C873D65E44FBF0D95C4ACA1E","803C9320566345BC99817E94CD74F95D9499DDA1C873D65E44FBF0D95C4ACA1E","Project source","live_client","","Runtime builder scope closure, snapshot configuration, validation, memory streams and staged registrations checked.","https://github.com/Gibbs-Morris/mississippi/blob/aa4a686677ab41b25ecdfd445b280b45d2f43fb1/src/Aqueduct.Runtime/AqueductBuilder.cs","aa4a686677ab41b25ecdfd445b280b45d2f43fb1"
"Aqueduct.Runtime","src/Aqueduct.Runtime/AqueductGrainFactory.cs","93","true","1-93","48DA0765452227BAA07D5FA6274180D1871140E6E7DD77782D11F4F84C0017AC","48DA0765452227BAA07D5FA6274180D1871140E6E7DD77782D11F4F84C0017AC","Project source","live_client","","Typed/string grain factory overloads, key validation and default directory routing checked.","https://github.com/Gibbs-Morris/mississippi/blob/aa4a686677ab41b25ecdfd445b280b45d2f43fb1/src/Aqueduct.Runtime/AqueductGrainFactory.cs","aa4a686677ab41b25ecdfd445b280b45d2f43fb1"
"Aqueduct.Runtime","src/Aqueduct.Runtime/AqueductGrainFactoryLoggerExtensions.cs","39","true","1-39","873EF4C710D17FEA8D139B26DD355219CC9786970325252D1438C048AD801AC9","873EF4C710D17FEA8D139B26DD355219CC9786970325252D1438C048AD801AC9","Project source","live_client","","Factory logging checked.","https://github.com/Gibbs-Morris/mississippi/blob/aa4a686677ab41b25ecdfd445b280b45d2f43fb1/src/Aqueduct.Runtime/AqueductGrainFactoryLoggerExtensions.cs","aa4a686677ab41b25ecdfd445b280b45d2f43fb1"
"Aqueduct.Runtime","src/Aqueduct.Runtime/AqueductRuntimeRegistrations.cs","107","true","1-107","CD2B31CD0D2A125B1BAB5F737945148F152E7972B80DA046A1E302F8B02B1892","CD2B31CD0D2A125B1BAB5F737945148F152E7972B80DA046A1E302F8B02B1892","Project source","live_client","","ConditionalWeakTable registration guard, callback failure cleanup, configuration binding and overload delegation checked.","https://github.com/Gibbs-Morris/mississippi/blob/aa4a686677ab41b25ecdfd445b280b45d2f43fb1/src/Aqueduct.Runtime/AqueductRuntimeRegistrations.cs","aa4a686677ab41b25ecdfd445b280b45d2f43fb1"
"Aqueduct.Runtime","src/Aqueduct.Runtime/Diagnostics/AqueductMetrics.cs","200","true","1-200","4CA8D2BA80EEDB34C98A93ED7BBEBF4238CD0FFC96301EA4A0589CD86EF6CB14","4CA8D2BA80EEDB34C98A93ED7BBEBF4238CD0FFC96301EA4A0589CD86EF6CB14","Project source","live_client","","Counter/histogram units, tags, conditional dead-server recording and each metric recorder checked.","https://github.com/Gibbs-Morris/mississippi/blob/aa4a686677ab41b25ecdfd445b280b45d2f43fb1/src/Aqueduct.Runtime/Diagnostics/AqueductMetrics.cs","aa4a686677ab41b25ecdfd445b280b45d2f43fb1"
"Aqueduct.Runtime","src/Aqueduct.Runtime/Grains/SignalRClientGrain.cs","252","true","1-252","761F4FF8CFDD685B5606A8EE1F3AB595138185FE4942C2B588F1A178C63EA032","761F4FF8CFDD685B5606A8EE1F3AB595138185FE4942C2B588F1A178C63EA032","Project source","live_client","Aqueduct-group-failure-aborts-other-members.md; Aqueduct-idle-collection-loses-live-routing.md","Connect, disconnect, state reset, group cleanup ownership, routing, activation and ephemeral state checked.","https://github.com/Gibbs-Morris/mississippi/blob/aa4a686677ab41b25ecdfd445b280b45d2f43fb1/src/Aqueduct.Runtime/Grains/SignalRClientGrain.cs","aa4a686677ab41b25ecdfd445b280b45d2f43fb1"
"Aqueduct.Runtime","src/Aqueduct.Runtime/Grains/SignalRClientGrainLoggerExtensions.cs","99","true","1-99","D85BFD1FB6F4173C14197C5103BBF2ACCB618622DE684C5422142FE4980B97E9","D85BFD1FB6F4173C14197C5103BBF2ACCB618622DE684C5422142FE4980B97E9","Project source","live_client","","Client lifecycle/group/delivery logging parameter mappings checked.","https://github.com/Gibbs-Morris/mississippi/blob/aa4a686677ab41b25ecdfd445b280b45d2f43fb1/src/Aqueduct.Runtime/Grains/SignalRClientGrainLoggerExtensions.cs","aa4a686677ab41b25ecdfd445b280b45d2f43fb1"
"Aqueduct.Runtime","src/Aqueduct.Runtime/Grains/SignalRGroupGrain.cs","177","true","1-177","F822BFE576E5549CE66771D4CA8230D1884F55A532420C3FE3EB810A1892FFF8","F822BFE576E5549CE66771D4CA8230D1884F55A532420C3FE3EB810A1892FFF8","Project source","live_client","Aqueduct-group-failure-aborts-other-members.md; Aqueduct-idle-collection-loses-live-routing.md","AlwaysInterleave membership, immutable broadcast snapshot, empty-group deactivation and sequential client sends checked.","https://github.com/Gibbs-Morris/mississippi/blob/aa4a686677ab41b25ecdfd445b280b45d2f43fb1/src/Aqueduct.Runtime/Grains/SignalRGroupGrain.cs","aa4a686677ab41b25ecdfd445b280b45d2f43fb1"
"Aqueduct.Runtime","src/Aqueduct.Runtime/Grains/SignalRGroupGrainLoggerExtensions.cs","110","true","1-110","DFDE919687B066FCDEB221B3FA85C946C2AE1DE1F215078BCC9DED9A06FF1653","DFDE919687B066FCDEB221B3FA85C946C2AE1DE1F215078BCC9DED9A06FF1653","Project source","live_client","","Group log parameters and counts checked.","https://github.com/Gibbs-Morris/mississippi/blob/aa4a686677ab41b25ecdfd445b280b45d2f43fb1/src/Aqueduct.Runtime/Grains/SignalRGroupGrainLoggerExtensions.cs","aa4a686677ab41b25ecdfd445b280b45d2f43fb1"
"Aqueduct.Runtime","src/Aqueduct.Runtime/Grains/SignalRServerDirectoryGrain.cs","164","true","1-164","55579A61490DD3D0D61958754793D2BDDDDF51F6777E5635409A14AED4FA7E67","55579A61490DD3D0D61958754793D2BDDDDF51F6777E5635409A14AED4FA7E67","Project source","live_client","","Registration, heartbeat, cutoff comparison, immutable directory updates and unregister checked.","https://github.com/Gibbs-Morris/mississippi/blob/aa4a686677ab41b25ecdfd445b280b45d2f43fb1/src/Aqueduct.Runtime/Grains/SignalRServerDirectoryGrain.cs","aa4a686677ab41b25ecdfd445b280b45d2f43fb1"
"Aqueduct.Runtime","src/Aqueduct.Runtime/Grains/SignalRServerDirectoryGrainLoggerExtensions.cs","85","true","1-85","FBBE0E2C78EBA24CEF601948A24B3E2339B4EE8E596FA1E9431038E1A3140AB1","FBBE0E2C78EBA24CEF601948A24B3E2339B4EE8E596FA1E9431038E1A3140AB1","Project source","live_client","","Directory logs and event parameters checked.","https://github.com/Gibbs-Morris/mississippi/blob/aa4a686677ab41b25ecdfd445b280b45d2f43fb1/src/Aqueduct.Runtime/Grains/SignalRServerDirectoryGrainLoggerExtensions.cs","aa4a686677ab41b25ecdfd445b280b45d2f43fb1"
"Aqueduct.Runtime","src/Aqueduct.Runtime/Grains/State/SignalRClientState.cs","44","true","1-44","15FD3AE895CB33D382EB9D48034F41907011ED58F8CA8A16ECF3D9A09756E71D","15FD3AE895CB33D382EB9D48034F41907011ED58F8CA8A16ECF3D9A09756E71D","Project source","live_client","","Client state defaults and serialized IDs checked.","https://github.com/Gibbs-Morris/mississippi/blob/aa4a686677ab41b25ecdfd445b280b45d2f43fb1/src/Aqueduct.Runtime/Grains/State/SignalRClientState.cs","aa4a686677ab41b25ecdfd445b280b45d2f43fb1"
"Aqueduct.Runtime","src/Aqueduct.Runtime/Grains/State/SignalRGroupState.cs","37","true","1-37","DB973A7E41C8DDB8E29C550DD2C9F02A7B58F286B9DA3EAAB473001CE5869192","DB973A7E41C8DDB8E29C550DD2C9F02A7B58F286B9DA3EAAB473001CE5869192","Project source","live_client","","Group state immutable-set default and serialized IDs checked.","https://github.com/Gibbs-Morris/mississippi/blob/aa4a686677ab41b25ecdfd445b280b45d2f43fb1/src/Aqueduct.Runtime/Grains/State/SignalRGroupState.cs","aa4a686677ab41b25ecdfd445b280b45d2f43fb1"
"Aqueduct.Runtime","src/Aqueduct.Runtime/Grains/State/SignalRServerDirectoryState.cs","26","true","1-26","B461286264F41CDE8259310358D44405694FFCFAE92BFE2D1A253A9FDA57D299","B461286264F41CDE8259310358D44405694FFCFAE92BFE2D1A253A9FDA57D299","Project source","live_client","","Directory immutable dictionary default and serializer checked.","https://github.com/Gibbs-Morris/mississippi/blob/aa4a686677ab41b25ecdfd445b280b45d2f43fb1/src/Aqueduct.Runtime/Grains/State/SignalRServerDirectoryState.cs","aa4a686677ab41b25ecdfd445b280b45d2f43fb1"
"Aqueduct.Runtime","src/Aqueduct.Runtime/Grains/State/SignalRServerInfo.cs","32","true","1-32","A91894000E5FE80ED39C25DAB3C65F942DCCC34A6931854A575ACD7EC7591FBB","A91894000E5FE80ED39C25DAB3C65F942DCCC34A6931854A575ACD7EC7591FBB","Project source","live_client","","Server ID, timestamp and count serialization checked.","https://github.com/Gibbs-Morris/mississippi/blob/aa4a686677ab41b25ecdfd445b280b45d2f43fb1/src/Aqueduct.Runtime/Grains/State/SignalRServerInfo.cs","aa4a686677ab41b25ecdfd445b280b45d2f43fb1"
"Brooks.Abstractions","src/Brooks.Abstractions/Attributes/BrookNameAttribute.cs","75","true","1-75","BB0186C0DF54121977C01B713357BA988A16936B80D01C565520654940E00B9C","BB0186C0DF54121977C01B713357BA988A16936B80D01C565520654940E00B9C","Project source","root","","Checked complete storage-name constructors, version/parameter validation, attributes and stable identity formatting; no credible normal-use failure found.","https://github.com/Gibbs-Morris/mississippi/blob/aa4a686677ab41b25ecdfd445b280b45d2f43fb1/src/Brooks.Abstractions/Attributes/BrookNameAttribute.cs","aa4a686677ab41b25ecdfd445b280b45d2f43fb1"
"Brooks.Abstractions","src/Brooks.Abstractions/Attributes/EventStorageNameAttribute.cs","122","true","1-122","35ECFC075F70ECE1C40CF1FE779C7C2E116EB164CD9E1C6B6727CF33DDF434BE","35ECFC075F70ECE1C40CF1FE779C7C2E116EB164CD9E1C6B6727CF33DDF434BE","Project source","root","","Checked complete storage-name constructors, version/parameter validation, attributes and stable identity formatting; no credible normal-use failure found.","https://github.com/Gibbs-Morris/mississippi/blob/aa4a686677ab41b25ecdfd445b280b45d2f43fb1/src/Brooks.Abstractions/Attributes/EventStorageNameAttribute.cs","aa4a686677ab41b25ecdfd445b280b45d2f43fb1"
"Brooks.Abstractions","src/Brooks.Abstractions/Attributes/EventStorageNameHelper.cs","156","true","1-156","D4ACA8752EC3FB4B825D1AEBA8D304BBE3F375047D7383F7713FC9E0AA49882D","D4ACA8752EC3FB4B825D1AEBA8D304BBE3F375047D7383F7713FC9E0AA49882D","Project source","root","","Checked cached and uncached generic event names, Alias/type identities, nested generic argument hashing and absent-attribute behavior. Constructed saga inputs get distinct names; no independent supported collision found.","https://github.com/Gibbs-Morris/mississippi/blob/aa4a686677ab41b25ecdfd445b280b45d2f43fb1/src/Brooks.Abstractions/Attributes/EventStorageNameHelper.cs","aa4a686677ab41b25ecdfd445b280b45d2f43fb1"
"Brooks.Abstractions","src/Brooks.Abstractions/Attributes/SnapshotStorageNameAttribute.cs","107","true","1-107","E1A47478ABB4A25AD6781C40CCCB4F156A8C6746591DD394E517DBF94A2561C4","E1A47478ABB4A25AD6781C40CCCB4F156A8C6746591DD394E517DBF94A2561C4","Project source","root","","Checked complete storage-name constructors, version/parameter validation, attributes and stable identity formatting; no credible normal-use failure found.","https://github.com/Gibbs-Morris/mississippi/blob/aa4a686677ab41b25ecdfd445b280b45d2f43fb1/src/Brooks.Abstractions/Attributes/SnapshotStorageNameAttribute.cs","aa4a686677ab41b25ecdfd445b280b45d2f43fb1"
"Brooks.Abstractions","src/Brooks.Abstractions/Attributes/SnapshotStorageNameHelper.cs","87","true","1-87","B144D2B288CF70634CD175CEA5E61EE7AFC988029C9DD4586BC43543035D5C11","B144D2B288CF70634CD175CEA5E61EE7AFC988029C9DD4586BC43543035D5C11","Project source","root","","Checked cached/uncached snapshot identity lookup and absent attributes; no supported normal-use failure found.","https://github.com/Gibbs-Morris/mississippi/blob/aa4a686677ab41b25ecdfd445b280b45d2f43fb1/src/Brooks.Abstractions/Attributes/SnapshotStorageNameHelper.cs","aa4a686677ab41b25ecdfd445b280b45d2f43fb1"
"Brooks.Abstractions","src/Brooks.Abstractions/BrookAsyncReaderKey.cs","139","true","1-139","566EFE8E2CDBCDE9E863B57D4804A39AF4799D86DE53ACFF4E9B84E924E3A4A5","566EFE8E2CDBCDE9E863B57D4804A39AF4799D86DE53ACFF4E9B84E924E3A4A5","Project source","root","","Checked composite-key separators, component validation, limit, parsing and round-trip formatting; long-key storage compatibility remains a review lead.","https://github.com/Gibbs-Morris/mississippi/blob/aa4a686677ab41b25ecdfd445b280b45d2f43fb1/src/Brooks.Abstractions/BrookAsyncReaderKey.cs","aa4a686677ab41b25ecdfd445b280b45d2f43fb1"
"Brooks.Abstractions","src/Brooks.Abstractions/BrookEvent.cs","66","true","1-66","09198348E9C4536E1BA4981403B24D8F1F7E07D2B370CB58FF62813E3909127C","09198348E9C4536E1BA4981403B24D8F1F7E07D2B370CB58FF62813E3909127C","Project source","root","","Checked full serialized event shape, immutable payload defaults, field IDs and optional time handling; no additional failure found.","https://github.com/Gibbs-Morris/mississippi/blob/aa4a686677ab41b25ecdfd445b280b45d2f43fb1/src/Brooks.Abstractions/BrookEvent.cs","aa4a686677ab41b25ecdfd445b280b45d2f43fb1"
"Brooks.Abstractions","src/Brooks.Abstractions/BrookKey.cs","160","true","1-160","E98EDD483BD92D84617774BB61A65634151E94BB1BF451BF728248A44573EB81","E98EDD483BD92D84617774BB61A65634151E94BB1BF451BF728248A44573EB81","Project source","root","","Checked composite-key separators, component validation, limit, parsing and round-trip formatting; long-key storage compatibility remains a review lead.","https://github.com/Gibbs-Morris/mississippi/blob/aa4a686677ab41b25ecdfd445b280b45d2f43fb1/src/Brooks.Abstractions/BrookKey.cs","aa4a686677ab41b25ecdfd445b280b45d2f43fb1"
"Brooks.Abstractions","src/Brooks.Abstractions/BrookNameHelper.cs","137","true","1-137","7430D69DEB33C606DB1BE89AB05E3AFF7A34F7F7C2BEC2E7E6BDFCF735A65790","7430D69DEB33C606DB1BE89AB05E3AFF7A34F7F7C2BEC2E7E6BDFCF735A65790","Project source","root","","Checked direct/inherited attribute behavior and all public lookup variants; no failure found.","https://github.com/Gibbs-Morris/mississippi/blob/aa4a686677ab41b25ecdfd445b280b45d2f43fb1/src/Brooks.Abstractions/BrookNameHelper.cs","aa4a686677ab41b25ecdfd445b280b45d2f43fb1"
"Brooks.Abstractions","src/Brooks.Abstractions/BrookPosition.cs","118","true","1-118","78D19ACD800D873C587BCE184B6861DE76AD620A54EC13DAE432A17E8352B7B9","78D19ACD800D873C587BCE184B6861DE76AD620A54EC13DAE432A17E8352B7B9","Project source","root","Negative-projection-version-escapes-action.md","Checked unset sentinel, constructor/default distinctions, long conversions and ordering; no supported active failure found.","https://github.com/Gibbs-Morris/mississippi/blob/aa4a686677ab41b25ecdfd445b280b45d2f43fb1/src/Brooks.Abstractions/BrookPosition.cs","aa4a686677ab41b25ecdfd445b280b45d2f43fb1"
"Brooks.Abstractions","src/Brooks.Abstractions/BrookRangeKey.cs","224","true","1-224","33A7E597AD5EE8F288E60B3870E102AA2D45AC381801AFDAB0C00179F702F581","33A7E597AD5EE8F288E60B3870E102AA2D45AC381801AFDAB0C00179F702F581","Project source","root","","Checked range boundaries, inclusive end, count-zero behavior, formatting/parsing, and composite conversion; end-overflow only a lead pending real caller evidence.","https://github.com/Gibbs-Morris/mississippi/blob/aa4a686677ab41b25ecdfd445b280b45d2f43fb1/src/Brooks.Abstractions/BrookRangeKey.cs","aa4a686677ab41b25ecdfd445b280b45d2f43fb1"
"Brooks.Abstractions","src/Brooks.Abstractions/Cursor/IBrookCursorGrain.cs","42","true","1-42","1397176A350C97248279FE17F80FA818773B61725607FF0CE96B6ABC0FA6558A","1397176A350C97248279FE17F80FA818773B61725607FF0CE96B6ABC0FA6558A","Project source","root","","Checked every grain/converter contract, read-only annotations, cancellation, batch/stream semantics and committed-publication retry requirements against runtime use.","https://github.com/Gibbs-Morris/mississippi/blob/aa4a686677ab41b25ecdfd445b280b45d2f43fb1/src/Brooks.Abstractions/Cursor/IBrookCursorGrain.cs","aa4a686677ab41b25ecdfd445b280b45d2f43fb1"
"Brooks.Abstractions","src/Brooks.Abstractions/Factory/IBrookGrainFactory.cs","59","true","1-59","DE4B41AD514480E960A740124643551BABAD8D16A7DF12FA1F93090DBE6AEE97","DE4B41AD514480E960A740124643551BABAD8D16A7DF12FA1F93090DBE6AEE97","Project source","root","","Checked every grain/converter contract, read-only annotations, cancellation, batch/stream semantics and committed-publication retry requirements against runtime use.","https://github.com/Gibbs-Morris/mississippi/blob/aa4a686677ab41b25ecdfd445b280b45d2f43fb1/src/Brooks.Abstractions/Factory/IBrookGrainFactory.cs","aa4a686677ab41b25ecdfd445b280b45d2f43fb1"
"Brooks.Abstractions","src/Brooks.Abstractions/IBrookEventConverter.cs","49","true","1-49","BC080D77F3366560C11F7FCD032C5F6B43E8ED4EA63C3F8E8C9303C670E06F46","BC080D77F3366560C11F7FCD032C5F6B43E8ED4EA63C3F8E8C9303C670E06F46","Project source","root","","Checked every grain/converter contract, read-only annotations, cancellation, batch/stream semantics and committed-publication retry requirements against runtime use.","https://github.com/Gibbs-Morris/mississippi/blob/aa4a686677ab41b25ecdfd445b280b45d2f43fb1/src/Brooks.Abstractions/IBrookEventConverter.cs","aa4a686677ab41b25ecdfd445b280b45d2f43fb1"
"Brooks.Abstractions","src/Brooks.Abstractions/Reader/IBrookAsyncReaderGrain.cs","49","true","1-49","E8E7AD554D531F73AFA7E26CA3DDD1417F451ECB639176E453B979D0AC5D7521","E8E7AD554D531F73AFA7E26CA3DDD1417F451ECB639176E453B979D0AC5D7521","Project source","root","","Checked every grain/converter contract, read-only annotations, cancellation, batch/stream semantics and committed-publication retry requirements against runtime use.","https://github.com/Gibbs-Morris/mississippi/blob/aa4a686677ab41b25ecdfd445b280b45d2f43fb1/src/Brooks.Abstractions/Reader/IBrookAsyncReaderGrain.cs","aa4a686677ab41b25ecdfd445b280b45d2f43fb1"
"Brooks.Abstractions","src/Brooks.Abstractions/Reader/IBrookReaderGrain.cs","51","true","1-51","86B9A056AAE7F0CA90C3AD430293001FA517C584C6259BFA3FA47453F74FC87C","86B9A056AAE7F0CA90C3AD430293001FA517C584C6259BFA3FA47453F74FC87C","Project source","root","","Checked every grain/converter contract, read-only annotations, cancellation, batch/stream semantics and committed-publication retry requirements against runtime use.","https://github.com/Gibbs-Morris/mississippi/blob/aa4a686677ab41b25ecdfd445b280b45d2f43fb1/src/Brooks.Abstractions/Reader/IBrookReaderGrain.cs","aa4a686677ab41b25ecdfd445b280b45d2f43fb1"
"Brooks.Abstractions","src/Brooks.Abstractions/Streaming/BrookCursorMovedEvent.cs","17","true","1-17","C861AC3F5C86CA72605F66ACDC230062F203150F045CEC67979D3AAF9635E35A","C861AC3F5C86CA72605F66ACDC230062F203150F045CEC67979D3AAF9635E35A","Project source","root","","Checked stream provider defaults, identifiers and cursor notification contracts; no independent failure found.","https://github.com/Gibbs-Morris/mississippi/blob/aa4a686677ab41b25ecdfd445b280b45d2f43fb1/src/Brooks.Abstractions/Streaming/BrookCursorMovedEvent.cs","aa4a686677ab41b25ecdfd445b280b45d2f43fb1"
"Brooks.Abstractions","src/Brooks.Abstractions/Streaming/BrookProviderOptions.cs","15","true","1-15","D7BB9F38AF1838550C71A599B05B84EF588599488BFAB125A857F71B91D6080C","D7BB9F38AF1838550C71A599B05B84EF588599488BFAB125A857F71B91D6080C","Project source","root","","Checked stream provider defaults, identifiers and cursor notification contracts; no independent failure found.","https://github.com/Gibbs-Morris/mississippi/blob/aa4a686677ab41b25ecdfd445b280b45d2f43fb1/src/Brooks.Abstractions/Streaming/BrookProviderOptions.cs","aa4a686677ab41b25ecdfd445b280b45d2f43fb1"
"Brooks.Abstractions","src/Brooks.Abstractions/Streaming/BrookStreamingDefaults.cs","12","true","1-12","C7C67ED30FCECE96F14EBBC14C5BAD85DE40C5CEB556DE1E049E5B4B641CA37A","C7C67ED30FCECE96F14EBBC14C5BAD85DE40C5CEB556DE1E049E5B4B641CA37A","Project source","root","","Checked stream provider defaults, identifiers and cursor notification contracts; no independent failure found.","https://github.com/Gibbs-Morris/mississippi/blob/aa4a686677ab41b25ecdfd445b280b45d2f43fb1/src/Brooks.Abstractions/Streaming/BrookStreamingDefaults.cs","aa4a686677ab41b25ecdfd445b280b45d2f43fb1"
"Brooks.Abstractions","src/Brooks.Abstractions/Streaming/IStreamIdFactory.cs","20","true","1-20","968BA96985C6D10E25F3E21400D57328F437A23B234D89A2C16A29C272B09C33","968BA96985C6D10E25F3E21400D57328F437A23B234D89A2C16A29C272B09C33","Project source","root","Writer-ignores-custom-stream-id-factory.md","Checked stream provider defaults, identifiers and cursor notification contracts; no independent failure found.","https://github.com/Gibbs-Morris/mississippi/blob/aa4a686677ab41b25ecdfd445b280b45d2f43fb1/src/Brooks.Abstractions/Streaming/IStreamIdFactory.cs","aa4a686677ab41b25ecdfd445b280b45d2f43fb1"
"Brooks.Abstractions","src/Brooks.Abstractions/Writer/BrookCursorPublicationException.cs","73","true","1-73","3746446DD6533953D5D2AEC4F67EF885AB6BC09D249AF866223FF02520B84C3F","3746446DD6533953D5D2AEC4F67EF885AB6BC09D249AF866223FF02520B84C3F","Project source","root","Aggregate-cache-after-committed-publication-failure.md","Checked committed-position validation, exception constructors and serialized field ID against publication callers; no independent failure found.","https://github.com/Gibbs-Morris/mississippi/blob/aa4a686677ab41b25ecdfd445b280b45d2f43fb1/src/Brooks.Abstractions/Writer/BrookCursorPublicationException.cs","aa4a686677ab41b25ecdfd445b280b45d2f43fb1"
"Brooks.Abstractions","src/Brooks.Abstractions/Writer/IBrookWriterGrain.cs","51","true","1-51","8BBE5BEABADEA964223F2D6ED46DD31B8093690FBE9714792C07B2EF0B14DC5B","8BBE5BEABADEA964223F2D6ED46DD31B8093690FBE9714792C07B2EF0B14DC5B","Project source","root","","Checked every grain/converter contract, read-only annotations, cancellation, batch/stream semantics and committed-publication retry requirements against runtime use.","https://github.com/Gibbs-Morris/mississippi/blob/aa4a686677ab41b25ecdfd445b280b45d2f43fb1/src/Brooks.Abstractions/Writer/IBrookWriterGrain.cs","aa4a686677ab41b25ecdfd445b280b45d2f43fb1"
"Brooks.Runtime","src/Brooks.Runtime/BrooksRuntimeOrleansStreamNames.cs","13","true","1-13","02A32BE125225F1F0EFADD95AD97CB6D09201EE2D4EE32B740455149720BA134","02A32BE125225F1F0EFADD95AD97CB6D09201EE2D4EE32B740455149720BA134","Project source","root","","Checked complete stream namespace constant and default ID construction against cursor/writer use.","https://github.com/Gibbs-Morris/mississippi/blob/aa4a686677ab41b25ecdfd445b280b45d2f43fb1/src/Brooks.Runtime/BrooksRuntimeOrleansStreamNames.cs","aa4a686677ab41b25ecdfd445b280b45d2f43fb1"
"Brooks.Runtime","src/Brooks.Runtime/BrooksRuntimeRegistrations.cs","71","true","1-71","D6A93710583DE80D82EAFFEFC246C59DD1213C9FA3AA7AABE0286238D6296B62","D6A93710583DE80D82EAFFEFC246C59DD1213C9FA3AA7AABE0286238D6296B62","Project source","root","Writer-ignores-custom-stream-id-factory.md","Checked replacement/aliasing of factories, option composition and custom stream factory registration; writer/factory extension mismatch is a candidate for corroboration.","https://github.com/Gibbs-Morris/mississippi/blob/aa4a686677ab41b25ecdfd445b280b45d2f43fb1/src/Brooks.Runtime/BrooksRuntimeRegistrations.cs","aa4a686677ab41b25ecdfd445b280b45d2f43fb1"
"Brooks.Runtime","src/Brooks.Runtime/Cursor/BrookCursorGrain.cs","185","true","1-185","716915BD6801923D774F823DC8315C95A49A58C030E30930A4B4D357633733EA","716915BD6801923D774F823DC8315C95A49A58C030E30930A4B4D357633733EA","Project source","root","Projection-cursor-durable-subscriptions-accumulate.md; Projection-cursor-read-subscribe-gap.md; Writer-ignores-custom-stream-id-factory.md","Checked activation/read-subscribe gap, cached/confirmed position, stream ordering and error lifecycle; supports pending activation race and explicit handle leads.","https://github.com/Gibbs-Morris/mississippi/blob/aa4a686677ab41b25ecdfd445b280b45d2f43fb1/src/Brooks.Runtime/Cursor/BrookCursorGrain.cs","aa4a686677ab41b25ecdfd445b280b45d2f43fb1"
"Brooks.Runtime","src/Brooks.Runtime/Cursor/BrookCursorGrainLoggerExtensions.cs","25","true","1-25","339DE37BE27C3F9699F8FE6625F667DD260E69C5058AEB5449EFB3EB96730FCB","339DE37BE27C3F9699F8FE6625F667DD260E69C5058AEB5449EFB3EB96730FCB","Project source","root","","Checked each source-generated log signature and placeholder, event/level, exception placement, time/count units and corresponding runtime caller; no new credible technical failure found.","https://github.com/Gibbs-Morris/mississippi/blob/aa4a686677ab41b25ecdfd445b280b45d2f43fb1/src/Brooks.Runtime/Cursor/BrookCursorGrainLoggerExtensions.cs","aa4a686677ab41b25ecdfd445b280b45d2f43fb1"
"Brooks.Runtime","src/Brooks.Runtime/Diagnostics/BrookMetrics.cs","167","true","1-167","C0020641D6A455E6796BF65C366DA9FB9F3888364A3DB32F359B1DCBA75D78ED","C0020641D6A455E6796BF65C366DA9FB9F3888364A3DB32F359B1DCBA75D78ED","Project source","root","","Checked all read/write/cursor/fan-out/error instruments, units, tags and zero-event exits; no credible runtime failure found.","https://github.com/Gibbs-Morris/mississippi/blob/aa4a686677ab41b25ecdfd445b280b45d2f43fb1/src/Brooks.Runtime/Diagnostics/BrookMetrics.cs","aa4a686677ab41b25ecdfd445b280b45d2f43fb1"
"Brooks.Runtime","src/Brooks.Runtime/Factory/BrookGrainFactory.cs","141","true","1-141","74F590ACCCF34BFABBAA2EAB644219C5A8171B551256D9291BEC5A2FB9BE9C88","74F590ACCCF34BFABBAA2EAB644219C5A8171B551256D9291BEC5A2FB9BE9C88","Project source","root","","Checked all public/internal grain resolutions, null guards, unique async reader keys and consistent slice key routing; no new independent failure found.","https://github.com/Gibbs-Morris/mississippi/blob/aa4a686677ab41b25ecdfd445b280b45d2f43fb1/src/Brooks.Runtime/Factory/BrookGrainFactory.cs","aa4a686677ab41b25ecdfd445b280b45d2f43fb1"
"Brooks.Runtime","src/Brooks.Runtime/Factory/IInternalBrookGrainFactory.cs","26","true","1-26","9166023B112C398E60A0A275678C3188EA4F5525D00213C4332EAA9B9F63B77A","9166023B112C398E60A0A275678C3188EA4F5525D00213C4332EAA9B9F63B77A","Project source","root","","Checked all public/internal grain resolutions, null guards, unique async reader keys and consistent slice key routing; no new independent failure found.","https://github.com/Gibbs-Morris/mississippi/blob/aa4a686677ab41b25ecdfd445b280b45d2f43fb1/src/Brooks.Runtime/Factory/IInternalBrookGrainFactory.cs","aa4a686677ab41b25ecdfd445b280b45d2f43fb1"
"Brooks.Runtime","src/Brooks.Runtime/Reader/BrookAsyncReaderGrain.cs","163","true","1-163","E65EAD02000D697CAA8625B86A8ABD1DD8CC8A434DD612EB8E173EF1CCD96B59","E65EAD02000D697CAA8625B86A8ABD1DD8CC8A434DD612EB8E173EF1CCD96B59","Project source","root","","Checked stream reader single-use parsing, empty/range exit, slice boundaries, iterator cancellation and deferred idle cleanup; no supported new failure found.","https://github.com/Gibbs-Morris/mississippi/blob/aa4a686677ab41b25ecdfd445b280b45d2f43fb1/src/Brooks.Runtime/Reader/BrookAsyncReaderGrain.cs","aa4a686677ab41b25ecdfd445b280b45d2f43fb1"
"Brooks.Runtime","src/Brooks.Runtime/Reader/BrookReaderGrain.cs","194","true","1-194","27BAF47F64AD0467F7743AB99D2883EB146FA59A48324DA7640BD904BE9850B6","27BAF47F64AD0467F7743AB99D2883EB146FA59A48324DA7640BD904BE9850B6","Project source","root","Slice-reader-keeps-an-incomplete-initial-cache.md","Checked inclusive slice calculations, explicit read limits, empty-stream behavior, parallel fan-out and ordered concatenation; no new supported failure found.","https://github.com/Gibbs-Morris/mississippi/blob/aa4a686677ab41b25ecdfd445b280b45d2f43fb1/src/Brooks.Runtime/Reader/BrookReaderGrain.cs","aa4a686677ab41b25ecdfd445b280b45d2f43fb1"
"Brooks.Runtime","src/Brooks.Runtime/Reader/BrookReaderGrainLoggerExtensions.cs","86","true","1-86","221BA0C3C5BE0CEE8202F7E7DF13EA5A62FC12B9F8541191CF2039A6075C93DD","221BA0C3C5BE0CEE8202F7E7DF13EA5A62FC12B9F8541191CF2039A6075C93DD","Project source","root","","Checked each source-generated log signature and placeholder, event/level, exception placement, time/count units and corresponding runtime caller; no new credible technical failure found.","https://github.com/Gibbs-Morris/mississippi/blob/aa4a686677ab41b25ecdfd445b280b45d2f43fb1/src/Brooks.Runtime/Reader/BrookReaderGrainLoggerExtensions.cs","aa4a686677ab41b25ecdfd445b280b45d2f43fb1"
"Brooks.Runtime","src/Brooks.Runtime/Reader/BrookReaderOptions.cs","15","true","1-15","89E42DBB72536133AD9B94D54D57DE474B5E5BA55353A749FA38E0D3D3927C1E","89E42DBB72536133AD9B94D54D57DE474B5E5BA55353A749FA38E0D3D3927C1E","Project source","root","","Checked slice reader options and complete internal read/deactivation contract; no independent failure found.","https://github.com/Gibbs-Morris/mississippi/blob/aa4a686677ab41b25ecdfd445b280b45d2f43fb1/src/Brooks.Runtime/Reader/BrookReaderOptions.cs","aa4a686677ab41b25ecdfd445b280b45d2f43fb1"
"Brooks.Runtime","src/Brooks.Runtime/Reader/BrookSliceReaderGrain.cs","169","true","1-169","14577E51905F57D5970489716B4AB4D1D57F2226005FC52D4C282FEFC49FAE71","14577E51905F57D5970489716B4AB4D1D57F2226005FC52D4C282FEFC49FAE71","Project source","root","Slice-reader-keeps-an-incomplete-initial-cache.md","Checked activation-only cache loading, derived positions, out-of-cache errors and retry lifecycle; incomplete initial cache can remain unusable after events become available (candidate pending verification).","https://github.com/Gibbs-Morris/mississippi/blob/aa4a686677ab41b25ecdfd445b280b45d2f43fb1/src/Brooks.Runtime/Reader/BrookSliceReaderGrain.cs","aa4a686677ab41b25ecdfd445b280b45d2f43fb1"
"Brooks.Runtime","src/Brooks.Runtime/Reader/BrookSliceReaderGrainLoggerExtensions.cs","42","true","1-42","B19E63EAC0B8A6682511418B625DA1C61D629647D07E22C1C51A7CBBC34AEEEE","B19E63EAC0B8A6682511418B625DA1C61D629647D07E22C1C51A7CBBC34AEEEE","Project source","root","","Checked each source-generated log signature and placeholder, event/level, exception placement, time/count units and corresponding runtime caller; no new credible technical failure found.","https://github.com/Gibbs-Morris/mississippi/blob/aa4a686677ab41b25ecdfd445b280b45d2f43fb1/src/Brooks.Runtime/Reader/BrookSliceReaderGrainLoggerExtensions.cs","aa4a686677ab41b25ecdfd445b280b45d2f43fb1"
"Brooks.Runtime","src/Brooks.Runtime/Reader/IBrookSliceReaderGrain.cs","60","true","1-60","8822C597CC488A5D49075C00D90173AB126926C6B36EE4C4D8E1889126D1FF18","8822C597CC488A5D49075C00D90173AB126926C6B36EE4C4D8E1889126D1FF18","Project source","root","","Checked activation-only cache loading, derived positions, out-of-cache errors and retry lifecycle; incomplete initial cache can remain unusable after events become available (candidate pending verification).","https://github.com/Gibbs-Morris/mississippi/blob/aa4a686677ab41b25ecdfd445b280b45d2f43fb1/src/Brooks.Runtime/Reader/IBrookSliceReaderGrain.cs","aa4a686677ab41b25ecdfd445b280b45d2f43fb1"
"Brooks.Runtime","src/Brooks.Runtime/StreamIdFactory.cs","25","true","1-25","9E3CEB27A791EB5025915A6C9DCB302A70EE075EC49088AA09296654C8D7A236","9E3CEB27A791EB5025915A6C9DCB302A70EE075EC49088AA09296654C8D7A236","Project source","root","Projection-cursor-read-subscribe-gap.md; Writer-ignores-custom-stream-id-factory.md","Checked complete stream namespace constant and default ID construction against cursor/writer use.","https://github.com/Gibbs-Morris/mississippi/blob/aa4a686677ab41b25ecdfd445b280b45d2f43fb1/src/Brooks.Runtime/StreamIdFactory.cs","aa4a686677ab41b25ecdfd445b280b45d2f43fb1"
"Brooks.Runtime","src/Brooks.Runtime/Writer/BrookWriterGrain.cs","159","true","1-159","F004A855D70439B6E13C7E7EE0ED117EF5476DBD37C61249FA6813F0DAC85B3D","F004A855D70439B6E13C7E7EE0ED117EF5476DBD37C61249FA6813F0DAC85B3D","Project source","root","Aggregate-cache-after-committed-publication-failure.md; Projection-cursor-read-subscribe-gap.md; Writer-ignores-custom-stream-id-factory.md","Checked durable append then publication, unambiguous publication exception, no cancellation after commit, negative position rejection and stream ID; no separate failure found.","https://github.com/Gibbs-Morris/mississippi/blob/aa4a686677ab41b25ecdfd445b280b45d2f43fb1/src/Brooks.Runtime/Writer/BrookWriterGrain.cs","aa4a686677ab41b25ecdfd445b280b45d2f43fb1"
"Brooks.Runtime","src/Brooks.Runtime/Writer/BrookWriterGrainLoggerExtensions.cs","171","true","1-171","9AA485A63EC3121BBF7C8FC4A40E4AF4EA01514B41C90C225E5199DEC020A587","9AA485A63EC3121BBF7C8FC4A40E4AF4EA01514B41C90C225E5199DEC020A587","Project source","root","","Checked each source-generated log signature and placeholder, event/level, exception placement, time/count units and corresponding runtime caller; no new credible technical failure found.","https://github.com/Gibbs-Morris/mississippi/blob/aa4a686677ab41b25ecdfd445b280b45d2f43fb1/src/Brooks.Runtime/Writer/BrookWriterGrainLoggerExtensions.cs","aa4a686677ab41b25ecdfd445b280b45d2f43fb1"
"Brooks.Runtime.Storage.Abstractions","src/Brooks.Runtime.Storage.Abstractions/BrookStorageBuilderDiagnosticCodes.cs","47","true","1-47","F8D17FE5D0DC5D2B5CD856F6BBC58BD748E16996FD24B95067520037A054588C","F8D17FE5D0DC5D2B5CD856F6BBC58BD748E16996FD24B95067520037A054588C","Project source","root","","Checked stable diagnostic identifiers used by validation and registration; no failure found.","https://github.com/Gibbs-Morris/mississippi/blob/aa4a686677ab41b25ecdfd445b280b45d2f43fb1/src/Brooks.Runtime.Storage.Abstractions/BrookStorageBuilderDiagnosticCodes.cs","aa4a686677ab41b25ecdfd445b280b45d2f43fb1"
"Brooks.Runtime.Storage.Abstractions","src/Brooks.Runtime.Storage.Abstractions/IBrookStorageProvider.cs","26","true","1-26","DCDBB82DD21ED87FB3C617046C80D81D9891C2849CEDA3D383EAD5D0D5F1299E","DCDBB82DD21ED87FB3C617046C80D81D9891C2849CEDA3D383EAD5D0D5F1299E","Project source","root","","Checked full reader/writer/provider API, expected position semantics and cancellation contracts against implementation.","https://github.com/Gibbs-Morris/mississippi/blob/aa4a686677ab41b25ecdfd445b280b45d2f43fb1/src/Brooks.Runtime.Storage.Abstractions/IBrookStorageProvider.cs","aa4a686677ab41b25ecdfd445b280b45d2f43fb1"
"Brooks.Runtime.Storage.Abstractions","src/Brooks.Runtime.Storage.Abstractions/IBrookStorageReader.cs","36","true","1-36","44114D4DCADF5F73E8BF295A25337482379A69B02EF593D7DBA6C82A146C3082","44114D4DCADF5F73E8BF295A25337482379A69B02EF593D7DBA6C82A146C3082","Project source","root","","Checked full reader/writer/provider API, expected position semantics and cancellation contracts against implementation.","https://github.com/Gibbs-Morris/mississippi/blob/aa4a686677ab41b25ecdfd445b280b45d2f43fb1/src/Brooks.Runtime.Storage.Abstractions/IBrookStorageReader.cs","aa4a686677ab41b25ecdfd445b280b45d2f43fb1"
"Brooks.Runtime.Storage.Abstractions","src/Brooks.Runtime.Storage.Abstractions/IBrookStorageWriter.cs","29","true","1-29","58071F87FE2784758B1B7EA654AC3C0EC95822449832013358E613754FDA9A25","58071F87FE2784758B1B7EA654AC3C0EC95822449832013358E613754FDA9A25","Project source","root","","Checked full reader/writer/provider API, expected position semantics and cancellation contracts against implementation.","https://github.com/Gibbs-Morris/mississippi/blob/aa4a686677ab41b25ecdfd445b280b45d2f43fb1/src/Brooks.Runtime.Storage.Abstractions/IBrookStorageWriter.cs","aa4a686677ab41b25ecdfd445b280b45d2f43fb1"
"Brooks.Runtime.Storage.Cosmos","src/Brooks.Runtime.Storage.Cosmos/Batching/BatchSizeEstimator.cs","178","true","1-178","E82A3A8755A14E05C9A4939CC80B390114975A0BF363DF73948E9833B59BC4E8","E82A3A8755A14E05C9A4939CC80B390114975A0BF363DF73948E9833B59BC4E8","Project source","root","","Checked serialized and fallback size estimation, per-event limit, count/size batch boundaries and emitted batches; no additional credible normal-use bug recorded.","https://github.com/Gibbs-Morris/mississippi/blob/aa4a686677ab41b25ecdfd445b280b45d2f43fb1/src/Brooks.Runtime.Storage.Cosmos/Batching/BatchSizeEstimator.cs","aa4a686677ab41b25ecdfd445b280b45d2f43fb1"
"Brooks.Runtime.Storage.Cosmos","src/Brooks.Runtime.Storage.Cosmos/Batching/IBatchSizeEstimator.cs","43","true","1-43","109BD5E5BA683B67AA6E8D2B712C3D5C53C89C22932EA0C10E0C56A5805EA4EF","109BD5E5BA683B67AA6E8D2B712C3D5C53C89C22932EA0C10E0C56A5805EA4EF","Project source","root","","Checked event and batch estimation contract against size-limited implementation; no separate failure found.","https://github.com/Gibbs-Morris/mississippi/blob/aa4a686677ab41b25ecdfd445b280b45d2f43fb1/src/Brooks.Runtime.Storage.Cosmos/Batching/IBatchSizeEstimator.cs","aa4a686677ab41b25ecdfd445b280b45d2f43fb1"
"Brooks.Runtime.Storage.Cosmos","src/Brooks.Runtime.Storage.Cosmos/BrookCosmosDefaults.cs","37","true","1-37","F1F10D45231820CE63BDBE670443B9C3FF51B563B96F211E932C2CCFE1E7ADC8","F1F10D45231820CE63BDBE670443B9C3FF51B563B96F211E932C2CCFE1E7ADC8","Project source","root","","Checked Cosmos and Blob default identifiers and keyed-service consistency; no failure found.","https://github.com/Gibbs-Morris/mississippi/blob/aa4a686677ab41b25ecdfd445b280b45d2f43fb1/src/Brooks.Runtime.Storage.Cosmos/BrookCosmosDefaults.cs","aa4a686677ab41b25ecdfd445b280b45d2f43fb1"
"Brooks.Runtime.Storage.Cosmos","src/Brooks.Runtime.Storage.Cosmos/Brooks/BrookRecoveryService.cs","211","true","1-211","B4382387001066F20FF8A6EE71A3F63A0B3D82B6B15D2974C7BBE835712D751D","B4382387001066F20FF8A6EE71A3F63A0B3D82B6B15D2974C7BBE835712D751D","Project source","root","Reader-recovery-can-delete-an-active-first-write.md; Recovery-skips-pending-writes-after-first-commit.md; Rollback-removes-pending-record-before-checking-deletions.md","Checked existing and absent cursor branches, pending record lookup, lock identity, completion detection and orphan rollback.","https://github.com/Gibbs-Morris/mississippi/blob/aa4a686677ab41b25ecdfd445b280b45d2f43fb1/src/Brooks.Runtime.Storage.Cosmos/Brooks/BrookRecoveryService.cs","aa4a686677ab41b25ecdfd445b280b45d2f43fb1"
"Brooks.Runtime.Storage.Cosmos","src/Brooks.Runtime.Storage.Cosmos/Brooks/BrookRecoveryServiceLoggerExtensions.cs","208","true","1-208","52B5E01529FE5EE0E1225F35F8CA83FA22FBF14E816CE72EFD4C3A10A022335F","52B5E01529FE5EE0E1225F35F8CA83FA22FBF14E816CE72EFD4C3A10A022335F","Project source","root","","Checked generated logging signatures, message parameters, exception parameters and caller-facing event meanings; no technical failure found.","https://github.com/Gibbs-Morris/mississippi/blob/aa4a686677ab41b25ecdfd445b280b45d2f43fb1/src/Brooks.Runtime.Storage.Cosmos/Brooks/BrookRecoveryServiceLoggerExtensions.cs","aa4a686677ab41b25ecdfd445b280b45d2f43fb1"
"Brooks.Runtime.Storage.Cosmos","src/Brooks.Runtime.Storage.Cosmos/Brooks/EventBrookReader.cs","80","true","1-80","5FE54A4480C55BBC17D92B73E79A8FD998088B174E983EE4EA4C78A0F2D6546B","5FE54A4480C55BBC17D92B73E79A8FD998088B174E983EE4EA4C78A0F2D6546B","Project source","root","","Checked storage enumeration, cancellation forwarding and event mapping; no separate concern beyond referenced storage paths.","https://github.com/Gibbs-Morris/mississippi/blob/aa4a686677ab41b25ecdfd445b280b45d2f43fb1/src/Brooks.Runtime.Storage.Cosmos/Brooks/EventBrookReader.cs","aa4a686677ab41b25ecdfd445b280b45d2f43fb1"
"Brooks.Runtime.Storage.Cosmos","src/Brooks.Runtime.Storage.Cosmos/Brooks/EventBrookReaderLoggerExtensions.cs","57","true","1-57","B64839723F7E93A294799918594E326E9DF44719DA8C7106B7F80EE526E8BDB8","B64839723F7E93A294799918594E326E9DF44719DA8C7106B7F80EE526E8BDB8","Project source","root","","Checked generated logging signatures, message parameters, exception parameters and caller-facing event meanings; no technical failure found.","https://github.com/Gibbs-Morris/mississippi/blob/aa4a686677ab41b25ecdfd445b280b45d2f43fb1/src/Brooks.Runtime.Storage.Cosmos/Brooks/EventBrookReaderLoggerExtensions.cs","aa4a686677ab41b25ecdfd445b280b45d2f43fb1"
"Brooks.Runtime.Storage.Cosmos","src/Brooks.Runtime.Storage.Cosmos/Brooks/EventBrookWriter.cs","426","true","1-426","0F88DCEA19CB2EE3358C6E2ADDEF5F854A9E1C9B438CF137BD852BA608A95934","0F88DCEA19CB2EE3358C6E2ADDEF5F854A9E1C9B438CF137BD852BA608A95934","Project source","root","Concurrent-first-writers-clash-creating-lock-blob.md; Event-write-can-outlast-its-blob-lease.md; Partial-batch-write-is-outside-rollback-range.md; Reader-recovery-can-delete-an-active-first-write.md; Recovery-skips-pending-writes-after-first-commit.md; Retrying-event-create-after-lost-reply-reports-failure.md; Rollback-removes-pending-record-before-checking-deletions.md","Checked validation, lock acquisition, expected version, overflow guard, single/large batching, lease renewal, partial writes, commit failures and cleanup.","https://github.com/Gibbs-Morris/mississippi/blob/aa4a686677ab41b25ecdfd445b280b45d2f43fb1/src/Brooks.Runtime.Storage.Cosmos/Brooks/EventBrookWriter.cs","aa4a686677ab41b25ecdfd445b280b45d2f43fb1"
"Brooks.Runtime.Storage.Cosmos","src/Brooks.Runtime.Storage.Cosmos/Brooks/EventBrookWriterLoggerExtensions.cs","33","true","1-33","9716BE93620A703E8D55ADEDB1127D6BB73901976E8AAD4C5A990409E2F54FF3","9716BE93620A703E8D55ADEDB1127D6BB73901976E8AAD4C5A990409E2F54FF3","Project source","root","","Checked generated logging signatures, message parameters, exception parameters and caller-facing event meanings; no technical failure found.","https://github.com/Gibbs-Morris/mississippi/blob/aa4a686677ab41b25ecdfd445b280b45d2f43fb1/src/Brooks.Runtime.Storage.Cosmos/Brooks/EventBrookWriterLoggerExtensions.cs","aa4a686677ab41b25ecdfd445b280b45d2f43fb1"
"Brooks.Runtime.Storage.Cosmos","src/Brooks.Runtime.Storage.Cosmos/BrookStorageOptions.cs","64","true","1-64","F248F69F20BA51E8C04DDE83DEB804A4E89F93F434E8FCDFF552932EEF6B4D0E","F248F69F20BA51E8C04DDE83DEB804A4E89F93F434E8FCDFF552932EEF6B4D0E","Project source","root","Event-write-can-outlast-its-blob-lease.md","Checked defaults and documented valid bounds for leases, batch size, request size, query count and keyed clients.","https://github.com/Gibbs-Morris/mississippi/blob/aa4a686677ab41b25ecdfd445b280b45d2f43fb1/src/Brooks.Runtime.Storage.Cosmos/BrookStorageOptions.cs","aa4a686677ab41b25ecdfd445b280b45d2f43fb1"
"Brooks.Runtime.Storage.Cosmos","src/Brooks.Runtime.Storage.Cosmos/BrookStorageOptionsValidation.cs","118","true","1-118","24ABFBB218833F584F7BC2DF3B641F52E27682D4F11A4D546E54F04588905130","24ABFBB218833F584F7BC2DF3B641F52E27682D4F11A4D546E54F04588905130","Project source","root","","Checked required service keys, query paging, finite lease limits, renewal threshold and batch-size validation; no separate credible failure found.","https://github.com/Gibbs-Morris/mississippi/blob/aa4a686677ab41b25ecdfd445b280b45d2f43fb1/src/Brooks.Runtime.Storage.Cosmos/BrookStorageOptionsValidation.cs","aa4a686677ab41b25ecdfd445b280b45d2f43fb1"
"Brooks.Runtime.Storage.Cosmos","src/Brooks.Runtime.Storage.Cosmos/BrookStorageOptionsValidator.cs","70","true","1-70","DD7A0090CAB4CE19CFDCCAED6E8BCAC7D8D079C44ADCAF12E6E2B2125F9EB531","DD7A0090CAB4CE19CFDCCAED6E8BCAC7D8D079C44ADCAF12E6E2B2125F9EB531","Project source","root","","Checked structural diagnostics plus final keyed Cosmos/Blob service checks; no separate credible failure found.","https://github.com/Gibbs-Morris/mississippi/blob/aa4a686677ab41b25ecdfd445b280b45d2f43fb1/src/Brooks.Runtime.Storage.Cosmos/BrookStorageOptionsValidator.cs","aa4a686677ab41b25ecdfd445b280b45d2f43fb1"
"Brooks.Runtime.Storage.Cosmos","src/Brooks.Runtime.Storage.Cosmos/BrookStorageProvider.cs","106","true","1-106","97EB8BC286FE45E8F4A12AD5B21554A0C33D42FDB9B22CF48864AF821BFEA7AA","97EB8BC286FE45E8F4A12AD5B21554A0C33D42FDB9B22CF48864AF821BFEA7AA","Project source","root","Reader-recovery-can-delete-an-active-first-write.md; Recovery-skips-pending-writes-after-first-commit.md","Checked public storage entry points, empty append rejection, cursor recovery delegation and event read forwarding.","https://github.com/Gibbs-Morris/mississippi/blob/aa4a686677ab41b25ecdfd445b280b45d2f43fb1/src/Brooks.Runtime.Storage.Cosmos/BrookStorageProvider.cs","aa4a686677ab41b25ecdfd445b280b45d2f43fb1"
"Brooks.Runtime.Storage.Cosmos","src/Brooks.Runtime.Storage.Cosmos/BrookStorageProviderRegistrations.cs","308","true","1-308","C106CB9C2C4755C07AE4CE016F90189ED825F2FC480F1A7FAE4E161CB0C5B12D","C106CB9C2C4755C07AE4CE016F90189ED825F2FC480F1A7FAE4E161CB0C5B12D","Project source","root","","Checked every overload, deferred callback rollback, keyed service ownership, copied options, container startup and existing partition validation; no separate credible failure found.","https://github.com/Gibbs-Morris/mississippi/blob/aa4a686677ab41b25ecdfd445b280b45d2f43fb1/src/Brooks.Runtime.Storage.Cosmos/BrookStorageProviderRegistrations.cs","aa4a686677ab41b25ecdfd445b280b45d2f43fb1"
"Brooks.Runtime.Storage.Cosmos","src/Brooks.Runtime.Storage.Cosmos/CosmosBrookStorageBuilder.cs","214","true","1-214","A02737E9A9EC9B17743FE6A2C340833576B1D67BAC16950CB1147A2598C530E8","A02737E9A9EC9B17743FE6A2C340833576B1D67BAC16950CB1147A2598C530E8","Project source","root","","Checked scope closure, validation, configuration binding, copy of every option, and provider application; no separate credible failure found.","https://github.com/Gibbs-Morris/mississippi/blob/aa4a686677ab41b25ecdfd445b280b45d2f43fb1/src/Brooks.Runtime.Storage.Cosmos/CosmosBrookStorageBuilder.cs","aa4a686677ab41b25ecdfd445b280b45d2f43fb1"
"Brooks.Runtime.Storage.Cosmos","src/Brooks.Runtime.Storage.Cosmos/IBrookRecoveryService.cs","24","true","1-24","1B0249161774EFEA06CCD9E73A6D20EFC3AD2805B20D52B4751093B1EE5417E7","1B0249161774EFEA06CCD9E73A6D20EFC3AD2805B20D52B4751093B1EE5417E7","Project source","root","","Read cursor recovery contract and cancellation signature.","https://github.com/Gibbs-Morris/mississippi/blob/aa4a686677ab41b25ecdfd445b280b45d2f43fb1/src/Brooks.Runtime.Storage.Cosmos/IBrookRecoveryService.cs","aa4a686677ab41b25ecdfd445b280b45d2f43fb1"
"Brooks.Runtime.Storage.Cosmos","src/Brooks.Runtime.Storage.Cosmos/ICosmosRepository.cs","164","true","1-164","64D643BA9C3464D280413D4F772268C58B8DC5D37C9F6ABAD6BE3C969183B000","64D643BA9C3464D280413D4F772268C58B8DC5D37C9F6ABAD6BE3C969183B000","Project source","root","","Read every low-level contract and compared pending/commit/batch descriptions with implementations.","https://github.com/Gibbs-Morris/mississippi/blob/aa4a686677ab41b25ecdfd445b280b45d2f43fb1/src/Brooks.Runtime.Storage.Cosmos/ICosmosRepository.cs","aa4a686677ab41b25ecdfd445b280b45d2f43fb1"
"Brooks.Runtime.Storage.Cosmos","src/Brooks.Runtime.Storage.Cosmos/IEventBrookReader.cs","24","true","1-24","F48F042B2490CFC9D6FAB3391858D3958FE118042AB1EA277F260BC54344742F","F48F042B2490CFC9D6FAB3391858D3958FE118042AB1EA277F260BC54344742F","Project source","root","","Checked full reader/writer/provider API, expected position semantics and cancellation contracts against implementation.","https://github.com/Gibbs-Morris/mississippi/blob/aa4a686677ab41b25ecdfd445b280b45d2f43fb1/src/Brooks.Runtime.Storage.Cosmos/IEventBrookReader.cs","aa4a686677ab41b25ecdfd445b280b45d2f43fb1"
"Brooks.Runtime.Storage.Cosmos","src/Brooks.Runtime.Storage.Cosmos/IEventBrookWriter.cs","29","true","1-29","9493845A68861FC90E4603CEA6396597AE90E1E80D267A09025186E3578E807B","9493845A68861FC90E4603CEA6396597AE90E1E80D267A09025186E3578E807B","Project source","root","","Read append contract, expected version and cancellation parameters.","https://github.com/Gibbs-Morris/mississippi/blob/aa4a686677ab41b25ecdfd445b280b45d2f43fb1/src/Brooks.Runtime.Storage.Cosmos/IEventBrookWriter.cs","aa4a686677ab41b25ecdfd445b280b45d2f43fb1"
"Brooks.Runtime.Storage.Cosmos","src/Brooks.Runtime.Storage.Cosmos/Locking/BlobDistributedLock.cs","145","true","1-145","523C7D4C68A5DEDE0710A24532625647CE2F01A178CB5D903848259766D9FEC9","523C7D4C68A5DEDE0710A24532625647CE2F01A178CB5D903848259766D9FEC9","Project source","root","Event-write-can-outlast-its-blob-lease.md","Checked renewal thresholds, expiry awareness, exception conversion, release, metrics and disposal; referenced write lease lifetime concern.","https://github.com/Gibbs-Morris/mississippi/blob/aa4a686677ab41b25ecdfd445b280b45d2f43fb1/src/Brooks.Runtime.Storage.Cosmos/Locking/BlobDistributedLock.cs","aa4a686677ab41b25ecdfd445b280b45d2f43fb1"
"Brooks.Runtime.Storage.Cosmos","src/Brooks.Runtime.Storage.Cosmos/Locking/BlobDistributedLockManager.cs","126","true","1-126","BDD081D7295F715EC6F13F622DEE37171374866642E18AC7DEB67810FD62DA70","BDD081D7295F715EC6F13F622DEE37171374866642E18AC7DEB67810FD62DA70","Project source","root","Concurrent-first-writers-clash-creating-lock-blob.md; Reader-recovery-can-delete-an-active-first-write.md","Checked container/blob setup, first-write race, bounded lease conflicts, lease construction and metrics.","https://github.com/Gibbs-Morris/mississippi/blob/aa4a686677ab41b25ecdfd445b280b45d2f43fb1/src/Brooks.Runtime.Storage.Cosmos/Locking/BlobDistributedLockManager.cs","aa4a686677ab41b25ecdfd445b280b45d2f43fb1"
"Brooks.Runtime.Storage.Cosmos","src/Brooks.Runtime.Storage.Cosmos/Locking/BlobDistributedLockManagerLoggerExtensions.cs","89","true","1-89","FDF78263EAF4666BA0C0D9BDA58CC4D5FFA344B335D09EA3CEC67E8FFCDA9D90","FDF78263EAF4666BA0C0D9BDA58CC4D5FFA344B335D09EA3CEC67E8FFCDA9D90","Project source","root","","Checked generated logging signatures, message parameters, exception parameters and caller-facing event meanings; no technical failure found.","https://github.com/Gibbs-Morris/mississippi/blob/aa4a686677ab41b25ecdfd445b280b45d2f43fb1/src/Brooks.Runtime.Storage.Cosmos/Locking/BlobDistributedLockManagerLoggerExtensions.cs","aa4a686677ab41b25ecdfd445b280b45d2f43fb1"
"Brooks.Runtime.Storage.Cosmos","src/Brooks.Runtime.Storage.Cosmos/Locking/BlobLeaseClientAdapter.cs","53","true","1-53","32A12A6F16EBAE7356CEF9AE3DBD8957D71B7F6101AA065D533F871C0096F557","32A12A6F16EBAE7356CEF9AE3DBD8957D71B7F6101AA065D533F871C0096F557","Project source","root","","Checked forwarding of acquire, release, renew, conditions and cancellation to Blob SDK; no additional failure found.","https://github.com/Gibbs-Morris/mississippi/blob/aa4a686677ab41b25ecdfd445b280b45d2f43fb1/src/Brooks.Runtime.Storage.Cosmos/Locking/BlobLeaseClientAdapter.cs","aa4a686677ab41b25ecdfd445b280b45d2f43fb1"
"Brooks.Runtime.Storage.Cosmos","src/Brooks.Runtime.Storage.Cosmos/Locking/BlobLeaseClientFactory.cs","21","true","1-21","09DA04C3B28FC3F7ABF1A79F46BE11C3A860B8529AAE863A26504D062AB08300","09DA04C3B28FC3F7ABF1A79F46BE11C3A860B8529AAE863A26504D062AB08300","Project source","root","","Checked optional lease ID construction and wrapper lifetime; no additional failure found.","https://github.com/Gibbs-Morris/mississippi/blob/aa4a686677ab41b25ecdfd445b280b45d2f43fb1/src/Brooks.Runtime.Storage.Cosmos/Locking/BlobLeaseClientFactory.cs","aa4a686677ab41b25ecdfd445b280b45d2f43fb1"
"Brooks.Runtime.Storage.Cosmos","src/Brooks.Runtime.Storage.Cosmos/Locking/IBlobLeaseClient.cs","55","true","1-55","E73B8C490741EEAC794E4B2BBCEF9D65A148477E47CB949E06805808AF0E0FB6","E73B8C490741EEAC794E4B2BBCEF9D65A148477E47CB949E06805808AF0E0FB6","Project source","root","","Checked lock/lease lifetime, renewal and cancellation contracts against Blob adapter/manager; no new failure beyond existing lease reports.","https://github.com/Gibbs-Morris/mississippi/blob/aa4a686677ab41b25ecdfd445b280b45d2f43fb1/src/Brooks.Runtime.Storage.Cosmos/Locking/IBlobLeaseClient.cs","aa4a686677ab41b25ecdfd445b280b45d2f43fb1"
"Brooks.Runtime.Storage.Cosmos","src/Brooks.Runtime.Storage.Cosmos/Locking/IBlobLeaseClientFactory.cs","21","true","1-21","08F485867DDCE859E0A77D72EB1144D1F7AF4F38F99939860AD4FC3A9FAB6FD0","08F485867DDCE859E0A77D72EB1144D1F7AF4F38F99939860AD4FC3A9FAB6FD0","Project source","root","","Checked lock/lease lifetime, renewal and cancellation contracts against Blob adapter/manager; no new failure beyond existing lease reports.","https://github.com/Gibbs-Morris/mississippi/blob/aa4a686677ab41b25ecdfd445b280b45d2f43fb1/src/Brooks.Runtime.Storage.Cosmos/Locking/IBlobLeaseClientFactory.cs","aa4a686677ab41b25ecdfd445b280b45d2f43fb1"
"Brooks.Runtime.Storage.Cosmos","src/Brooks.Runtime.Storage.Cosmos/Locking/IDistributedLock.cs","26","true","1-26","45E7AB1543F38234FF98DF4C3787328A4D3898B74964BFD6F9D58CDFC3849130","45E7AB1543F38234FF98DF4C3787328A4D3898B74964BFD6F9D58CDFC3849130","Project source","root","","Checked lock/lease lifetime, renewal and cancellation contracts against Blob adapter/manager; no new failure beyond existing lease reports.","https://github.com/Gibbs-Morris/mississippi/blob/aa4a686677ab41b25ecdfd445b280b45d2f43fb1/src/Brooks.Runtime.Storage.Cosmos/Locking/IDistributedLock.cs","aa4a686677ab41b25ecdfd445b280b45d2f43fb1"
"Brooks.Runtime.Storage.Cosmos","src/Brooks.Runtime.Storage.Cosmos/Locking/IDistributedLockManager.cs","25","true","1-25","F9658E68E1CCC57E1711C04D4EAE2C943D5BB6F9A6E9E144C59D95F8D2147256","F9658E68E1CCC57E1711C04D4EAE2C943D5BB6F9A6E9E144C59D95F8D2147256","Project source","root","","Checked lock/lease lifetime, renewal and cancellation contracts against Blob adapter/manager; no new failure beyond existing lease reports.","https://github.com/Gibbs-Morris/mississippi/blob/aa4a686677ab41b25ecdfd445b280b45d2f43fb1/src/Brooks.Runtime.Storage.Cosmos/Locking/IDistributedLockManager.cs","aa4a686677ab41b25ecdfd445b280b45d2f43fb1"
"Brooks.Runtime.Storage.Cosmos","src/Brooks.Runtime.Storage.Cosmos/Locking/LockMetrics.cs","132","true","1-132","6FCD31762CD11220BFCE1A0E2374F7D7AFB6E36C31796509F134F81C2256F504","6FCD31762CD11220BFCE1A0E2374F7D7AFB6E36C31796509F134F81C2256F504","Project source","root","","Checked instruments, units, retry/success/failure tags and key sanitization; no credible runtime failure found.","https://github.com/Gibbs-Morris/mississippi/blob/aa4a686677ab41b25ecdfd445b280b45d2f43fb1/src/Brooks.Runtime.Storage.Cosmos/Locking/LockMetrics.cs","aa4a686677ab41b25ecdfd445b280b45d2f43fb1"
"Brooks.Runtime.Storage.Cosmos","src/Brooks.Runtime.Storage.Cosmos/Mapping/CursorDocumentToStorageMapper.cs","26","true","1-26","18947D86233619E3DB4F5B08B5CEC94352455A637D57F1CBE254B3F075241BFE","18947D86233619E3DB4F5B08B5CEC94352455A637D57F1CBE254B3F075241BFE","Project source","root","","Checked complete field mapping, null/default conversions, immutable payload copying and timestamp requirement against storage models; no independent failure found.","https://github.com/Gibbs-Morris/mississippi/blob/aa4a686677ab41b25ecdfd445b280b45d2f43fb1/src/Brooks.Runtime.Storage.Cosmos/Mapping/CursorDocumentToStorageMapper.cs","aa4a686677ab41b25ecdfd445b280b45d2f43fb1"
"Brooks.Runtime.Storage.Cosmos","src/Brooks.Runtime.Storage.Cosmos/Mapping/EventDocumentToStorageMapper.cs","30","true","1-30","40797DF57A4762688474FC60E797F433EA2159162D7B0057D8196ACA0D78D541","40797DF57A4762688474FC60E797F433EA2159162D7B0057D8196ACA0D78D541","Project source","root","","Checked complete field mapping, null/default conversions, immutable payload copying and timestamp requirement against storage models; no independent failure found.","https://github.com/Gibbs-Morris/mississippi/blob/aa4a686677ab41b25ecdfd445b280b45d2f43fb1/src/Brooks.Runtime.Storage.Cosmos/Mapping/EventDocumentToStorageMapper.cs","aa4a686677ab41b25ecdfd445b280b45d2f43fb1"
"Brooks.Runtime.Storage.Cosmos","src/Brooks.Runtime.Storage.Cosmos/Mapping/EventStorageToEventMapper.cs","33","true","1-33","31D426F2D9888E2C51E60A2B89426E7DF904BB126EDB56E2A5D5DCF259EE89FF","31D426F2D9888E2C51E60A2B89426E7DF904BB126EDB56E2A5D5DCF259EE89FF","Project source","root","","Checked complete field mapping, null/default conversions, immutable payload copying and timestamp requirement against storage models; no independent failure found.","https://github.com/Gibbs-Morris/mississippi/blob/aa4a686677ab41b25ecdfd445b280b45d2f43fb1/src/Brooks.Runtime.Storage.Cosmos/Mapping/EventStorageToEventMapper.cs","aa4a686677ab41b25ecdfd445b280b45d2f43fb1"
"Brooks.Runtime.Storage.Cosmos","src/Brooks.Runtime.Storage.Cosmos/Mapping/EventToStorageMapper.cs","43","true","1-43","47A8A6A563A6B1E32C82AD7C98693DB81B5D3436BB6549D1FB7E14EBC14E67E7","47A8A6A563A6B1E32C82AD7C98693DB81B5D3436BB6549D1FB7E14EBC14E67E7","Project source","root","","Checked complete field mapping, null/default conversions, immutable payload copying and timestamp requirement against storage models; no independent failure found.","https://github.com/Gibbs-Morris/mississippi/blob/aa4a686677ab41b25ecdfd445b280b45d2f43fb1/src/Brooks.Runtime.Storage.Cosmos/Mapping/EventToStorageMapper.cs","aa4a686677ab41b25ecdfd445b280b45d2f43fb1"
"Brooks.Runtime.Storage.Cosmos","src/Brooks.Runtime.Storage.Cosmos/OptimisticConcurrencyException.cs","43","true","1-43","8DD5AAAC3387BE0139C0B089DB171120C135B7FB35575A2CEB590692BDC04DBF","8DD5AAAC3387BE0139C0B089DB171120C135B7FB35575A2CEB590692BDC04DBF","Project source","root","","Checked exception constructors preserve message/inner exception; no failure found.","https://github.com/Gibbs-Morris/mississippi/blob/aa4a686677ab41b25ecdfd445b280b45d2f43fb1/src/Brooks.Runtime.Storage.Cosmos/OptimisticConcurrencyException.cs","aa4a686677ab41b25ecdfd445b280b45d2f43fb1"
"Brooks.Runtime.Storage.Cosmos","src/Brooks.Runtime.Storage.Cosmos/Storage/CosmosRepository.cs","469","true","1-469","02BCC221D76DD4BC017B1CB04008B095AC98507CC3F4500D0E6A2DBD8CEDDB67","02BCC221D76DD4BC017B1CB04008B095AC98507CC3F4500D0E6A2DBD8CEDDB67","Project source","root","Event-write-can-outlast-its-blob-lease.md; Partial-batch-write-is-outside-rollback-range.md; Reader-recovery-can-delete-an-active-first-write.md; Recovery-skips-pending-writes-after-first-commit.md; Retrying-event-create-after-lost-reply-reports-failure.md","Checked all item creation/deletion, cursor commit, pending state, retries, transactional helper, range queries and position queries. Unused transactional helper concern not reported as an active-path bug.","https://github.com/Gibbs-Morris/mississippi/blob/aa4a686677ab41b25ecdfd445b280b45d2f43fb1/src/Brooks.Runtime.Storage.Cosmos/Storage/CosmosRepository.cs","aa4a686677ab41b25ecdfd445b280b45d2f43fb1"
"Brooks.Runtime.Storage.Cosmos","src/Brooks.Runtime.Storage.Cosmos/Storage/CursorDocument.cs","41","true","1-41","BF87FC41A65373F10B2D56934DE9D381B03DCEAA38978EE409A3C43DB8FE48D7","BF87FC41A65373F10B2D56934DE9D381B03DCEAA38978EE409A3C43DB8FE48D7","Project source","root","","Checked persisted names, default values, optional original cursor and payload/time fields against both mappers and repository; no additional independent failure found.","https://github.com/Gibbs-Morris/mississippi/blob/aa4a686677ab41b25ecdfd445b280b45d2f43fb1/src/Brooks.Runtime.Storage.Cosmos/Storage/CursorDocument.cs","aa4a686677ab41b25ecdfd445b280b45d2f43fb1"
"Brooks.Runtime.Storage.Cosmos","src/Brooks.Runtime.Storage.Cosmos/Storage/CursorStorageModel.cs","20","true","1-20","8B57282C9BC7CCB9D5FDB1F8CC35C221ED5E2482D844ECCE8586E578480C9205","8B57282C9BC7CCB9D5FDB1F8CC35C221ED5E2482D844ECCE8586E578480C9205","Project source","root","","Checked persisted names, default values, optional original cursor and payload/time fields against both mappers and repository; no additional independent failure found.","https://github.com/Gibbs-Morris/mississippi/blob/aa4a686677ab41b25ecdfd445b280b45d2f43fb1/src/Brooks.Runtime.Storage.Cosmos/Storage/CursorStorageModel.cs","aa4a686677ab41b25ecdfd445b280b45d2f43fb1"
"Brooks.Runtime.Storage.Cosmos","src/Brooks.Runtime.Storage.Cosmos/Storage/EventDocument.cs","79","true","1-79","2AE956B7D4945DDCCD05D4CC7EAC8CF783D549635E8AA16B5522182BBC417FC6","2AE956B7D4945DDCCD05D4CC7EAC8CF783D549635E8AA16B5522182BBC417FC6","Project source","root","","Checked persisted names, default values, optional original cursor and payload/time fields against both mappers and repository; no additional independent failure found.","https://github.com/Gibbs-Morris/mississippi/blob/aa4a686677ab41b25ecdfd445b280b45d2f43fb1/src/Brooks.Runtime.Storage.Cosmos/Storage/EventDocument.cs","aa4a686677ab41b25ecdfd445b280b45d2f43fb1"
"Brooks.Runtime.Storage.Cosmos","src/Brooks.Runtime.Storage.Cosmos/Storage/EventStorageModel.cs","45","true","1-45","007DAD082BC0C8BD2411454C1D11072DF8331A7A661F5FAEEBDBAB1704C54E26","007DAD082BC0C8BD2411454C1D11072DF8331A7A661F5FAEEBDBAB1704C54E26","Project source","root","","Checked persisted names, default values, optional original cursor and payload/time fields against both mappers and repository; no additional independent failure found.","https://github.com/Gibbs-Morris/mississippi/blob/aa4a686677ab41b25ecdfd445b280b45d2f43fb1/src/Brooks.Runtime.Storage.Cosmos/Storage/EventStorageModel.cs","aa4a686677ab41b25ecdfd445b280b45d2f43fb1"
"Brooks.Serialization.Abstractions","src/Brooks.Serialization.Abstractions/IAsyncSerializationReader.cs","24","true","1-24","90DAB761F064DB07E347DFF3AA65CEDB05FC627362BF0C57AE3337A01AEB0A5E","90DAB761F064DB07E347DFF3AA65CEDB05FC627362BF0C57AE3337A01AEB0A5E","Project source","root","","Checked complete byte/stream serialization API shape, format and cancellation contracts against JSON provider.","https://github.com/Gibbs-Morris/mississippi/blob/aa4a686677ab41b25ecdfd445b280b45d2f43fb1/src/Brooks.Serialization.Abstractions/IAsyncSerializationReader.cs","aa4a686677ab41b25ecdfd445b280b45d2f43fb1"
"Brooks.Serialization.Abstractions","src/Brooks.Serialization.Abstractions/IAsyncSerializationWriter.cs","26","true","1-26","08E4F4443FA4D9211460607C7901DD025AFC6DF7B0C65AE97C903AD5C3BFEB25","08E4F4443FA4D9211460607C7901DD025AFC6DF7B0C65AE97C903AD5C3BFEB25","Project source","root","","Checked complete byte/stream serialization API shape, format and cancellation contracts against JSON provider.","https://github.com/Gibbs-Morris/mississippi/blob/aa4a686677ab41b25ecdfd445b280b45d2f43fb1/src/Brooks.Serialization.Abstractions/IAsyncSerializationWriter.cs","aa4a686677ab41b25ecdfd445b280b45d2f43fb1"
"Brooks.Serialization.Abstractions","src/Brooks.Serialization.Abstractions/ISerializationProvider.cs","17","true","1-17","F34BB33F26680CAB16C7E1EBDDB57AAC899E6A9F705618AF74280A6FCFBA885D","F34BB33F26680CAB16C7E1EBDDB57AAC899E6A9F705618AF74280A6FCFBA885D","Project source","root","","Checked complete byte/stream serialization API shape, format and cancellation contracts against JSON provider.","https://github.com/Gibbs-Morris/mississippi/blob/aa4a686677ab41b25ecdfd445b280b45d2f43fb1/src/Brooks.Serialization.Abstractions/ISerializationProvider.cs","aa4a686677ab41b25ecdfd445b280b45d2f43fb1"
"Brooks.Serialization.Abstractions","src/Brooks.Serialization.Abstractions/ISerializationReader.cs","32","true","1-32","E1827689ECC2CF8C9BEAE981423207E18777DFDAF313D9C28C7D4F5DE0A8EDBD","E1827689ECC2CF8C9BEAE981423207E18777DFDAF313D9C28C7D4F5DE0A8EDBD","Project source","root","","Checked complete byte/stream serialization API shape, format and cancellation contracts against JSON provider.","https://github.com/Gibbs-Morris/mississippi/blob/aa4a686677ab41b25ecdfd445b280b45d2f43fb1/src/Brooks.Serialization.Abstractions/ISerializationReader.cs","aa4a686677ab41b25ecdfd445b280b45d2f43fb1"
"Brooks.Serialization.Abstractions","src/Brooks.Serialization.Abstractions/ISerializationWriter.cs","20","true","1-20","7270DD22E1ED220F656F2D7F0DC5242777DFE61180189D5865114B7FB24B1999","7270DD22E1ED220F656F2D7F0DC5242777DFE61180189D5865114B7FB24B1999","Project source","root","","Checked complete byte/stream serialization API shape, format and cancellation contracts against JSON provider.","https://github.com/Gibbs-Morris/mississippi/blob/aa4a686677ab41b25ecdfd445b280b45d2f43fb1/src/Brooks.Serialization.Abstractions/ISerializationWriter.cs","aa4a686677ab41b25ecdfd445b280b45d2f43fb1"
"Brooks.Serialization.Abstractions","src/Brooks.Serialization.Abstractions/SerializationStorageProviderExtensions.cs","69","true","1-69","D69FD829A70B3A323F990BA29A8315DB7F6AB7AA314F768E20D7298368875994","D69FD829A70B3A323F990BA29A8315DB7F6AB7AA314F768E20D7298368875994","Project source","root","","Checked each serialization registration overload, service interfaces and option binding; no caller-backed resolution failure found.","https://github.com/Gibbs-Morris/mississippi/blob/aa4a686677ab41b25ecdfd445b280b45d2f43fb1/src/Brooks.Serialization.Abstractions/SerializationStorageProviderExtensions.cs","aa4a686677ab41b25ecdfd445b280b45d2f43fb1"
"Brooks.Serialization.Json","src/Brooks.Serialization.Json/JsonSerializationProvider.cs","94","true","1-94","895E4ACD956B2A59E804A83CAE4C4DA51B83916DAEC01F1B504CAB592855B417","895E4ACD956B2A59E804A83CAE4C4DA51B83916DAEC01F1B504CAB592855B417","Project source","root","","Checked sync/runtime and stream deserialization, null results, serialization and cancellation to stream writes; no supported independent failure found.","https://github.com/Gibbs-Morris/mississippi/blob/aa4a686677ab41b25ecdfd445b280b45d2f43fb1/src/Brooks.Serialization.Json/JsonSerializationProvider.cs","aa4a686677ab41b25ecdfd445b280b45d2f43fb1"
"Brooks.Serialization.Json","src/Brooks.Serialization.Json/ServiceRegistration.cs","25","true","1-25","5239DF8FC7A3ADBC443D5489F8A55BC65A56633B778CC89B561256BC7294FE1A","5239DF8FC7A3ADBC443D5489F8A55BC65A56633B778CC89B561256BC7294FE1A","Project source","root","","Checked each serialization registration overload, service interfaces and option binding; no caller-backed resolution failure found.","https://github.com/Gibbs-Morris/mississippi/blob/aa4a686677ab41b25ecdfd445b280b45d2f43fb1/src/Brooks.Serialization.Json/ServiceRegistration.cs","aa4a686677ab41b25ecdfd445b280b45d2f43fb1"
"Common.Abstractions","src/Common.Abstractions/Mapping/AsyncEnumerableMapper.cs","50","true","1-50","5F161D23EDF564E86363D5E62D7BF610BA87FA31059F5AA9CF70192B777080F3","5F161D23EDF564E86363D5E62D7BF610BA87FA31059F5AA9CF70192B777080F3","Project source","root","Mapped-stream-loses-enumerator-cancellation.md","Checked deferred input validation and per-item mapping; mapped enumeration never forwards the output enumerator cancellation token (candidate pending independent contract check).","https://github.com/Gibbs-Morris/mississippi/blob/aa4a686677ab41b25ecdfd445b280b45d2f43fb1/src/Common.Abstractions/Mapping/AsyncEnumerableMapper.cs","aa4a686677ab41b25ecdfd445b280b45d2f43fb1"
"Common.Abstractions","src/Common.Abstractions/Mapping/EnumerableMapper.cs","42","true","1-42","7B8CE9C392D4653F0241AF2ACD78DFC22A08E52987DB59F07A1F11E912F8A7A0","7B8CE9C392D4653F0241AF2ACD78DFC22A08E52987DB59F07A1F11E912F8A7A0","Project source","root","Nullable-projection-collection-mapping.md","Checked lazy ordered per-item mapping, validation and mapper invocation; no supported failure found.","https://github.com/Gibbs-Morris/mississippi/blob/aa4a686677ab41b25ecdfd445b280b45d2f43fb1/src/Common.Abstractions/Mapping/EnumerableMapper.cs","aa4a686677ab41b25ecdfd445b280b45d2f43fb1"
"Common.Abstractions","src/Common.Abstractions/Mapping/IAsyncEnumerableMapper.cs","14","true","1-14","C97FEB2D898E7A77146A9516A05B0AC98650733F78DA419AF1F4E5D5F0C02E42","C97FEB2D898E7A77146A9516A05B0AC98650733F78DA419AF1F4E5D5F0C02E42","Project source","root","Mapped-stream-loses-enumerator-cancellation.md","Checked deferred input validation and per-item mapping; mapped enumeration never forwards the output enumerator cancellation token (candidate pending independent contract check).","https://github.com/Gibbs-Morris/mississippi/blob/aa4a686677ab41b25ecdfd445b280b45d2f43fb1/src/Common.Abstractions/Mapping/IAsyncEnumerableMapper.cs","aa4a686677ab41b25ecdfd445b280b45d2f43fb1"
"Common.Abstractions","src/Common.Abstractions/Mapping/IEnumerableMapper.cs","14","true","1-14","A13E3D76CF581629BE757FABDE7C295DA4C39C3853C55493A7389FACA55511CD","A13E3D76CF581629BE757FABDE7C295DA4C39C3853C55493A7389FACA55511CD","Project source","root","","Checked lazy ordered per-item mapping, validation and mapper invocation; no supported failure found.","https://github.com/Gibbs-Morris/mississippi/blob/aa4a686677ab41b25ecdfd445b280b45d2f43fb1/src/Common.Abstractions/Mapping/IEnumerableMapper.cs","aa4a686677ab41b25ecdfd445b280b45d2f43fb1"
"Common.Abstractions","src/Common.Abstractions/Mapping/IMapper.cs","19","true","1-19","24B0CF26D050DEC9A1037383334DE36BC66D030430B6609EAA363C1A0D61EE1E","24B0CF26D050DEC9A1037383334DE36BC66D030430B6609EAA363C1A0D61EE1E","Project source","root","","Checked full mapping variance, input/output signatures and cancellation/retry operation contract against implementation.","https://github.com/Gibbs-Morris/mississippi/blob/aa4a686677ab41b25ecdfd445b280b45d2f43fb1/src/Common.Abstractions/Mapping/IMapper.cs","aa4a686677ab41b25ecdfd445b280b45d2f43fb1"
"Common.Abstractions","src/Common.Abstractions/Mapping/MappingRegistrations.cs","53","true","1-53","0454076F5B4E43EF94F693AA1BC1EAE876A3C6E818C19C60EB54A5C0F897ADED","0454076F5B4E43EF94F693AA1BC1EAE876A3C6E818C19C60EB54A5C0F897ADED","Project source","root","Mapped-stream-loses-enumerator-cancellation.md","Checked open generic enumerable/async mapper registrations and per-type mapper factory lifetime; no failure found.","https://github.com/Gibbs-Morris/mississippi/blob/aa4a686677ab41b25ecdfd445b280b45d2f43fb1/src/Common.Abstractions/Mapping/MappingRegistrations.cs","aa4a686677ab41b25ecdfd445b280b45d2f43fb1"
"Common.Runtime.Storage.Abstractions","src/Common.Runtime.Storage.Abstractions/Retry/IRetryPolicy.cs","24","true","1-24","B7C7EDD21619EC93410D0FFB935374A2AD92E4BEE27371CBB74A6F17CA734F62","B7C7EDD21619EC93410D0FFB935374A2AD92E4BEE27371CBB74A6F17CA734F62","Project source","root","","Checked full mapping variance, input/output signatures and cancellation/retry operation contract against implementation.","https://github.com/Gibbs-Morris/mississippi/blob/aa4a686677ab41b25ecdfd445b280b45d2f43fb1/src/Common.Runtime.Storage.Abstractions/Retry/IRetryPolicy.cs","aa4a686677ab41b25ecdfd445b280b45d2f43fb1"
"Common.Runtime.Storage.Cosmos","src/Common.Runtime.Storage.Cosmos/Retry/CosmosRetryPolicy.cs","127","true","1-127","D1E1E5EE74032E14EFDB69CE96545458B03548A7A8D892749E7C37F01877FE39","D1E1E5EE74032E14EFDB69CE96545458B03548A7A8D892749E7C37F01877FE39","Project source","root","Retrying-event-create-after-lost-reply-reports-failure.md; Rollback-removes-pending-record-before-checking-deletions.md","Checked transient status selection, retry cap/backoff, cancellation and exception translation; confirmed exhausted Cosmos failures become InvalidOperationException for cleanup evidence.","https://github.com/Gibbs-Morris/mississippi/blob/aa4a686677ab41b25ecdfd445b280b45d2f43fb1/src/Common.Runtime.Storage.Cosmos/Retry/CosmosRetryPolicy.cs","aa4a686677ab41b25ecdfd445b280b45d2f43fb1"
"Common.Runtime.Storage.Cosmos","src/Common.Runtime.Storage.Cosmos/Retry/CosmosRetryPolicyLoggerExtensions.cs","96","true","1-96","54BCF88A682989151C829C190CA4713E8A62EA7CF8D3FAFEEDD1E57CF845F4C1","54BCF88A682989151C829C190CA4713E8A62EA7CF8D3FAFEEDD1E57CF845F4C1","Project source","root","","Checked each source-generated log signature and placeholder, event/level, exception placement, time/count units and corresponding runtime caller; no new credible technical failure found.","https://github.com/Gibbs-Morris/mississippi/blob/aa4a686677ab41b25ecdfd445b280b45d2f43fb1/src/Common.Runtime.Storage.Cosmos/Retry/CosmosRetryPolicyLoggerExtensions.cs","aa4a686677ab41b25ecdfd445b280b45d2f43fb1"
"DomainModeling.Abstractions","src/DomainModeling.Abstractions/AggregateEffectOptions.cs","40","true","1-40","BBCAD77B6C1B7247004611E718F33473B8731D8F47E91565D77C14446A964FD0","BBCAD77B6C1B7247004611E718F33473B8731D8F47E91565D77C14446A964FD0","Project source","domain_hosting","","MaxEffectIterations default and documented truncation boundary checked.","https://github.com/Gibbs-Morris/mississippi/blob/aa4a686677ab41b25ecdfd445b280b45d2f43fb1/src/DomainModeling.Abstractions/AggregateEffectOptions.cs","aa4a686677ab41b25ecdfd445b280b45d2f43fb1"
"DomainModeling.Abstractions","src/DomainModeling.Abstractions/AggregateErrorCodes.cs","41","true","1-41","3BDAA5414064B2F562B1FC09D33EF26C7C760D8D29E6B045ACCD5FEB5CF03EB1","3BDAA5414064B2F562B1FC09D33EF26C7C760D8D29E6B045ACCD5FEB5CF03EB1","Project source","domain_hosting","","Aggregate error constants checked against their documented meanings.","https://github.com/Gibbs-Morris/mississippi/blob/aa4a686677ab41b25ecdfd445b280b45d2f43fb1/src/DomainModeling.Abstractions/AggregateErrorCodes.cs","aa4a686677ab41b25ecdfd445b280b45d2f43fb1"
"DomainModeling.Abstractions","src/DomainModeling.Abstractions/AggregateKey.cs","102","true","1-102","AAB417BE385573F5B5877FA77407D0732B052B0402752C6BDFF08812B29BE300","AAB417BE385573F5B5877FA77407D0732B052B0402752C6BDFF08812B29BE300","Project source","domain_hosting","","AggregateKey constructor length/null guards, Parse, conversions, serialization and equality checked.","https://github.com/Gibbs-Morris/mississippi/blob/aa4a686677ab41b25ecdfd445b280b45d2f43fb1/src/DomainModeling.Abstractions/AggregateKey.cs","aa4a686677ab41b25ecdfd445b280b45d2f43fb1"
"DomainModeling.Abstractions","src/DomainModeling.Abstractions/AggregateServiceAttribute.cs","71","true","1-71","32BDF0C510216C08FCFDC74BBF1868B2E162D2255EBCDDC979FCF1E2AA0E206B","32BDF0C510216C08FCFDC74BBF1868B2E162D2255EBCDDC979FCF1E2AA0E206B","Project source","domain_hosting","","AggregateServiceAttribute route initialization and generated-service/API options checked.","https://github.com/Gibbs-Morris/mississippi/blob/aa4a686677ab41b25ecdfd445b280b45d2f43fb1/src/DomainModeling.Abstractions/AggregateServiceAttribute.cs","aa4a686677ab41b25ecdfd445b280b45d2f43fb1"
"DomainModeling.Abstractions","src/DomainModeling.Abstractions/CommandHandlerBase.cs","66","true","1-66","D1B4190B98B750E6249DA2FDFBA17AFC014C57E77195A3FC205463F8A5E1416F","D1B4190B98B750E6249DA2FDFBA17AFC014C57E77195A3FC205463F8A5E1416F","Project source","domain_hosting","","CommandHandlerBase null checks, assignable-type dispatch and result forwarding checked.","https://github.com/Gibbs-Morris/mississippi/blob/aa4a686677ab41b25ecdfd445b280b45d2f43fb1/src/DomainModeling.Abstractions/CommandHandlerBase.cs","aa4a686677ab41b25ecdfd445b280b45d2f43fb1"
"DomainModeling.Abstractions","src/DomainModeling.Abstractions/CompensationResult.cs","68","true","1-68","CC1A78EE509A3BB6E49F6C2BE9D793106C51E6A10B98551DF0380C7F49D949B0","CC1A78EE509A3BB6E49F6C2BE9D793106C51E6A10B98551DF0380C7F49D949B0","Project source","domain_hosting","","CompensationResult success/failure/skipped factory flags checked.","https://github.com/Gibbs-Morris/mississippi/blob/aa4a686677ab41b25ecdfd445b280b45d2f43fb1/src/DomainModeling.Abstractions/CompensationResult.cs","aa4a686677ab41b25ecdfd445b280b45d2f43fb1"
"DomainModeling.Abstractions","src/DomainModeling.Abstractions/EventEffectBase.cs","73","true","1-73","3F5CE49DD61D17BDB5EB3405F602135E2FA9EEA4DEC4A981F3955F335ABA9015","3F5CE49DD61D17BDB5EB3405F602135E2FA9EEA4DEC4A981F3955F335ABA9015","Project source","domain_hosting","Effect-creation-disposal-bypasses-isolation.md","EventEffectBase type dispatch, empty fallback and cancellation forwarding checked.","https://github.com/Gibbs-Morris/mississippi/blob/aa4a686677ab41b25ecdfd445b280b45d2f43fb1/src/DomainModeling.Abstractions/EventEffectBase.cs","aa4a686677ab41b25ecdfd445b280b45d2f43fb1"
"DomainModeling.Abstractions","src/DomainModeling.Abstractions/FireAndForgetEffectEnvelope.cs","61","true","1-61","C488821727892FA28B6100014FCC6D71E67AA166199C2DCE5CBA96C9BAED0293","C488821727892FA28B6100014FCC6D71E67AA166199C2DCE5CBA96C9BAED0293","Project source","domain_hosting","","FireAndForgetEffectEnvelope event/state metadata and serialization member IDs checked.","https://github.com/Gibbs-Morris/mississippi/blob/aa4a686677ab41b25ecdfd445b280b45d2f43fb1/src/DomainModeling.Abstractions/FireAndForgetEffectEnvelope.cs","aa4a686677ab41b25ecdfd445b280b45d2f43fb1"
"DomainModeling.Abstractions","src/DomainModeling.Abstractions/FireAndForgetEventEffectBase.cs","46","true","1-46","434F35FDF2FDB60162F6259746C6ECB22C642DA0AB615FAD130D8C7758885DC5","434F35FDF2FDB60162F6259746C6ECB22C642DA0AB615FAD130D8C7758885DC5","Project source","domain_hosting","","FireAndForgetEventEffectBase typed contract and completed-task helper checked.","https://github.com/Gibbs-Morris/mississippi/blob/aa4a686677ab41b25ecdfd445b280b45d2f43fb1/src/DomainModeling.Abstractions/FireAndForgetEventEffectBase.cs","aa4a686677ab41b25ecdfd445b280b45d2f43fb1"
"DomainModeling.Abstractions","src/DomainModeling.Abstractions/IAggregateGrainFactory.cs","53","true","1-53","2B0E6B7FCBE7E4ADF0B59D580ADEFE57039239699E2C18F733AAFE1E16005EC1","2B0E6B7FCBE7E4ADF0B59D580ADEFE57039239699E2C18F733AAFE1E16005EC1","Project source","domain_hosting","","IAggregateGrainFactory entity-ID and typed-key contract checked.","https://github.com/Gibbs-Morris/mississippi/blob/aa4a686677ab41b25ecdfd445b280b45d2f43fb1/src/DomainModeling.Abstractions/IAggregateGrainFactory.cs","aa4a686677ab41b25ecdfd445b280b45d2f43fb1"
"DomainModeling.Abstractions","src/DomainModeling.Abstractions/ICommandHandler.cs","75","true","1-75","928937595C52405E10CC93588B58920DD42A249960A8FFCEC1BAE59B3102BB1D","928937595C52405E10CC93588B58920DD42A249960A8FFCEC1BAE59B3102BB1D","Project source","domain_hosting","","ICommandHandler typed/untyped variance, state nullability and result contract checked.","https://github.com/Gibbs-Morris/mississippi/blob/aa4a686677ab41b25ecdfd445b280b45d2f43fb1/src/DomainModeling.Abstractions/ICommandHandler.cs","aa4a686677ab41b25ecdfd445b280b45d2f43fb1"
"DomainModeling.Abstractions","src/DomainModeling.Abstractions/IEventEffect.cs","58","true","1-58","71833ED992914ED9F113B2117247654536A6BEAB07E93C7FA77712DB55FDB819","71833ED992914ED9F113B2117247654536A6BEAB07E93C7FA77712DB55FDB819","Project source","domain_hosting","Yielded-events-skip-background-effects.md","IEventEffect post-persist ordering, state/position and streamed output contract checked.","https://github.com/Gibbs-Morris/mississippi/blob/aa4a686677ab41b25ecdfd445b280b45d2f43fb1/src/DomainModeling.Abstractions/IEventEffect.cs","aa4a686677ab41b25ecdfd445b280b45d2f43fb1"
"DomainModeling.Abstractions","src/DomainModeling.Abstractions/IEventTypeRegistry.cs","67","true","1-67","D1283DD6358EE2CEC22148A47182EB1D6DBD1C112A7A78F3F57AA8A4ED9D381B","D1283DD6358EE2CEC22148A47182EB1D6DBD1C112A7A78F3F57AA8A4ED9D381B","Project source","domain_hosting","","IEventTypeRegistry bidirectional registration and scanning contract checked.","https://github.com/Gibbs-Morris/mississippi/blob/aa4a686677ab41b25ecdfd445b280b45d2f43fb1/src/DomainModeling.Abstractions/IEventTypeRegistry.cs","aa4a686677ab41b25ecdfd445b280b45d2f43fb1"
"DomainModeling.Abstractions","src/DomainModeling.Abstractions/IFireAndForgetEffectRegistration.cs","52","true","1-52","55B759CFA6F359B5DB506CBC0177D5361EFE19AB60CCB93111D05E4FB4C216AF","55B759CFA6F359B5DB506CBC0177D5361EFE19AB60CCB93111D05E4FB4C216AF","Project source","domain_hosting","","IFireAndForgetEffectRegistration type identity and dispatch metadata checked.","https://github.com/Gibbs-Morris/mississippi/blob/aa4a686677ab41b25ecdfd445b280b45d2f43fb1/src/DomainModeling.Abstractions/IFireAndForgetEffectRegistration.cs","aa4a686677ab41b25ecdfd445b280b45d2f43fb1"
"DomainModeling.Abstractions","src/DomainModeling.Abstractions/IFireAndForgetEffectWorkerGrain.cs","46","true","1-46","1430EAABAC80AB5DCC066617DCDC9C017F50F790DC1F6B7B7A7D10F887624BC1","1430EAABAC80AB5DCC066617DCDC9C017F50F790DC1F6B7B7A7D10F887624BC1","Project source","domain_hosting","","IFireAndForgetEffectWorkerGrain one-way execution and routing contract checked.","https://github.com/Gibbs-Morris/mississippi/blob/aa4a686677ab41b25ecdfd445b280b45d2f43fb1/src/DomainModeling.Abstractions/IFireAndForgetEffectWorkerGrain.cs","aa4a686677ab41b25ecdfd445b280b45d2f43fb1"
"DomainModeling.Abstractions","src/DomainModeling.Abstractions/IFireAndForgetEventEffect.cs","50","true","1-50","08937A4CA14172E461F8A8839F407CAD2FCCC40732ECB47D067189F7C5D344EA","08937A4CA14172E461F8A8839F407CAD2FCCC40732ECB47D067189F7C5D344EA","Project source","domain_hosting","Yielded-events-skip-background-effects.md","IFireAndForgetEventEffect independent worker execution and state snapshot contract checked.","https://github.com/Gibbs-Morris/mississippi/blob/aa4a686677ab41b25ecdfd445b280b45d2f43fb1/src/DomainModeling.Abstractions/IFireAndForgetEventEffect.cs","aa4a686677ab41b25ecdfd445b280b45d2f43fb1"
"DomainModeling.Abstractions","src/DomainModeling.Abstractions/IGenericAggregateGrain.cs","93","true","1-93","C90FE30AAA13514E846B16E00672636CFDDBFA55C83B789DE460E6AC3B20738E","C90FE30AAA13514E846B16E00672636CFDDBFA55C83B789DE460E6AC3B20738E","Project source","domain_hosting","","IGenericAggregateGrain execute/versioned-execute/state retrieval contracts checked.","https://github.com/Gibbs-Morris/mississippi/blob/aa4a686677ab41b25ecdfd445b280b45d2f43fb1/src/DomainModeling.Abstractions/IGenericAggregateGrain.cs","aa4a686677ab41b25ecdfd445b280b45d2f43fb1"
"DomainModeling.Abstractions","src/DomainModeling.Abstractions/IRootCommandHandler.cs","36","true","1-36","302F110E2170AD8BEFA9550982B7A4C0DCC5E86FFB6EC644F47BB03FDF28BB71","302F110E2170AD8BEFA9550982B7A4C0DCC5E86FFB6EC644F47BB03FDF28BB71","Project source","domain_hosting","","IRootCommandHandler command dispatch and event-result contract checked.","https://github.com/Gibbs-Morris/mississippi/blob/aa4a686677ab41b25ecdfd445b280b45d2f43fb1/src/DomainModeling.Abstractions/IRootCommandHandler.cs","aa4a686677ab41b25ecdfd445b280b45d2f43fb1"
"DomainModeling.Abstractions","src/DomainModeling.Abstractions/IRootEventEffect.cs","56","true","1-56","F8F301E0FE11D2B3B291A55D0F65A9AF8A3E348B9E96EECBDC2E960717B8ABE8","F8F301E0FE11D2B3B291A55D0F65A9AF8A3E348B9E96EECBDC2E960717B8ABE8","Project source","domain_hosting","","IRootEventEffect effect count, matching dispatch and caller-persistence contract checked.","https://github.com/Gibbs-Morris/mississippi/blob/aa4a686677ab41b25ecdfd445b280b45d2f43fb1/src/DomainModeling.Abstractions/IRootEventEffect.cs","aa4a686677ab41b25ecdfd445b280b45d2f43fb1"
"DomainModeling.Abstractions","src/DomainModeling.Abstractions/ISagaState.cs","76","true","1-76","A62006D143084B74D6A758CA06896817200D819275E330383DBF3577AE735347","A62006D143084B74D6A758CA06896817200D819275E330383DBF3577AE735347","Project source","domain_hosting","","ISagaState lifecycle identity/version metadata and SagaPhase members checked.","https://github.com/Gibbs-Morris/mississippi/blob/aa4a686677ab41b25ecdfd445b280b45d2f43fb1/src/DomainModeling.Abstractions/ISagaState.cs","aa4a686677ab41b25ecdfd445b280b45d2f43fb1"
"DomainModeling.Abstractions","src/DomainModeling.Abstractions/ISagaStep.cs","43","true","1-43","72AB04409A1183758A208524CA073067EFACDB757A8030E90F01370D8F34E1A0","72AB04409A1183758A208524CA073067EFACDB757A8030E90F01370D8F34E1A0","Project source","domain_hosting","","ISagaStep and ICompensatable execution/cancellation/result contracts checked.","https://github.com/Gibbs-Morris/mississippi/blob/aa4a686677ab41b25ecdfd445b280b45d2f43fb1/src/DomainModeling.Abstractions/ISagaStep.cs","aa4a686677ab41b25ecdfd445b280b45d2f43fb1"
"DomainModeling.Abstractions","src/DomainModeling.Abstractions/ISagaStepInfoProvider.cs","27","true","1-27","963F6C56ABBB227F2A7C495F80830F562FDABFF675D3B5FEAB533FBECB22452B","963F6C56ABBB227F2A7C495F80830F562FDABFF675D3B5FEAB533FBECB22452B","Project source","domain_hosting","","ISagaStepInfoProvider ordered metadata and default applicability checked.","https://github.com/Gibbs-Morris/mississippi/blob/aa4a686677ab41b25ecdfd445b280b45d2f43fb1/src/DomainModeling.Abstractions/ISagaStepInfoProvider.cs","aa4a686677ab41b25ecdfd445b280b45d2f43fb1"
"DomainModeling.Abstractions","src/DomainModeling.Abstractions/ISnapshotTypeRegistry.cs","67","true","1-67","14D962279AC813ACB45820E836963E9DF0BBD37EC7A2D9228E6080143CF99B27","14D962279AC813ACB45820E836963E9DF0BBD37EC7A2D9228E6080143CF99B27","Project source","domain_hosting","","ISnapshotTypeRegistry bidirectional storage-name and assembly-scanning contract checked.","https://github.com/Gibbs-Morris/mississippi/blob/aa4a686677ab41b25ecdfd445b280b45d2f43fb1/src/DomainModeling.Abstractions/ISnapshotTypeRegistry.cs","aa4a686677ab41b25ecdfd445b280b45d2f43fb1"
"DomainModeling.Abstractions","src/DomainModeling.Abstractions/IUxProjectionCursorGrain.cs","49","true","1-49","EF81D33405FA7C7E19CC90998C29B2377A05C52CEF566F24DF89465A5ABDB5F1","EF81D33405FA7C7E19CC90998C29B2377A05C52CEF566F24DF89465A5ABDB5F1","Project source","domain_hosting","Projection-cursor-durable-subscriptions-accumulate.md","IUxProjectionCursorGrain cached position/deactivation/read-only contract checked.","https://github.com/Gibbs-Morris/mississippi/blob/aa4a686677ab41b25ecdfd445b280b45d2f43fb1/src/DomainModeling.Abstractions/IUxProjectionCursorGrain.cs","aa4a686677ab41b25ecdfd445b280b45d2f43fb1"
"DomainModeling.Abstractions","src/DomainModeling.Abstractions/IUxProjectionGrain.cs","99","true","1-99","C88B7BF2FE5CBB7A58286E0CC9E2E65DD792F5326C85BFCFA5A415C973589E49","C88B7BF2FE5CBB7A58286E0CC9E2E65DD792F5326C85BFCFA5A415C973589E49","Project source","domain_hosting","","IUxProjectionGrain latest/historical/default state and version retrieval contracts checked.","https://github.com/Gibbs-Morris/mississippi/blob/aa4a686677ab41b25ecdfd445b280b45d2f43fb1/src/DomainModeling.Abstractions/IUxProjectionGrain.cs","aa4a686677ab41b25ecdfd445b280b45d2f43fb1"
"DomainModeling.Abstractions","src/DomainModeling.Abstractions/IUxProjectionGrainFactory.cs","90","true","1-90","F39D925125BDAEAF9008A34BE5C4D602C67CE5374D24FAE43E29D90829319B0D","F39D925125BDAEAF9008A34BE5C4D602C67CE5374D24FAE43E29D90829319B0D","Project source","domain_hosting","","IUxProjectionGrainFactory typed/untyped cursor/cache key resolution contracts checked.","https://github.com/Gibbs-Morris/mississippi/blob/aa4a686677ab41b25ecdfd445b280b45d2f43fb1/src/DomainModeling.Abstractions/IUxProjectionGrainFactory.cs","aa4a686677ab41b25ecdfd445b280b45d2f43fb1"
"DomainModeling.Abstractions","src/DomainModeling.Abstractions/IUxProjectionVersionedCacheGrain.cs","49","true","1-49","0280F3A18579178820CD0B80E8CA4F450F66489E10D3646CB68010CBCFCEB0A2","0280F3A18579178820CD0B80E8CA4F450F66489E10D3646CB68010CBCFCEB0A2","Project source","domain_hosting","","IUxProjectionVersionedCacheGrain immutable-version cache and nullable retrieval contract checked.","https://github.com/Gibbs-Morris/mississippi/blob/aa4a686677ab41b25ecdfd445b280b45d2f43fb1/src/DomainModeling.Abstractions/IUxProjectionVersionedCacheGrain.cs","aa4a686677ab41b25ecdfd445b280b45d2f43fb1"
"DomainModeling.Abstractions","src/DomainModeling.Abstractions/OperationResult.cs","196","true","1-196","6CDEC61AE2C88F3E32FC5265DE07591B9CC33135F194399EA9E87BD0E160C376","6CDEC61AE2C88F3E32FC5265DE07591B9CC33135F194399EA9E87BD0E160C376","Project source","domain_hosting","","OperationResult factory validation, generic payload state, serialization and ToResult conversion checked; default/null results considered against later runtime callers.","https://github.com/Gibbs-Morris/mississippi/blob/aa4a686677ab41b25ecdfd445b280b45d2f43fb1/src/DomainModeling.Abstractions/OperationResult.cs","aa4a686677ab41b25ecdfd445b280b45d2f43fb1"
"DomainModeling.Abstractions","src/DomainModeling.Abstractions/SagaCompensated.cs","23","true","1-23","1FBE7D91FCAF95EC56314EC9C96856D0F8CD565A593E1099DD27DFE125ACD6CA","1FBE7D91FCAF95EC56314EC9C96856D0F8CD565A593E1099DD27DFE125ACD6CA","Project source","domain_hosting","","SagaCompensated timestamp event and persisted identity checked.","https://github.com/Gibbs-Morris/mississippi/blob/aa4a686677ab41b25ecdfd445b280b45d2f43fb1/src/DomainModeling.Abstractions/SagaCompensated.cs","aa4a686677ab41b25ecdfd445b280b45d2f43fb1"
"DomainModeling.Abstractions","src/DomainModeling.Abstractions/SagaCompensating.cs","21","true","1-21","0DBFED3EE749AAC88A2AF2E49803F56795C09053FF2EDFF69FFE84E90F0107C3","0DBFED3EE749AAC88A2AF2E49803F56795C09053FF2EDFF69FFE84E90F0107C3","Project source","domain_hosting","","SagaCompensating starting compensation index and identity checked.","https://github.com/Gibbs-Morris/mississippi/blob/aa4a686677ab41b25ecdfd445b280b45d2f43fb1/src/DomainModeling.Abstractions/SagaCompensating.cs","aa4a686677ab41b25ecdfd445b280b45d2f43fb1"
"DomainModeling.Abstractions","src/DomainModeling.Abstractions/SagaCompleted.cs","23","true","1-23","08602698C930D5291FB76074E14FC0BB5357FB775EE4F82D077DEE9531247A7B","08602698C930D5291FB76074E14FC0BB5357FB775EE4F82D077DEE9531247A7B","Project source","domain_hosting","","SagaCompleted timestamp event and persisted identity checked.","https://github.com/Gibbs-Morris/mississippi/blob/aa4a686677ab41b25ecdfd445b280b45d2f43fb1/src/DomainModeling.Abstractions/SagaCompleted.cs","aa4a686677ab41b25ecdfd445b280b45d2f43fb1"
"DomainModeling.Abstractions","src/DomainModeling.Abstractions/SagaFailed.cs","35","true","1-35","1D20F55A9324BDB3F7E2853DFC3D305BC7FD73AD426DD3FA7E2DBEB2E13B251C","1D20F55A9324BDB3F7E2853DFC3D305BC7FD73AD426DD3FA7E2DBEB2E13B251C","Project source","domain_hosting","","SagaFailed error/timestamp payload and identity checked.","https://github.com/Gibbs-Morris/mississippi/blob/aa4a686677ab41b25ecdfd445b280b45d2f43fb1/src/DomainModeling.Abstractions/SagaFailed.cs","aa4a686677ab41b25ecdfd445b280b45d2f43fb1"
"DomainModeling.Abstractions","src/DomainModeling.Abstractions/SagaInputProvided.cs","30","true","1-30","56985E8DA4BC1DAF99F969175435D63EAD0E65C385FADB5FE0BAAA6C283242E7","56985E8DA4BC1DAF99F969175435D63EAD0E65C385FADB5FE0BAAA6C283242E7","Project source","domain_hosting","","SagaInputProvided generic payload, saga ID and shared persisted name checked; multiple closed input types require registry follow-up. Generic-name collision lead rejected: constructed-type helper hashes input identities; exact multiple-input registration regression test confirms the intended path.","https://github.com/Gibbs-Morris/mississippi/blob/aa4a686677ab41b25ecdfd445b280b45d2f43fb1/src/DomainModeling.Abstractions/SagaInputProvided.cs","aa4a686677ab41b25ecdfd445b280b45d2f43fb1"
"DomainModeling.Abstractions","src/DomainModeling.Abstractions/SagaStartedEvent.cs","41","true","1-41","09B005ACBD0BD475F52ADEC8816714D5085E98D8B446E5A8BB0D8131D7D32CA7","09B005ACBD0BD475F52ADEC8816714D5085E98D8B446E5A8BB0D8131D7D32CA7","Project source","domain_hosting","","SagaStartedEvent saga/hash/time/correlation payload and identity checked.","https://github.com/Gibbs-Morris/mississippi/blob/aa4a686677ab41b25ecdfd445b280b45d2f43fb1/src/DomainModeling.Abstractions/SagaStartedEvent.cs","aa4a686677ab41b25ecdfd445b280b45d2f43fb1"
"DomainModeling.Abstractions","src/DomainModeling.Abstractions/SagaStepAttribute.cs","35","true","1-35","6C823361C97577C9D9AB8530D5258DA66DD99DFFDDA7192932E611B485B49A18","6C823361C97577C9D9AB8530D5258DA66DD99DFFDDA7192932E611B485B49A18","Project source","domain_hosting","","SagaStepAttribute generic binding and zero-based order metadata checked.","https://github.com/Gibbs-Morris/mississippi/blob/aa4a686677ab41b25ecdfd445b280b45d2f43fb1/src/DomainModeling.Abstractions/SagaStepAttribute.cs","aa4a686677ab41b25ecdfd445b280b45d2f43fb1"
"DomainModeling.Abstractions","src/DomainModeling.Abstractions/SagaStepCompensated.cs","27","true","1-27","3DDDD65D6CDA086AB81E47B9DDB614C4390342473D1EBAB3664739126D5E9ACA","3DDDD65D6CDA086AB81E47B9DDB614C4390342473D1EBAB3664739126D5E9ACA","Project source","domain_hosting","","SagaStepCompensated step index/name payload and identity checked.","https://github.com/Gibbs-Morris/mississippi/blob/aa4a686677ab41b25ecdfd445b280b45d2f43fb1/src/DomainModeling.Abstractions/SagaStepCompensated.cs","aa4a686677ab41b25ecdfd445b280b45d2f43fb1"
"DomainModeling.Abstractions","src/DomainModeling.Abstractions/SagaStepCompleted.cs","35","true","1-35","5952962C33FB989474DD8A6222D3ED2160CED92EA0A3721952FE04C8D1B43FC4","5952962C33FB989474DD8A6222D3ED2160CED92EA0A3721952FE04C8D1B43FC4","Project source","domain_hosting","","SagaStepCompleted step/time/name payload and identity checked.","https://github.com/Gibbs-Morris/mississippi/blob/aa4a686677ab41b25ecdfd445b280b45d2f43fb1/src/DomainModeling.Abstractions/SagaStepCompleted.cs","aa4a686677ab41b25ecdfd445b280b45d2f43fb1"
"DomainModeling.Abstractions","src/DomainModeling.Abstractions/SagaStepFailed.cs","39","true","1-39","16E6B7998232BD741F0B87CF5625FA56DBBDE1829AD3CF0629526102C1D3DBB4","16E6B7998232BD741F0B87CF5625FA56DBBDE1829AD3CF0629526102C1D3DBB4","Project source","domain_hosting","","SagaStepFailed step/error payload and identity checked.","https://github.com/Gibbs-Morris/mississippi/blob/aa4a686677ab41b25ecdfd445b280b45d2f43fb1/src/DomainModeling.Abstractions/SagaStepFailed.cs","aa4a686677ab41b25ecdfd445b280b45d2f43fb1"
"DomainModeling.Abstractions","src/DomainModeling.Abstractions/SagaStepInfo.cs","52","true","1-52","307374F1FBE5D604ADC1D3CD4418F6E4F78C575C4697B42D0A2AAECABF547173","307374F1FBE5D604ADC1D3CD4418F6E4F78C575C4697B42D0A2AAECABF547173","Project source","domain_hosting","","SagaStepInfo constructor null guards and order/type/compensation metadata checked.","https://github.com/Gibbs-Morris/mississippi/blob/aa4a686677ab41b25ecdfd445b280b45d2f43fb1/src/DomainModeling.Abstractions/SagaStepInfo.cs","aa4a686677ab41b25ecdfd445b280b45d2f43fb1"
"DomainModeling.Abstractions","src/DomainModeling.Abstractions/SagaStepInfoProvider.cs","28","true","1-28","15D98AD37E040F4B9EB166FF56491C6A8F09835D751607D5D9A4317F6AAC74DA","15D98AD37E040F4B9EB166FF56491C6A8F09835D751607D5D9A4317F6AAC74DA","Project source","domain_hosting","","SagaStepInfoProvider null guard, list ownership and interface default applicability checked.","https://github.com/Gibbs-Morris/mississippi/blob/aa4a686677ab41b25ecdfd445b280b45d2f43fb1/src/DomainModeling.Abstractions/SagaStepInfoProvider.cs","aa4a686677ab41b25ecdfd445b280b45d2f43fb1"
"DomainModeling.Abstractions","src/DomainModeling.Abstractions/SagaStepInfoRegistrations.cs","32","true","1-32","987AFD45A1B43985F53C588C0377596AFF9614D15FB5B4F4CB25FFAF3E8558E2","987AFD45A1B43985F53C588C0377596AFF9614D15FB5B4F4CB25FFAF3E8558E2","Project source","domain_hosting","","SagaStepInfoRegistrations metadata singleton registration checked.","https://github.com/Gibbs-Morris/mississippi/blob/aa4a686677ab41b25ecdfd445b280b45d2f43fb1/src/DomainModeling.Abstractions/SagaStepInfoRegistrations.cs","aa4a686677ab41b25ecdfd445b280b45d2f43fb1"
"DomainModeling.Abstractions","src/DomainModeling.Abstractions/SimpleEventEffectBase.cs","68","true","1-68","381D600F529B3EDDA4E3EEC422715C13D01E2E36A800D596B27A72DEF25913AA","381D600F529B3EDDA4E3EEC422715C13D01E2E36A800D596B27A72DEF25913AA","Project source","domain_hosting","","SimpleEventEffectBase typed null guard, asynchronous side-effect execution and cancellation forwarding checked.","https://github.com/Gibbs-Morris/mississippi/blob/aa4a686677ab41b25ecdfd445b280b45d2f43fb1/src/DomainModeling.Abstractions/SimpleEventEffectBase.cs","aa4a686677ab41b25ecdfd445b280b45d2f43fb1"
"DomainModeling.Abstractions","src/DomainModeling.Abstractions/StartSagaCommand.cs","33","true","1-33","A688D436D324B70DE945F9E2491B226EA67B0ED2BC80B056558EDAC1BCF17A5E","A688D436D324B70DE945F9E2491B226EA67B0ED2BC80B056558EDAC1BCF17A5E","Project source","domain_hosting","","StartSagaCommand generic input, saga ID and serialization metadata checked.","https://github.com/Gibbs-Morris/mississippi/blob/aa4a686677ab41b25ecdfd445b280b45d2f43fb1/src/DomainModeling.Abstractions/StartSagaCommand.cs","aa4a686677ab41b25ecdfd445b280b45d2f43fb1"
"DomainModeling.Abstractions","src/DomainModeling.Abstractions/StepResult.cs","61","true","1-61","001C00AE52DDDBEDCCF78D4A4951D75FC40C548433C6A3057C7F83EB51A19069","001C00AE52DDDBEDCCF78D4A4951D75FC40C548433C6A3057C7F83EB51A19069","Project source","domain_hosting","","StepResult success/failure event-list factories checked.","https://github.com/Gibbs-Morris/mississippi/blob/aa4a686677ab41b25ecdfd445b280b45d2f43fb1/src/DomainModeling.Abstractions/StepResult.cs","aa4a686677ab41b25ecdfd445b280b45d2f43fb1"
"DomainModeling.Abstractions","src/DomainModeling.Abstractions/Subscriptions/IUxProjectionSubscriptionGrain.cs","71","true","1-71","01E5CB4EC55B318981A2EB16BD18BEA4D6A3D46A19F1885C934BD3C286CCA75A","01E5CB4EC55B318981A2EB16BD18BEA4D6A3D46A19F1885C934BD3C286CCA75A","Project source","domain_hosting","","IUxProjectionSubscriptionGrain connection-key lifecycle and server/client subscription-ID contracts checked.","https://github.com/Gibbs-Morris/mississippi/blob/aa4a686677ab41b25ecdfd445b280b45d2f43fb1/src/DomainModeling.Abstractions/Subscriptions/IUxProjectionSubscriptionGrain.cs","aa4a686677ab41b25ecdfd445b280b45d2f43fb1"
"DomainModeling.Abstractions","src/DomainModeling.Abstractions/Subscriptions/UxProjectionChangedEvent.cs","45","true","1-45","EBF5CE0A8E13C7AC6A43DEBCD9ED51767687CF1063A806E55F399D2A2309BD11","EBF5CE0A8E13C7AC6A43DEBCD9ED51767687CF1063A806E55F399D2A2309BD11","Project source","domain_hosting","","UxProjectionChangedEvent version/key/time and notification payload contract checked.","https://github.com/Gibbs-Morris/mississippi/blob/aa4a686677ab41b25ecdfd445b280b45d2f43fb1/src/DomainModeling.Abstractions/Subscriptions/UxProjectionChangedEvent.cs","aa4a686677ab41b25ecdfd445b280b45d2f43fb1"
"DomainModeling.Abstractions","src/DomainModeling.Abstractions/Subscriptions/UxProjectionSubscriptionRequest.cs","46","true","1-46","C5B08D757E4D66C707920507EAEB52E61681B637F83116E496C4AA8EDE62A80D","C5B08D757E4D66C707920507EAEB52E61681B637F83116E496C4AA8EDE62A80D","Project source","domain_hosting","","UxProjectionSubscriptionRequest projection/brook/entity/client-ID fields checked.","https://github.com/Gibbs-Morris/mississippi/blob/aa4a686677ab41b25ecdfd445b280b45d2f43fb1/src/DomainModeling.Abstractions/Subscriptions/UxProjectionSubscriptionRequest.cs","aa4a686677ab41b25ecdfd445b280b45d2f43fb1"
"DomainModeling.Abstractions","src/DomainModeling.Abstractions/UxProjectionCursorKey.cs","194","true","1-194","75F396BD38B27B2523F265C6D2B4AC93754919DC5960719102C29CB4633C7A78","75F396BD38B27B2523F265C6D2B4AC93754919DC5960719102C29CB4633C7A78","Project source","domain_hosting","","UxProjectionCursorKey constructors, length/separator guards, Parse/TryParse and BrookKey round trips checked.","https://github.com/Gibbs-Morris/mississippi/blob/aa4a686677ab41b25ecdfd445b280b45d2f43fb1/src/DomainModeling.Abstractions/UxProjectionCursorKey.cs","aa4a686677ab41b25ecdfd445b280b45d2f43fb1"
"DomainModeling.Abstractions","src/DomainModeling.Abstractions/UxProjectionKey.cs","102","true","1-102","A39D3989E5F505848E018DF1725D3ED1F4C6ECCDD72FE9049D3F2243C61618A7","A39D3989E5F505848E018DF1725D3ED1F4C6ECCDD72FE9049D3F2243C61618A7","Project source","domain_hosting","","UxProjectionKey input length/null guards, parsing, conversions and equality checked.","https://github.com/Gibbs-Morris/mississippi/blob/aa4a686677ab41b25ecdfd445b280b45d2f43fb1/src/DomainModeling.Abstractions/UxProjectionKey.cs","aa4a686677ab41b25ecdfd445b280b45d2f43fb1"
"DomainModeling.Abstractions","src/DomainModeling.Abstractions/UxProjectionNotificationKey.cs","164","true","1-164","CDAF5661E2A3EBE6BB7B34F4BEFD5DC1F960EFC7F1B297D5508815C87EBF8457","CDAF5661E2A3EBE6BB7B34F4BEFD5DC1F960EFC7F1B297D5508815C87EBF8457","Project source","domain_hosting","","UxProjectionNotificationKey composite validation, length accounting, parsing and stream identity checked.","https://github.com/Gibbs-Morris/mississippi/blob/aa4a686677ab41b25ecdfd445b280b45d2f43fb1/src/DomainModeling.Abstractions/UxProjectionNotificationKey.cs","aa4a686677ab41b25ecdfd445b280b45d2f43fb1"
"DomainModeling.Abstractions","src/DomainModeling.Abstractions/UxProjectionVersionedCacheKey.cs","241","true","1-241","CAF935595AE685AD96AC97D6A6827A6DBCF345252B549BFD351A993BA0BEF688","CAF935595AE685AD96AC97D6A6827A6DBCF345252B549BFD351A993BA0BEF688","Project source","domain_hosting","","UxProjectionVersionedCacheKey version/length/separator validation and Parse/TryParse/BrookKey/CursorKey round trips checked.","https://github.com/Gibbs-Morris/mississippi/blob/aa4a686677ab41b25ecdfd445b280b45d2f43fb1/src/DomainModeling.Abstractions/UxProjectionVersionedCacheKey.cs","aa4a686677ab41b25ecdfd445b280b45d2f43fb1"
"DomainModeling.Abstractions","src/DomainModeling.Abstractions/UxProjectionVersionedKey.cs","138","true","1-138","1E29F6F17047DB76761331E4F371AB6BB31C947D77618CDEAF221D77EF06B3D9","1E29F6F17047DB76761331E4F371AB6BB31C947D77618CDEAF221D77EF06B3D9","Project source","domain_hosting","","UxProjectionVersionedKey final-separator parsing, numeric bounds and key/version serialization checked.","https://github.com/Gibbs-Morris/mississippi/blob/aa4a686677ab41b25ecdfd445b280b45d2f43fb1/src/DomainModeling.Abstractions/UxProjectionVersionedKey.cs","aa4a686677ab41b25ecdfd445b280b45d2f43fb1"
"DomainModeling.Gateway","src/DomainModeling.Gateway/AggregateControllerBase.cs","164","true","1-164","D296D2E04EC050CA6360A86D4949D7D829DADCD74E8C1CE34706631F18F8C224","D296D2E04EC050CA6360A86D4949D7D829DADCD74E8C1CE34706631F18F8C224","Project source","domain_hosting","","AggregateControllerBase validation, pre/post hooks, operation-result response and InvalidOperationException handling checked.","https://github.com/Gibbs-Morris/mississippi/blob/aa4a686677ab41b25ecdfd445b280b45d2f43fb1/src/DomainModeling.Gateway/AggregateControllerBase.cs","aa4a686677ab41b25ecdfd445b280b45d2f43fb1"
"DomainModeling.Gateway","src/DomainModeling.Gateway/AggregateControllerLoggerExtensions.cs","66","true","1-66","2C8AF76A9E9E0BEAD8F9D45C28FAF6FB7C4AC6DAC1BB49AE5B5487A25890F921","2C8AF76A9E9E0BEAD8F9D45C28FAF6FB7C4AC6DAC1BB49AE5B5487A25890F921","Project source","domain_hosting","","AggregateControllerLoggerExtensions event parameter names, ordering and levels checked.","https://github.com/Gibbs-Morris/mississippi/blob/aa4a686677ab41b25ecdfd445b280b45d2f43fb1/src/DomainModeling.Gateway/AggregateControllerLoggerExtensions.cs","aa4a686677ab41b25ecdfd445b280b45d2f43fb1"
"DomainModeling.Gateway","src/DomainModeling.Gateway/AggregateServiceBase.cs","134","true","1-134","BD874C5F06C2231508C08799BD11BE410378BD1F6DA1FD427E2BD5F4C35400FA","BD874C5F06C2231508C08799BD11BE410378BD1F6DA1FD427E2BD5F4C35400FA","Project source","domain_hosting","","AggregateServiceBase factory routing, cancellation, pre/post hooks and success/failure forwarding checked.","https://github.com/Gibbs-Morris/mississippi/blob/aa4a686677ab41b25ecdfd445b280b45d2f43fb1/src/DomainModeling.Gateway/AggregateServiceBase.cs","aa4a686677ab41b25ecdfd445b280b45d2f43fb1"
"DomainModeling.Gateway","src/DomainModeling.Gateway/AggregateServiceLoggerExtensions.cs","66","true","1-66","371DBC13DBD176930A69D9CD9B4A47E0AB11AF7F7F13D5CF7DE767C1FBA4C33C","371DBC13DBD176930A69D9CD9B4A47E0AB11AF7F7F13D5CF7DE767C1FBA4C33C","Project source","domain_hosting","","AggregateServiceLoggerExtensions structured parameters and event IDs checked.","https://github.com/Gibbs-Morris/mississippi/blob/aa4a686677ab41b25ecdfd445b280b45d2f43fb1/src/DomainModeling.Gateway/AggregateServiceLoggerExtensions.cs","aa4a686677ab41b25ecdfd445b280b45d2f43fb1"
"DomainModeling.Gateway","src/DomainModeling.Gateway/UxProjectionControllerBase{TProjection,TDto}.cs","220","true","1-220","5FB89CF899C8AFA14D11D8FA06E754F1B9EF75BCEF44D2A78D749C070E246100","5FB89CF899C8AFA14D11D8FA06E754F1B9EF75BCEF44D2A78D749C070E246100","Project source","domain_hosting","If-none-match-valid-forms-ignored.md; Negative-projection-version-escapes-action.md; Projection-body-etag-version-race.md","UxProjectionControllerBase latest/historical/version routes, ETags, conditional responses, mapper/null checks and cancellation checked; ETag/data race and invalid negative version pending evidence.","https://github.com/Gibbs-Morris/mississippi/blob/aa4a686677ab41b25ecdfd445b280b45d2f43fb1/src/DomainModeling.Gateway/UxProjectionControllerBase{TProjection,TDto}.cs","aa4a686677ab41b25ecdfd445b280b45d2f43fb1"
"DomainModeling.Gateway","src/DomainModeling.Gateway/UxProjectionControllerLoggerExtensions.cs","135","true","1-135","13087DC08642857FC28B03BD2A9A23C393A41D5FD85E81E104982996956E9AEC","13087DC08642857FC28B03BD2A9A23C393A41D5FD85E81E104982996956E9AEC","Project source","domain_hosting","","UxProjectionControllerLoggerExtensions request/not-found/version/304/success parameters checked.","https://github.com/Gibbs-Morris/mississippi/blob/aa4a686677ab41b25ecdfd445b280b45d2f43fb1/src/DomainModeling.Gateway/UxProjectionControllerLoggerExtensions.cs","aa4a686677ab41b25ecdfd445b280b45d2f43fb1"
"DomainModeling.Runtime","src/DomainModeling.Runtime/AggregateGrainFactory.cs","55","true","1-55","67D373D6CCA1090DBB5839391C0368CDACF9A54A222A6CB3E8FBC635F24C3A9B","67D373D6CCA1090DBB5839391C0368CDACF9A54A222A6CB3E8FBC635F24C3A9B","Project source","domain_hosting","","AggregateGrainFactory string/typed-key routing, null/empty guards and generic grain resolution checked.","https://github.com/Gibbs-Morris/mississippi/blob/aa4a686677ab41b25ecdfd445b280b45d2f43fb1/src/DomainModeling.Runtime/AggregateGrainFactory.cs","aa4a686677ab41b25ecdfd445b280b45d2f43fb1"
"DomainModeling.Runtime","src/DomainModeling.Runtime/AggregateGrainFactoryLoggerExtensions.cs","23","true","1-23","6E85E185814B971CCA4D9A1596EDFC80C5FC321C672CBE599A8FB224D145EC22","6E85E185814B971CCA4D9A1596EDFC80C5FC321C672CBE599A8FB224D145EC22","Project source","domain_hosting","","AggregateGrainFactoryLoggerExtensions parameter binding checked.","https://github.com/Gibbs-Morris/mississippi/blob/aa4a686677ab41b25ecdfd445b280b45d2f43fb1/src/DomainModeling.Runtime/AggregateGrainFactoryLoggerExtensions.cs","aa4a686677ab41b25ecdfd445b280b45d2f43fb1"
"DomainModeling.Runtime","src/DomainModeling.Runtime/AggregateGrainLoggerExtensions.cs","390","true","1-390","575E910867468C888B4AFF3F68A459B97771F40D12F99BA39DB73DE3AB9C4253","575E910867468C888B4AFF3F68A459B97771F40D12F99BA39DB73DE3AB9C4253","Project source","domain_hosting","","AggregateGrainLoggerExtensions all command/hydration/reminder/error event definitions and structured fields checked.","https://github.com/Gibbs-Morris/mississippi/blob/aa4a686677ab41b25ecdfd445b280b45d2f43fb1/src/DomainModeling.Runtime/AggregateGrainLoggerExtensions.cs","aa4a686677ab41b25ecdfd445b280b45d2f43fb1"
"DomainModeling.Runtime","src/DomainModeling.Runtime/AggregateRegistrations.cs","399","true","1-399","24A64B023E8A1B59EE7C077F069E3E02EE744168653C20F583A9197743348DC4","24A64B023E8A1B59EE7C077F069E3E02EE744168653C20F583A9197743348DC4","Project source","domain_hosting","","AggregateRegistrations all command/effect/registry/assembly scan registrations, lifetimes and eager registry construction checked.","https://github.com/Gibbs-Morris/mississippi/blob/aa4a686677ab41b25ecdfd445b280b45d2f43fb1/src/DomainModeling.Runtime/AggregateRegistrations.cs","aa4a686677ab41b25ecdfd445b280b45d2f43fb1"
"DomainModeling.Runtime","src/DomainModeling.Runtime/BrookEventConverter.cs","94","true","1-94","1657366F40F3B822FF1F7FA8546DA42E9A775B1EB242DBB3A31B60DDD3304776","1657366F40F3B822FF1F7FA8546DA42E9A775B1EB242DBB3A31B60DDD3304776","Project source","domain_hosting","","BrookEventConverter name/type resolution, serialization metadata and immutable batch conversion checked.","https://github.com/Gibbs-Morris/mississippi/blob/aa4a686677ab41b25ecdfd445b280b45d2f43fb1/src/DomainModeling.Runtime/BrookEventConverter.cs","aa4a686677ab41b25ecdfd445b280b45d2f43fb1"
"DomainModeling.Runtime","src/DomainModeling.Runtime/DelegateCommandHandler.cs","51","true","1-51","C84C2EC1612BF65F321DB11CB0391B500786F3C726E5F45E81B6D5E700C74938","C84C2EC1612BF65F321DB11CB0391B500786F3C726E5F45E81B6D5E700C74938","Project source","domain_hosting","","DelegateCommandHandler delegate forwarding, null/type discrimination and state/result forwarding checked.","https://github.com/Gibbs-Morris/mississippi/blob/aa4a686677ab41b25ecdfd445b280b45d2f43fb1/src/DomainModeling.Runtime/DelegateCommandHandler.cs","aa4a686677ab41b25ecdfd445b280b45d2f43fb1"
"DomainModeling.Runtime","src/DomainModeling.Runtime/Diagnostics/AggregateMetrics.cs","138","true","1-138","B372F9E2F3F47723770B921E605E8221DD900EFFC47DEC265C0F89D369818073","B372F9E2F3F47723770B921E605E8221DD900EFFC47DEC265C0F89D369818073","Project source","domain_hosting","","AggregateMetrics command/state/conflict event counts and tag/duration recording checked.","https://github.com/Gibbs-Morris/mississippi/blob/aa4a686677ab41b25ecdfd445b280b45d2f43fb1/src/DomainModeling.Runtime/Diagnostics/AggregateMetrics.cs","aa4a686677ab41b25ecdfd445b280b45d2f43fb1"
"DomainModeling.Runtime","src/DomainModeling.Runtime/Diagnostics/EventEffectMetrics.cs","152","true","1-152","3D6962FFBE063DB629E81C77AEDDAB0204C10B0576A696B0503AAE6E32FA5EC8","3D6962FFBE063DB629E81C77AEDDAB0204C10B0576A696B0503AAE6E32FA5EC8","Project source","domain_hosting","","EventEffectMetrics execution/error/yield/slow/limit counters and tag/duration paths checked.","https://github.com/Gibbs-Morris/mississippi/blob/aa4a686677ab41b25ecdfd445b280b45d2f43fb1/src/DomainModeling.Runtime/Diagnostics/EventEffectMetrics.cs","aa4a686677ab41b25ecdfd445b280b45d2f43fb1"
"DomainModeling.Runtime","src/DomainModeling.Runtime/Diagnostics/FireAndForgetEffectMetrics.cs","133","true","1-133","A39A1857751719A7C54009875F7C75E865362553E803B0AF222EA90E67809FE1","A39A1857751719A7C54009875F7C75E865362553E803B0AF222EA90E67809FE1","Project source","domain_hosting","","FireAndForgetEffectMetrics dispatch/success/failure/duration counters checked.","https://github.com/Gibbs-Morris/mississippi/blob/aa4a686677ab41b25ecdfd445b280b45d2f43fb1/src/DomainModeling.Runtime/Diagnostics/FireAndForgetEffectMetrics.cs","aa4a686677ab41b25ecdfd445b280b45d2f43fb1"
"DomainModeling.Runtime","src/DomainModeling.Runtime/Diagnostics/UxProjectionMetrics.cs","139","true","1-139","C5C24DFF5A79446C5486EA3387E445580C76532E6D253752DE49438A742D50E4","C5C24DFF5A79446C5486EA3387E445580C76532E6D253752DE49438A742D50E4","Project source","domain_hosting","","UxProjectionMetrics query/result/cursor/subscription/cache/notification counters checked.","https://github.com/Gibbs-Morris/mississippi/blob/aa4a686677ab41b25ecdfd445b280b45d2f43fb1/src/DomainModeling.Runtime/Diagnostics/UxProjectionMetrics.cs","aa4a686677ab41b25ecdfd445b280b45d2f43fb1"
"DomainModeling.Runtime","src/DomainModeling.Runtime/EventEffectLoggerExtensions.cs","158","true","1-158","A3F791090C0AE8F088C326D4841CB2B9800A92527D8FDD2352223A59B398FA28","A3F791090C0AE8F088C326D4841CB2B9800A92527D8FDD2352223A59B398FA28","Project source","domain_hosting","","EventEffectLoggerExtensions all dispatch/enumeration/error/slow/limit event definitions checked.","https://github.com/Gibbs-Morris/mississippi/blob/aa4a686677ab41b25ecdfd445b280b45d2f43fb1/src/DomainModeling.Runtime/EventEffectLoggerExtensions.cs","aa4a686677ab41b25ecdfd445b280b45d2f43fb1"
"DomainModeling.Runtime","src/DomainModeling.Runtime/EventTypeRegistry.cs","91","true","1-91","119B5B85CF550CE908C2E26BE792F6DE08625E1C327838FDD299D03DC249CB8F","119B5B85CF550CE908C2E26BE792F6DE08625E1C327838FDD299D03DC249CB8F","Project source","domain_hosting","","EventTypeRegistry first-wins name/type dictionaries and assembly scanning checked; generic saga input collision follows directly from shared names.","https://github.com/Gibbs-Morris/mississippi/blob/aa4a686677ab41b25ecdfd445b280b45d2f43fb1/src/DomainModeling.Runtime/EventTypeRegistry.cs","aa4a686677ab41b25ecdfd445b280b45d2f43fb1"
"DomainModeling.Runtime","src/DomainModeling.Runtime/FireAndForgetEffectLoggerExtensions.cs","136","true","1-136","06D5873314778689198A41DB3846026BAAD5312249F6EB697C479B9D55028D1D","06D5873314778689198A41DB3846026BAAD5312249F6EB697C479B9D55028D1D","Project source","domain_hosting","","FireAndForgetEffectLoggerExtensions all execution/dispatch/failure/missing-envelope event definitions checked.","https://github.com/Gibbs-Morris/mississippi/blob/aa4a686677ab41b25ecdfd445b280b45d2f43fb1/src/DomainModeling.Runtime/FireAndForgetEffectLoggerExtensions.cs","aa4a686677ab41b25ecdfd445b280b45d2f43fb1"
"DomainModeling.Runtime","src/DomainModeling.Runtime/FireAndForgetEffectRegistration.cs","67","true","1-67","19F32D8B59DB2A2E9A405B5880E8A633FC700260E1E961BEFB27368AEF2F1136","19F32D8B59DB2A2E9A405B5880E8A633FC700260E1E961BEFB27368AEF2F1136","Project source","domain_hosting","","FireAndForgetEffectRegistration typed envelope construction, type selection and one-way worker call checked.","https://github.com/Gibbs-Morris/mississippi/blob/aa4a686677ab41b25ecdfd445b280b45d2f43fb1/src/DomainModeling.Runtime/FireAndForgetEffectRegistration.cs","aa4a686677ab41b25ecdfd445b280b45d2f43fb1"
"DomainModeling.Runtime","src/DomainModeling.Runtime/FireAndForgetEffectWorkerGrain.cs","183","true","1-183","2105E5217CF79AF411638ED728AEB0774D198650EDFB648BC384474F6F878C1B","2105E5217CF79AF411638ED728AEB0774D198650EDFB648BC384474F6F878C1B","Project source","domain_hosting","","FireAndForgetEffectWorkerGrain DI resolution, payload guards, cancellation, exception filters and metrics checked.","https://github.com/Gibbs-Morris/mississippi/blob/aa4a686677ab41b25ecdfd445b280b45d2f43fb1/src/DomainModeling.Runtime/FireAndForgetEffectWorkerGrain.cs","aa4a686677ab41b25ecdfd445b280b45d2f43fb1"
"DomainModeling.Runtime","src/DomainModeling.Runtime/GenericAggregateGrain.cs","907","true","1-320; 321-630; 631-907","9ADC92400B5B2A07F49DFA2704AD36721E1904F7FE2547BF41FB686B52AA937E","9ADC92400B5B2A07F49DFA2704AD36721E1904F7FE2547BF41FB686B52AA937E","Project source","domain_hosting","Aggregate-cache-after-committed-publication-failure.md; Effect-creation-disposal-bypasses-isolation.md; Yielded-events-skip-background-effects.md","GenericAggregateGrain entire constructor, activation, reads, commands, cached positions, optimistic concurrency, inline/background effects, reminder lifecycle and replay paths checked across 1-320,321-630,631-907.","https://github.com/Gibbs-Morris/mississippi/blob/aa4a686677ab41b25ecdfd445b280b45d2f43fb1/src/DomainModeling.Runtime/GenericAggregateGrain.cs","aa4a686677ab41b25ecdfd445b280b45d2f43fb1"
"DomainModeling.Runtime","src/DomainModeling.Runtime/ISagaReminderRegistry.cs","51","true","1-51","263610B7BF15300740605CA548EA77CF307CB05BC71C5BF09EE77E985DD26322","263610B7BF15300740605CA548EA77CF307CB05BC71C5BF09EE77E985DD26322","Project source","domain_hosting","","ISagaReminderRegistry durable scheduling/lookup/unregister seams checked.","https://github.com/Gibbs-Morris/mississippi/blob/aa4a686677ab41b25ecdfd445b280b45d2f43fb1/src/DomainModeling.Runtime/ISagaReminderRegistry.cs","aa4a686677ab41b25ecdfd445b280b45d2f43fb1"
"DomainModeling.Runtime","src/DomainModeling.Runtime/OrleansSagaReminderRegistry.cs","49","true","1-49","2B676299C13CA4D38F396BCA3EDC1745CE8EAEBE37AE038F3938E39DD7C22772","2B676299C13CA4D38F396BCA3EDC1745CE8EAEBE37AE038F3938E39DD7C22772","Project source","domain_hosting","","OrleansSagaReminderRegistry parameter validation and Orleans adapter forwarding checked.","https://github.com/Gibbs-Morris/mississippi/blob/aa4a686677ab41b25ecdfd445b280b45d2f43fb1/src/DomainModeling.Runtime/OrleansSagaReminderRegistry.cs","aa4a686677ab41b25ecdfd445b280b45d2f43fb1"
"DomainModeling.Runtime","src/DomainModeling.Runtime/RootCommandHandler.cs","166","true","1-166","8C41F21372342F8FEFFC13C392F4BBA51A0B55A23A85D010D8F5D9020C73903B","8C41F21372342F8FEFFC13C392F4BBA51A0B55A23A85D010D8F5D9020C73903B","Project source","domain_hosting","","RootCommandHandler reflection index, exact-type lookup, fallback order, handler result and no-handler failure checked.","https://github.com/Gibbs-Morris/mississippi/blob/aa4a686677ab41b25ecdfd445b280b45d2f43fb1/src/DomainModeling.Runtime/RootCommandHandler.cs","aa4a686677ab41b25ecdfd445b280b45d2f43fb1"
"DomainModeling.Runtime","src/DomainModeling.Runtime/RootCommandHandlerLoggerExtensions.cs","49","true","1-49","C4D2CB95B53913155CE510E40B5E6808498CDDBC1737043E90B5EE0921B9AC97","C4D2CB95B53913155CE510E40B5E6808498CDDBC1737043E90B5EE0921B9AC97","Project source","domain_hosting","","RootCommandHandlerLoggerExtensions match/no-match/handling fields checked.","https://github.com/Gibbs-Morris/mississippi/blob/aa4a686677ab41b25ecdfd445b280b45d2f43fb1/src/DomainModeling.Runtime/RootCommandHandlerLoggerExtensions.cs","aa4a686677ab41b25ecdfd445b280b45d2f43fb1"
"DomainModeling.Runtime","src/DomainModeling.Runtime/RootEventEffect.cs","337","true","1-337","87C3DB2E5789A270A02A8A37E56BC40D75CB33A70326A95CF8B4B0B12A6497CB","87C3DB2E5789A270A02A8A37E56BC40D75CB33A70326A95CF8B4B0B12A6497CB","Project source","domain_hosting","Effect-creation-disposal-bypasses-isolation.md","RootEventEffect reflection index/fallbacks, all-effect dispatch, async iteration, creation/disposal and cancellation/error isolation checked.","https://github.com/Gibbs-Morris/mississippi/blob/aa4a686677ab41b25ecdfd445b280b45d2f43fb1/src/DomainModeling.Runtime/RootEventEffect.cs","aa4a686677ab41b25ecdfd445b280b45d2f43fb1"
"DomainModeling.Runtime","src/DomainModeling.Runtime/SagaCompensatedReducer.cs","27","true","1-27","B560C9A07BA065D709E09F90621C055809E71F0CDDA066EF4FFCD0B8C3F5A036","B560C9A07BA065D709E09F90621C055809E71F0CDDA066EF4FFCD0B8C3F5A036","Project source","domain_hosting","","SagaCompensatedReducer immutable state copy and terminal phase update checked.","https://github.com/Gibbs-Morris/mississippi/blob/aa4a686677ab41b25ecdfd445b280b45d2f43fb1/src/DomainModeling.Runtime/SagaCompensatedReducer.cs","aa4a686677ab41b25ecdfd445b280b45d2f43fb1"
"DomainModeling.Runtime","src/DomainModeling.Runtime/SagaCompensatingReducer.cs","27","true","1-27","50B22A99B0D0A1FF06EB300F0BF5E12670387C4F87135C73C2E53D2557BAF04F","50B22A99B0D0A1FF06EB300F0BF5E12670387C4F87135C73C2E53D2557BAF04F","Project source","domain_hosting","","SagaCompensatingReducer immutable state copy and compensation phase update checked.","https://github.com/Gibbs-Morris/mississippi/blob/aa4a686677ab41b25ecdfd445b280b45d2f43fb1/src/DomainModeling.Runtime/SagaCompensatingReducer.cs","aa4a686677ab41b25ecdfd445b280b45d2f43fb1"
"DomainModeling.Runtime","src/DomainModeling.Runtime/SagaCompletedReducer.cs","27","true","1-27","954A3E38668CA1D5A3D02525FD07073B2433B95413127BA6D3D12FEC275C44D2","954A3E38668CA1D5A3D02525FD07073B2433B95413127BA6D3D12FEC275C44D2","Project source","domain_hosting","","SagaCompletedReducer immutable state copy and terminal phase update checked.","https://github.com/Gibbs-Morris/mississippi/blob/aa4a686677ab41b25ecdfd445b280b45d2f43fb1/src/DomainModeling.Runtime/SagaCompletedReducer.cs","aa4a686677ab41b25ecdfd445b280b45d2f43fb1"
"DomainModeling.Runtime","src/DomainModeling.Runtime/SagaFailedReducer.cs","27","true","1-27","9EB30CE3B990E48E7A42A8FDEE5843C48EA165B1C9EC97D70FAA2BEFFC322646","9EB30CE3B990E48E7A42A8FDEE5843C48EA165B1C9EC97D70FAA2BEFFC322646","Project source","domain_hosting","","SagaFailedReducer immutable state copy and terminal failure update checked.","https://github.com/Gibbs-Morris/mississippi/blob/aa4a686677ab41b25ecdfd445b280b45d2f43fb1/src/DomainModeling.Runtime/SagaFailedReducer.cs","aa4a686677ab41b25ecdfd445b280b45d2f43fb1"
"DomainModeling.Runtime","src/DomainModeling.Runtime/SagaInfrastructureReducers.cs","9","true","1-9","D80CF7850A4B1F140F77F2D11CDF32FF0829ACF8CF7590D3C0901EF02239B739","D80CF7850A4B1F140F77F2D11CDF32FF0829ACF8CF7590D3C0901EF02239B739","Excluded by Compile Remove","domain_hosting","","SagaInfrastructureReducers empty marker inspected in full; excluded from compilation and contains no executable behavior.","https://github.com/Gibbs-Morris/mississippi/blob/aa4a686677ab41b25ecdfd445b280b45d2f43fb1/src/DomainModeling.Runtime/SagaInfrastructureReducers.cs","aa4a686677ab41b25ecdfd445b280b45d2f43fb1"
"DomainModeling.Runtime","src/DomainModeling.Runtime/SagaInputProvidedReducer.cs","28","true","1-28","96A5CA32F6779852BA4E9CD33A6CF6C4A91BA6F96C903A30217021003C71D5CF","96A5CA32F6779852BA4E9CD33A6CF6C4A91BA6F96C903A30217021003C71D5CF","Project source","domain_hosting","","SagaInputProvidedReducer typed optional Input assignment and immutable copy checked.","https://github.com/Gibbs-Morris/mississippi/blob/aa4a686677ab41b25ecdfd445b280b45d2f43fb1/src/DomainModeling.Runtime/SagaInputProvidedReducer.cs","aa4a686677ab41b25ecdfd445b280b45d2f43fb1"
"DomainModeling.Runtime","src/DomainModeling.Runtime/SagaLifecycleEventClassifier.cs","69","true","1-69","140B771E70C8036BF8426FC83179CC04B9E4A9422C885FE4A26D3FCE8C1DE06B","140B771E70C8036BF8426FC83179CC04B9E4A9422C885FE4A26D3FCE8C1DE06B","Project source","domain_hosting","","SagaLifecycleEventClassifier orchestration/replay/input/terminal event sets and null/type guards checked.","https://github.com/Gibbs-Morris/mississippi/blob/aa4a686677ab41b25ecdfd445b280b45d2f43fb1/src/DomainModeling.Runtime/SagaLifecycleEventClassifier.cs","aa4a686677ab41b25ecdfd445b280b45d2f43fb1"
"DomainModeling.Runtime","src/DomainModeling.Runtime/SagaOrchestrationEffect.cs","295","true","1-295","2FEBBAB8EEB462877918CAF2F313A8656362F79ADB38C7C4FDB115233A8AE495","2FEBBAB8EEB462877918CAF2F313A8656362F79ADB38C7C4FDB115233A8AE495","Project source","domain_hosting","","SagaOrchestrationEffect forward step execution, emitted event order, failure/compensation chains, exception/cancellation handling and DI resolution checked.","https://github.com/Gibbs-Morris/mississippi/blob/aa4a686677ab41b25ecdfd445b280b45d2f43fb1/src/DomainModeling.Runtime/SagaOrchestrationEffect.cs","aa4a686677ab41b25ecdfd445b280b45d2f43fb1"
"DomainModeling.Runtime","src/DomainModeling.Runtime/SagaOrchestrationEffectLoggerExtensions.cs","76","true","1-76","5982866C5991E89D20B4E94B2CC5296879590085C9A34EA4B887688F3AA4BCCD","5982866C5991E89D20B4E94B2CC5296879590085C9A34EA4B887688F3AA4BCCD","Project source","domain_hosting","","SagaOrchestrationEffectLoggerExtensions step/type/index/error fields checked.","https://github.com/Gibbs-Morris/mississippi/blob/aa4a686677ab41b25ecdfd445b280b45d2f43fb1/src/DomainModeling.Runtime/SagaOrchestrationEffectLoggerExtensions.cs","aa4a686677ab41b25ecdfd445b280b45d2f43fb1"
"DomainModeling.Runtime","src/DomainModeling.Runtime/SagaRegistrations.cs","51","true","1-51","60654FCE16F5C46387339F6BE0395E5C911321511CC21A32DC57EF460666D6DA","60654FCE16F5C46387339F6BE0395E5C911321511CC21A32DC57EF460666D6DA","Project source","domain_hosting","","SagaRegistrations all lifecycle events, generic input, reducers, start command and root orchestration registrations checked.","https://github.com/Gibbs-Morris/mississippi/blob/aa4a686677ab41b25ecdfd445b280b45d2f43fb1/src/DomainModeling.Runtime/SagaRegistrations.cs","aa4a686677ab41b25ecdfd445b280b45d2f43fb1"
"DomainModeling.Runtime","src/DomainModeling.Runtime/SagaStartedReducer.cs","35","true","1-35","EA30B4D21C5A71019C5730BA37721F8E4BA0E6461A53F042C7B003865A5A7616","EA30B4D21C5A71019C5730BA37721F8E4BA0E6461A53F042C7B003865A5A7616","Project source","domain_hosting","","SagaStartedReducer identity/hash/time/correlation/phase/initial index assignments checked.","https://github.com/Gibbs-Morris/mississippi/blob/aa4a686677ab41b25ecdfd445b280b45d2f43fb1/src/DomainModeling.Runtime/SagaStartedReducer.cs","aa4a686677ab41b25ecdfd445b280b45d2f43fb1"
"DomainModeling.Runtime","src/DomainModeling.Runtime/SagaStateMutator.cs","58","true","1-58","998C628A8C200401BBEE26D06E29031454BB91B1CB92BCB5DD064578171B1499","998C628A8C200401BBEE26D06E29031454BB91B1CB92BCB5DD064578171B1499","Project source","domain_hosting","","SagaStateMutator parameterless construction, property-map caching, copy and update behavior checked.","https://github.com/Gibbs-Morris/mississippi/blob/aa4a686677ab41b25ecdfd445b280b45d2f43fb1/src/DomainModeling.Runtime/SagaStateMutator.cs","aa4a686677ab41b25ecdfd445b280b45d2f43fb1"
"DomainModeling.Runtime","src/DomainModeling.Runtime/SagaStatePropertyMap.cs","113","true","1-113","A7345D2314630B1DA7EEA9A515AC919B3C36E9799B16DA8AA1F9A0D9C8018CB3","A7345D2314630B1DA7EEA9A515AC919B3C36E9799B16DA8AA1F9A0D9C8018CB3","Project source","domain_hosting","","SagaStatePropertyMap reflection member selection, value copying and mandatory/optional assignment/type/null validation checked.","https://github.com/Gibbs-Morris/mississippi/blob/aa4a686677ab41b25ecdfd445b280b45d2f43fb1/src/DomainModeling.Runtime/SagaStatePropertyMap.cs","aa4a686677ab41b25ecdfd445b280b45d2f43fb1"
"DomainModeling.Runtime","src/DomainModeling.Runtime/SagaStepCompletedReducer.cs","30","true","1-30","2075C114633B71FACE820FD9BBDB5B8E4D702B44618ECDF882CDB1103EF3E0BA","2075C114633B71FACE820FD9BBDB5B8E4D702B44618ECDF882CDB1103EF3E0BA","Project source","domain_hosting","","SagaStepCompletedReducer immutable copy and last-completed index assignment checked.","https://github.com/Gibbs-Morris/mississippi/blob/aa4a686677ab41b25ecdfd445b280b45d2f43fb1/src/DomainModeling.Runtime/SagaStepCompletedReducer.cs","aa4a686677ab41b25ecdfd445b280b45d2f43fb1"
"DomainModeling.Runtime","src/DomainModeling.Runtime/SnapshotTypeRegistry.cs","93","true","1-93","97FDB429119D3E724353E5A8B7601B8C48D3739CB01AF9AA27C66B371285FDA6","97FDB429119D3E724353E5A8B7601B8C48D3739CB01AF9AA27C66B371285FDA6","Project source","domain_hosting","","SnapshotTypeRegistry first-wins dictionaries, retention-attribute access, lookups and assembly scanning checked.","https://github.com/Gibbs-Morris/mississippi/blob/aa4a686677ab41b25ecdfd445b280b45d2f43fb1/src/DomainModeling.Runtime/SnapshotTypeRegistry.cs","aa4a686677ab41b25ecdfd445b280b45d2f43fb1"
"DomainModeling.Runtime","src/DomainModeling.Runtime/StartSagaCommandHandler.cs","102","true","1-102","43DB41B815905A84500FD67D11EA9AC5E0E0C8AF138583567FD08F3957415A34","43DB41B815905A84500FD67D11EA9AC5E0E0C8AF138583567FD08F3957415A34","Project source","domain_hosting","","StartSagaCommandHandler lifecycle/metadata validation, step hash composition, clock and started/input event pair checked.","https://github.com/Gibbs-Morris/mississippi/blob/aa4a686677ab41b25ecdfd445b280b45d2f43fb1/src/DomainModeling.Runtime/StartSagaCommandHandler.cs","aa4a686677ab41b25ecdfd445b280b45d2f43fb1"
"DomainModeling.Runtime","src/DomainModeling.Runtime/Subscriptions/ActiveSubscription.cs","44","true","1-44","2B4C3A72336D21AAB488A4C20A9AB88A5D4AE970DCA0DFE240EF42260006AD66","2B4C3A72336D21AAB488A4C20A9AB88A5D4AE970DCA0DFE240EF42260006AD66","Project source","domain_hosting","","ActiveSubscription request/projection metadata and nonserialized stream handle inspected.","https://github.com/Gibbs-Morris/mississippi/blob/aa4a686677ab41b25ecdfd445b280b45d2f43fb1/src/DomainModeling.Runtime/Subscriptions/ActiveSubscription.cs","aa4a686677ab41b25ecdfd445b280b45d2f43fb1"
"DomainModeling.Runtime","src/DomainModeling.Runtime/Subscriptions/UxProjectionSubscriptionGrain.cs","155","true","1-155","BD64DD519600B6E6297919609AFC594241A418BF3F4B746C1C6FF0F67CFE8C63","BD64DD519600B6E6297919609AFC594241A418BF3F4B746C1C6FF0F67CFE8C63","Project source","domain_hosting","","UxProjectionSubscriptionGrain connection state, subscribe/unsubscribe/clear/activate paths checked; explicit unfinished stream scaffolding is missing functionality, excluded from bug queue.","https://github.com/Gibbs-Morris/mississippi/blob/aa4a686677ab41b25ecdfd445b280b45d2f43fb1/src/DomainModeling.Runtime/Subscriptions/UxProjectionSubscriptionGrain.cs","aa4a686677ab41b25ecdfd445b280b45d2f43fb1"
"DomainModeling.Runtime","src/DomainModeling.Runtime/Subscriptions/UxProjectionSubscriptionGrainLoggerExtensions.cs","98","true","1-98","D47D57E8531F31143652F076AAA64B532BF8DD7923E8E93EA01917327ADE8370","D47D57E8531F31143652F076AAA64B532BF8DD7923E8E93EA01917327ADE8370","Project source","domain_hosting","","UxProjectionSubscriptionGrainLoggerExtensions all connection/subscription identifiers and fields checked.","https://github.com/Gibbs-Morris/mississippi/blob/aa4a686677ab41b25ecdfd445b280b45d2f43fb1/src/DomainModeling.Runtime/Subscriptions/UxProjectionSubscriptionGrainLoggerExtensions.cs","aa4a686677ab41b25ecdfd445b280b45d2f43fb1"
"DomainModeling.Runtime","src/DomainModeling.Runtime/UxProjectionCursorGrain.cs","178","true","1-178","A1852DD4A82573B7490076BF9EC37C71AD0B2F56A70B0058413F33F5916B41F4","A1852DD4A82573B7490076BF9EC37C71AD0B2F56A70B0058413F33F5916B41F4","Project source","domain_hosting","Projection-cursor-durable-subscriptions-accumulate.md; Projection-cursor-read-subscribe-gap.md; Writer-ignores-custom-stream-id-factory.md","UxProjectionCursorGrain full activation, storage-before-subscribe ordering, stream token/position tracking, errors, completion and deactivation paths checked; missed-update window and discarded subscription handle require follow-up. Retained DomainModeling-only explicit-subscription lifecycle finding; Brooks default implicit subscription is documented counter-evidence, not a duplicate affected type.","https://github.com/Gibbs-Morris/mississippi/blob/aa4a686677ab41b25ecdfd445b280b45d2f43fb1/src/DomainModeling.Runtime/UxProjectionCursorGrain.cs","aa4a686677ab41b25ecdfd445b280b45d2f43fb1"
"DomainModeling.Runtime","src/DomainModeling.Runtime/UxProjectionCursorGrainLoggerExtensions.cs","66","true","1-66","A1CBC08292B4DB5086512AC7010164A6D1F911B05A4B9A9C746EA2D750F59D95","A1CBC08292B4DB5086512AC7010164A6D1F911B05A4B9A9C746EA2D750F59D95","Project source","domain_hosting","","UxProjectionCursorGrainLoggerExtensions activation/key/error/position/completion fields checked.","https://github.com/Gibbs-Morris/mississippi/blob/aa4a686677ab41b25ecdfd445b280b45d2f43fb1/src/DomainModeling.Runtime/UxProjectionCursorGrainLoggerExtensions.cs","aa4a686677ab41b25ecdfd445b280b45d2f43fb1"
"DomainModeling.Runtime","src/DomainModeling.Runtime/UxProjectionGrain.cs","194","true","1-194","70A855B2F67BD5B34293B139D9555D7B0F4F88D996F3217913E2FB4879048612","70A855B2F67BD5B34293B139D9555D7B0F4F88D996F3217913E2FB4879048612","Project source","domain_hosting","Negative-projection-version-escapes-action.md; Projection-body-etag-version-race.md; Projection-cursor-read-subscribe-gap.md; Writer-ignores-custom-stream-id-factory.md","UxProjectionGrain latest/versioned routing, cursor reads, no-events/version handling, cache keys, cancellation and activation checked.","https://github.com/Gibbs-Morris/mississippi/blob/aa4a686677ab41b25ecdfd445b280b45d2f43fb1/src/DomainModeling.Runtime/UxProjectionGrain.cs","aa4a686677ab41b25ecdfd445b280b45d2f43fb1"
"DomainModeling.Runtime","src/DomainModeling.Runtime/UxProjectionGrainFactory.cs","86","true","1-86","62E20BC7DBDDA189EBECE23C8EB3DA6F1AF24BAAF361F302B64D07F7D4CF021E","62E20BC7DBDDA189EBECE23C8EB3DA6F1AF24BAAF361F302B64D07F7D4CF021E","Project source","domain_hosting","","UxProjectionGrainFactory all typed/untyped cursor/cache/projection overloads and Orleans keys checked.","https://github.com/Gibbs-Morris/mississippi/blob/aa4a686677ab41b25ecdfd445b280b45d2f43fb1/src/DomainModeling.Runtime/UxProjectionGrainFactory.cs","aa4a686677ab41b25ecdfd445b280b45d2f43fb1"
"DomainModeling.Runtime","src/DomainModeling.Runtime/UxProjectionGrainFactoryLoggerExtensions.cs","42","true","1-42","351B13900FBB5A214091EA725032357EAE2109C1658A42727A9FE8FC1EABE03C","351B13900FBB5A214091EA725032357EAE2109C1658A42727A9FE8FC1EABE03C","Project source","domain_hosting","","UxProjectionGrainFactoryLoggerExtensions key/type/entity fields checked.","https://github.com/Gibbs-Morris/mississippi/blob/aa4a686677ab41b25ecdfd445b280b45d2f43fb1/src/DomainModeling.Runtime/UxProjectionGrainFactoryLoggerExtensions.cs","aa4a686677ab41b25ecdfd445b280b45d2f43fb1"
"DomainModeling.Runtime","src/DomainModeling.Runtime/UxProjectionGrainLoggerExtensions.cs","81","true","1-81","1F24A1BA49548CEE6A20A8EAF0EFF8B1B0F797F1EB29501F8C92B3243FB2D524","1F24A1BA49548CEE6A20A8EAF0EFF8B1B0F797F1EB29501F8C92B3243FB2D524","Project source","domain_hosting","","Reviewed all projection grain logging templates, event IDs, field arguments and exceptions; no supported runtime defect found.","https://github.com/Gibbs-Morris/mississippi/blob/aa4a686677ab41b25ecdfd445b280b45d2f43fb1/src/DomainModeling.Runtime/UxProjectionGrainLoggerExtensions.cs","aa4a686677ab41b25ecdfd445b280b45d2f43fb1"
"DomainModeling.Runtime","src/DomainModeling.Runtime/UxProjectionRegistrations.cs","29","true","1-29","0A9C03761DDB3934E5790DDE46EA5532AB93EEED035345E78EB66899B7129784","0A9C03761DDB3934E5790DDE46EA5532AB93EEED035345E78EB66899B7129784","Project source","domain_hosting","","Reviewed transient projection factory registration and per-type singleton reducers/scan registration; no supported runtime defect found.","https://github.com/Gibbs-Morris/mississippi/blob/aa4a686677ab41b25ecdfd445b280b45d2f43fb1/src/DomainModeling.Runtime/UxProjectionRegistrations.cs","aa4a686677ab41b25ecdfd445b280b45d2f43fb1"
"DomainModeling.Runtime","src/DomainModeling.Runtime/UxProjectionVersionedCacheGrain.cs","138","true","1-138","ED7D3C1E426EA2CEEADBA06853A0B0162ED11D6EA48ADE5BF92EF791D9FBEDD1","ED7D3C1E426EA2CEEADBA06853A0B0162ED11D6EA48ADE5BF92EF791D9FBEDD1","Project source","domain_hosting","","Reviewed activation-time loading, historical cache identity, snapshot reconstruction and GetAsync cached result; underlying reader behavior remains a supporting cross-scope lead owned by root.","https://github.com/Gibbs-Morris/mississippi/blob/aa4a686677ab41b25ecdfd445b280b45d2f43fb1/src/DomainModeling.Runtime/UxProjectionVersionedCacheGrain.cs","aa4a686677ab41b25ecdfd445b280b45d2f43fb1"
"DomainModeling.Runtime","src/DomainModeling.Runtime/UxProjectionVersionedCacheGrainLoggerExtensions.cs","65","true","1-65","7CA770C7BFDDEECD72A7DB62098FC8BD539DFD340B3CC8CC2EEB07734DD3F486","7CA770C7BFDDEECD72A7DB62098FC8BD539DFD340B3CC8CC2EEB07734DD3F486","Project source","domain_hosting","","Reviewed all versioned cache logging templates, activation/load conditions and arguments; no supported runtime defect found.","https://github.com/Gibbs-Morris/mississippi/blob/aa4a686677ab41b25ecdfd445b280b45d2f43fb1/src/DomainModeling.Runtime/UxProjectionVersionedCacheGrainLoggerExtensions.cs","aa4a686677ab41b25ecdfd445b280b45d2f43fb1"
"DomainModeling.TestHarness","src/DomainModeling.TestHarness/Aggregates/AggregateScenario.cs","380","true","1-380","071DF55105AA86EBFEDB4E30B9E3EEF2BA5104E64D0CC3C6686D5639920A627D","071DF55105AA86EBFEDB4E30B9E3EEF2BA5104E64D0CC3C6686D5639920A627D","Project source","domain_hosting","","Reviewed scenario Given/When/Then sequencing, reflection dispatch, error tracking, state reduction and assertion short-circuit behavior. Success assertions use event-count/name heuristics per their documented restriction; no selected finding.","https://github.com/Gibbs-Morris/mississippi/blob/aa4a686677ab41b25ecdfd445b280b45d2f43fb1/src/DomainModeling.TestHarness/Aggregates/AggregateScenario.cs","aa4a686677ab41b25ecdfd445b280b45d2f43fb1"
"DomainModeling.TestHarness","src/DomainModeling.TestHarness/Aggregates/AggregateTestHarness.cs","163","true","1-163","C018D8DE85FB54DC5DE60045DF074CF548A44ED0E2E2B98DA624B3B06FACAD64","C018D8DE85FB54DC5DE60045DF074CF548A44ED0E2E2B98DA624B3B06FACAD64","Project source","domain_hosting","","Reviewed handler/reducer registration, initial state, scenario construction and shared-reference behavior; no supported defect selected.","https://github.com/Gibbs-Morris/mississippi/blob/aa4a686677ab41b25ecdfd445b280b45d2f43fb1/src/DomainModeling.TestHarness/Aggregates/AggregateTestHarness.cs","aa4a686677ab41b25ecdfd445b280b45d2f43fb1"
"DomainModeling.TestHarness","src/DomainModeling.TestHarness/Aggregates/CommandHandlerTestExtensions.cs","304","true","1-304","42BF1DE5AC0A48FF4038CA31E7D7D823B67BB768AE6A97DD69AF5C78B35AC5D2","42BF1DE5AC0A48FF4038CA31E7D7D823B67BB768AE6A97DD69AF5C78B35AC5D2","Project source","domain_hosting","","Reviewed all isolated handler execution and result/event/error assertions, null guards and structural comparison; no supported defect selected.","https://github.com/Gibbs-Morris/mississippi/blob/aa4a686677ab41b25ecdfd445b280b45d2f43fb1/src/DomainModeling.TestHarness/Aggregates/CommandHandlerTestExtensions.cs","aa4a686677ab41b25ecdfd445b280b45d2f43fb1"
"DomainModeling.TestHarness","src/DomainModeling.TestHarness/Architecture/AliasExceptionClassification.cs","22","true","1-22","35313E723D9C7F15B27CB8029C1B83EDCF9D73AF8C899A895617078A6C418A17","35313E723D9C7F15B27CB8029C1B83EDCF9D73AF8C899A895617078A6C418A17","Project source","domain_hosting","","Reviewed all alias exception classification members; no executable behavior or supported defect.","https://github.com/Gibbs-Morris/mississippi/blob/aa4a686677ab41b25ecdfd445b280b45d2f43fb1/src/DomainModeling.TestHarness/Architecture/AliasExceptionClassification.cs","aa4a686677ab41b25ecdfd445b280b45d2f43fb1"
"DomainModeling.TestHarness","src/DomainModeling.TestHarness/Architecture/AliasMismatchCategory.cs","12","true","1-12","9DB00EAF5AB640E55CBC8EE2E78CBCC189A61BBD2508FD1267B5AF448BAA6333","9DB00EAF5AB640E55CBC8EE2E78CBCC189A61BBD2508FD1267B5AF448BAA6333","Project source","domain_hosting","","Reviewed alias mismatch category contract; no executable behavior or supported defect.","https://github.com/Gibbs-Morris/mississippi/blob/aa4a686677ab41b25ecdfd445b280b45d2f43fb1/src/DomainModeling.TestHarness/Architecture/AliasMismatchCategory.cs","aa4a686677ab41b25ecdfd445b280b45d2f43fb1"
"DomainModeling.TestHarness","src/DomainModeling.TestHarness/Architecture/AliasTypeCategory.cs","42","true","1-42","A45E0DCCB8F39ED2D0E489E0DED3F8C59AF7349D43DF68C12B50E3AD9197E005","A45E0DCCB8F39ED2D0E489E0DED3F8C59AF7349D43DF68C12B50E3AD9197E005","Project source","domain_hosting","","Reviewed alias type category members used by reports; no supported defect.","https://github.com/Gibbs-Morris/mississippi/blob/aa4a686677ab41b25ecdfd445b280b45d2f43fb1/src/DomainModeling.TestHarness/Architecture/AliasTypeCategory.cs","aa4a686677ab41b25ecdfd445b280b45d2f43fb1"
"DomainModeling.TestHarness","src/DomainModeling.TestHarness/Architecture/AliasValidation.cs","300","true","1-300","C7F2E9DD3EC620A9922977540820E52695E41297FBB75230B7651A7C5CF0C1DC","C7F2E9DD3EC620A9922977540820E52695E41297FBB75230B7651A7C5CF0C1DC","Project source","domain_hosting","","Reviewed assembly/type selection, load-error handling, generated-type exclusion, alias comparison, exception normalization/matching, diagnostics and report writes; no supported defect selected.","https://github.com/Gibbs-Morris/mississippi/blob/aa4a686677ab41b25ecdfd445b280b45d2f43fb1/src/DomainModeling.TestHarness/Architecture/AliasValidation.cs","aa4a686677ab41b25ecdfd445b280b45d2f43fb1"
"DomainModeling.TestHarness","src/DomainModeling.TestHarness/Architecture/AliasValidationExceptionRegistry.cs","15","true","1-15","4736D6E4468E091F0B611BB6D30AB42AB46056ED0A0640A996D76C6209695D6C","4736D6E4468E091F0B611BB6D30AB42AB46056ED0A0640A996D76C6209695D6C","Project source","domain_hosting","","Reviewed central empty immutable exception registry; no supported defect.","https://github.com/Gibbs-Morris/mississippi/blob/aa4a686677ab41b25ecdfd445b280b45d2f43fb1/src/DomainModeling.TestHarness/Architecture/AliasValidationExceptionRegistry.cs","aa4a686677ab41b25ecdfd445b280b45d2f43fb1"
"DomainModeling.TestHarness","src/DomainModeling.TestHarness/Architecture/AliasValidationExceptionRule.cs","17","true","1-17","1F6579C5ADCD247C81698DFEC80102C024FC0377E157855D399753F121B85511","1F6579C5ADCD247C81698DFEC80102C024FC0377E157855D399753F121B85511","Project source","domain_hosting","","Reviewed alias exception rule shape and nullable match keys; no supported defect.","https://github.com/Gibbs-Morris/mississippi/blob/aa4a686677ab41b25ecdfd445b280b45d2f43fb1/src/DomainModeling.TestHarness/Architecture/AliasValidationExceptionRule.cs","aa4a686677ab41b25ecdfd445b280b45d2f43fb1"
"DomainModeling.TestHarness","src/DomainModeling.TestHarness/Architecture/AliasValidationResult.cs","19","true","1-19","A6C0F27AC3B8DE3B8BA445D7A583A80101162F5A5CA5DFE40B8A80057E77DDE3","A6C0F27AC3B8DE3B8BA445D7A583A80101162F5A5CA5DFE40B8A80057E77DDE3","Project source","domain_hosting","","Reviewed mismatch result shape and classifications; no supported defect.","https://github.com/Gibbs-Morris/mississippi/blob/aa4a686677ab41b25ecdfd445b280b45d2f43fb1/src/DomainModeling.TestHarness/Architecture/AliasValidationResult.cs","aa4a686677ab41b25ecdfd445b280b45d2f43fb1"
"DomainModeling.TestHarness","src/DomainModeling.TestHarness/Architecture/AliasValidationSummary.cs","73","true","1-73","F6B24124FAA1E4FC6DD407EC897BBE8071DC29EE50E9082C74942FE2525D0DF7","F6B24124FAA1E4FC6DD407EC897BBE8071DC29EE50E9082C74942FE2525D0DF7","Project source","domain_hosting","","Reviewed deterministic report formatting, empty/default arrays and exception formatting; no supported defect.","https://github.com/Gibbs-Morris/mississippi/blob/aa4a686677ab41b25ecdfd445b280b45d2f43fb1/src/DomainModeling.TestHarness/Architecture/AliasValidationSummary.cs","aa4a686677ab41b25ecdfd445b280b45d2f43fb1"
"DomainModeling.TestHarness","src/DomainModeling.TestHarness/Effects/EffectTestExtensions.cs","123","true","1-123","2F890C9A54777F0D40214EAEB605298F3960FDF95BD705B884B75AE5BD485EF3","2F890C9A54777F0D40214EAEB605298F3960FDF95BD705B884B75AE5BD485EF3","Project source","domain_hosting","","Reviewed dispatched-command assertions, target and command matching, missing-result fail-fast behavior and fluent wrappers; no supported defect.","https://github.com/Gibbs-Morris/mississippi/blob/aa4a686677ab41b25ecdfd445b280b45d2f43fb1/src/DomainModeling.TestHarness/Effects/EffectTestExtensions.cs","aa4a686677ab41b25ecdfd445b280b45d2f43fb1"
"DomainModeling.TestHarness","src/DomainModeling.TestHarness/Effects/EffectTestHarness.cs","234","true","1-234","4E9E78FA1D612BD285036BEC4948FF73C09BB8A7E75980D15ACE4EB76BBB11C7","4E9E78FA1D612BD285036BEC4948FF73C09BB8A7E75980D15ACE4EB76BBB11C7","Project source","domain_hosting","","Reviewed reflective effect invocation, Task/async enumeration handling, mock grain routing, dispatched-command capture, configurable grain/brook/event keys and setup; no supported defect selected.","https://github.com/Gibbs-Morris/mississippi/blob/aa4a686677ab41b25ecdfd445b280b45d2f43fb1/src/DomainModeling.TestHarness/Effects/EffectTestHarness.cs","aa4a686677ab41b25ecdfd445b280b45d2f43fb1"
"DomainModeling.TestHarness","src/DomainModeling.TestHarness/Effects/EffectTestResult.cs","45","true","1-45","135E7D26367362903E12BE457E8E94BE177073E840780954AB2F5DD64FE71DFA","135E7D26367362903E12BE457E8E94BE177073E840780954AB2F5DD64FE71DFA","Project source","domain_hosting","","Reviewed captured dispatch list, count and HasDispatches assertions; no supported defect.","https://github.com/Gibbs-Morris/mississippi/blob/aa4a686677ab41b25ecdfd445b280b45d2f43fb1/src/DomainModeling.TestHarness/Effects/EffectTestResult.cs","aa4a686677ab41b25ecdfd445b280b45d2f43fb1"
"DomainModeling.TestHarness","src/DomainModeling.TestHarness/Effects/FireAndForgetEffectTestHarness.cs","180","true","1-180","0AB0D4455414C2D11EECF52C7960858737AEFCC06D9F9BDE9A5FF3C1D3A012F7","0AB0D4455414C2D11EECF52C7960858737AEFCC06D9F9BDE9A5FF3C1D3A012F7","Project source","domain_hosting","","Reviewed background effect execution, mock aggregate routing, response/capture, key/position configuration and null checks; no supported defect selected.","https://github.com/Gibbs-Morris/mississippi/blob/aa4a686677ab41b25ecdfd445b280b45d2f43fb1/src/DomainModeling.TestHarness/Effects/FireAndForgetEffectTestHarness.cs","aa4a686677ab41b25ecdfd445b280b45d2f43fb1"
"DomainModeling.TestHarness","src/DomainModeling.TestHarness/Projections/ProjectionScenario.cs","226","true","1-226","0AF4514F73FFAA54E951950AF244E2A34A48F5519C4A39D7B2C0D14F91CA76B0","0AF4514F73FFAA54E951950AF244E2A34A48F5519C4A39D7B2C0D14F91CA76B0","Project source","domain_hosting","","Reviewed projection scenario event sequencing, state reduction and structural/predicate assertions; no supported defect selected.","https://github.com/Gibbs-Morris/mississippi/blob/aa4a686677ab41b25ecdfd445b280b45d2f43fb1/src/DomainModeling.TestHarness/Projections/ProjectionScenario.cs","aa4a686677ab41b25ecdfd445b280b45d2f43fb1"
"DomainModeling.TestHarness","src/DomainModeling.TestHarness/Projections/ReducerTestExtensions.cs","143","true","1-143","2D75AFC8ED50CCD77AD5B6EF580ED42D18F13EFEBF0EFA5D2246AAB98C433D82","2D75AFC8ED50CCD77AD5B6EF580ED42D18F13EFEBF0EFA5D2246AAB98C433D82","Project source","domain_hosting","","Reviewed direct reducer invocation, output assertions, exception type/aggregate matching and wildcard message matching; no supported defect selected.","https://github.com/Gibbs-Morris/mississippi/blob/aa4a686677ab41b25ecdfd445b280b45d2f43fb1/src/DomainModeling.TestHarness/Projections/ReducerTestExtensions.cs","aa4a686677ab41b25ecdfd445b280b45d2f43fb1"
"DomainModeling.TestHarness","src/DomainModeling.TestHarness/Projections/ReducerTestHarness.cs","213","true","1-213","976E7F733EE30155B517BC1FDF1C015FB7C453FB4F1EBA21DBA010BE99DCF739","976E7F733EE30155B517BC1FDF1C015FB7C453FB4F1EBA21DBA010BE99DCF739","Project source","domain_hosting","","Reviewed reducer selection, typed versus reflective execution, initial-state/scenario semantics and registration; no supported defect selected.","https://github.com/Gibbs-Morris/mississippi/blob/aa4a686677ab41b25ecdfd445b280b45d2f43fb1/src/DomainModeling.TestHarness/Projections/ReducerTestHarness.cs","aa4a686677ab41b25ecdfd445b280b45d2f43fb1"
"DomainModeling.TestHarness","src/DomainModeling.TestHarness/StructuralAssertions.cs","172","true","1-172","5316EFC12729FDAC56D6B26FBDC5D616C45AE7F563E6395A8B612DCFE7EF1244","5316EFC12729FDAC56D6B26FBDC5D616C45AE7F563E6395A8B612DCFE7EF1244","Project source","domain_hosting","","Reviewed structural comparison of primitives, dictionaries, ordered/unordered collections with matching reassignment, public-member subsets, cycles and exceptions; no supported defect selected.","https://github.com/Gibbs-Morris/mississippi/blob/aa4a686677ab41b25ecdfd445b280b45d2f43fb1/src/DomainModeling.TestHarness/StructuralAssertions.cs","aa4a686677ab41b25ecdfd445b280b45d2f43fb1"
"Hosting.Abstractions","src/Hosting.Abstractions/BuilderDiagnostic.cs","46","true","1-46","50B16D364A07F59C92E49A8054ED07F5D47082F45AC5A6519AD0946AF6FA2406","50B16D364A07F59C92E49A8054ED07F5D47082F45AC5A6519AD0946AF6FA2406","Project source","domain_hosting","","Reviewed immutable builder diagnostic shape and validation; no supported defect.","https://github.com/Gibbs-Morris/mississippi/blob/aa4a686677ab41b25ecdfd445b280b45d2f43fb1/src/Hosting.Abstractions/BuilderDiagnostic.cs","aa4a686677ab41b25ecdfd445b280b45d2f43fb1"
"Hosting.Abstractions","src/Hosting.Abstractions/BuilderDiagnosticCodes.cs","38","true","1-38","E9F6B80F4890F079A8508CCEF40E306A933F59B8A8EB52363D47DE8FFBC3BD53","E9F6B80F4890F079A8508CCEF40E306A933F59B8A8EB52363D47DE8FFBC3BD53","Project source","domain_hosting","","Reviewed all stable builder diagnostic constants and descriptions; no supported defect.","https://github.com/Gibbs-Morris/mississippi/blob/aa4a686677ab41b25ecdfd445b280b45d2f43fb1/src/Hosting.Abstractions/BuilderDiagnosticCodes.cs","aa4a686677ab41b25ecdfd445b280b45d2f43fb1"
"Hosting.Abstractions","src/Hosting.Abstractions/BuilderValidationException.cs","85","true","1-85","BF3525D5774EDEF9298F53CB5EFBCA27A1C565ABC3F6F5A061DA5DD54571F6CA","BF3525D5774EDEF9298F53CB5EFBCA27A1C565ABC3F6F5A061DA5DD54571F6CA","Project source","domain_hosting","","Reviewed exception constructors, copied immutable diagnostics, message rendering and input validation; no supported defect.","https://github.com/Gibbs-Morris/mississippi/blob/aa4a686677ab41b25ecdfd445b280b45d2f43fb1/src/Hosting.Abstractions/BuilderValidationException.cs","aa4a686677ab41b25ecdfd445b280b45d2f43fb1"
"Hosting.Abstractions","src/Hosting.Abstractions/IMississippiBuilder.cs","26","true","1-26","61491D7A23AE6339B562407F2094865506BCE713318E5141D925A43ADD837D80","61491D7A23AE6339B562407F2094865506BCE713318E5141D925A43ADD837D80","Project source","domain_hosting","","Reviewed staged Services and nonmutating Validate contract; no supported defect.","https://github.com/Gibbs-Morris/mississippi/blob/aa4a686677ab41b25ecdfd445b280b45d2f43fb1/src/Hosting.Abstractions/IMississippiBuilder.cs","aa4a686677ab41b25ecdfd445b280b45d2f43fb1"
"Hosting.Client","src/Hosting.Client/ClientAttachment.cs","12","true","1-12","8DC4A8D5651EFDF261F7C7A57CE247EEC96F4BB771B2EED0D920D5486C3ED29A","8DC4A8D5651EFDF261F7C7A57CE247EEC96F4BB771B2EED0D920D5486C3ED29A","Project source","domain_hosting","","Reviewed client host damage marker; no supported defect.","https://github.com/Gibbs-Morris/mississippi/blob/aa4a686677ab41b25ecdfd445b280b45d2f43fb1/src/Hosting.Client/ClientAttachment.cs","aa4a686677ab41b25ecdfd445b280b45d2f43fb1"
"Hosting.Client","src/Hosting.Client/ClientBuilder.cs","102","true","1-102","05675393F64405EC4A1819A234CC04EB62E7CD0844A397AC5EAD86A42BA3B9AA","05675393F64405EC4A1819A234CC04EB62E7CD0844A397AC5EAD86A42BA3B9AA","Project source","domain_hosting","","Reviewed staged client services, terminal state, callback validation, Reservoir composition reuse and aborted scope diagnostics; no supported defect selected.","https://github.com/Gibbs-Morris/mississippi/blob/aa4a686677ab41b25ecdfd445b280b45d2f43fb1/src/Hosting.Client/ClientBuilder.cs","aa4a686677ab41b25ecdfd445b280b45d2f43fb1"
"Hosting.Client","src/Hosting.Client/ClientHostingRegistrations.cs","201","true","1-201","06534A4D5A77D71DDDFC9E8E5CB80DB0228CF3566C2D892103CC705F0ED6D1D3","06534A4D5A77D71DDDFC9E8E5CB80DB0228CF3566C2D892103CC705F0ED6D1D3","Project source","domain_hosting","","Reviewed client reservation, duplicate/reentrant rejection, staged service copy, direct-host mutation checks, terminal publication/rollback and cleanup; no supported defect selected.","https://github.com/Gibbs-Morris/mississippi/blob/aa4a686677ab41b25ecdfd445b280b45d2f43fb1/src/Hosting.Client/ClientHostingRegistrations.cs","aa4a686677ab41b25ecdfd445b280b45d2f43fb1"
"Hosting.Runtime","src/Hosting.Runtime/RuntimeAttachment.cs","12","true","1-12","3A37B06564A35410107AA4106E5FF2EA704AF1C050F61A4C56B39A67969F5E73","3A37B06564A35410107AA4106E5FF2EA704AF1C050F61A4C56B39A67969F5E73","Project source","domain_hosting","","Reviewed runtime host damage marker; no supported defect.","https://github.com/Gibbs-Morris/mississippi/blob/aa4a686677ab41b25ecdfd445b280b45d2f43fb1/src/Hosting.Runtime/RuntimeAttachment.cs","aa4a686677ab41b25ecdfd445b280b45d2f43fb1"
"Hosting.Runtime","src/Hosting.Runtime/RuntimeBuilder.cs","187","true","1-187","E295B3D38689671ECB83F3FB6F77EA86EE920E7F42DD363DE4E22715FFEC3E23","E295B3D38689671ECB83F3FB6F77EA86EE920E7F42DD363DE4E22715FFEC3E23","Project source","domain_hosting","","Reviewed native callback queuing, ownership validation, one-time application, failure state, scope freezing and validation; no supported defect selected.","https://github.com/Gibbs-Morris/mississippi/blob/aa4a686677ab41b25ecdfd445b280b45d2f43fb1/src/Hosting.Runtime/RuntimeBuilder.cs","aa4a686677ab41b25ecdfd445b280b45d2f43fb1"
"Hosting.Runtime","src/Hosting.Runtime/RuntimeHostingRegistrations.cs","213","true","1-213","BE3AB265A217828DA815961B7DEAE6CF1EE34DF54E4352D4B5503AF4D02FB6C1","BE3AB265A217828DA815961B7DEAE6CF1EE34DF54E4352D4B5503AF4D02FB6C1","Project source","domain_hosting","","Reviewed runtime reservation, staged service copy, direct-host mutation detection, automatic/explicit silo application, terminal publication/rollback and damaged-host rejection; no supported defect selected.","https://github.com/Gibbs-Morris/mississippi/blob/aa4a686677ab41b25ecdfd445b280b45d2f43fb1/src/Hosting.Runtime/RuntimeHostingRegistrations.cs","aa4a686677ab41b25ecdfd445b280b45d2f43fb1"
"Hosting.Runtime","src/Hosting.Runtime/RuntimeServiceCollection.cs","19","true","1-19","0A50559AA036AC3CAE63AEA7B3089650728F21F5428EDBE79F3C56F1F5EFEE53","0A50559AA036AC3CAE63AEA7B3089650728F21F5428EDBE79F3C56F1F5EFEE53","Project source","domain_hosting","","Reviewed staged runtime service collection identity and attachment reservation inclusion; no supported defect.","https://github.com/Gibbs-Morris/mississippi/blob/aa4a686677ab41b25ecdfd445b280b45d2f43fb1/src/Hosting.Runtime/RuntimeServiceCollection.cs","aa4a686677ab41b25ecdfd445b280b45d2f43fb1"
"Hosting.Runtime","src/Hosting.Runtime/StagedSiloBuilder.cs","33","true","1-33","8E16120BD6A6E4F1E9355CB351F25B291639E10ABA7BD8AE9B4605C0EB30C268","8E16120BD6A6E4F1E9355CB351F25B291639E10ABA7BD8AE9B4605C0EB30C268","Project source","domain_hosting","","Reviewed staged silo Services/Configuration wrapper used by native configuration; no supported defect.","https://github.com/Gibbs-Morris/mississippi/blob/aa4a686677ab41b25ecdfd445b280b45d2f43fb1/src/Hosting.Runtime/StagedSiloBuilder.cs","aa4a686677ab41b25ecdfd445b280b45d2f43fb1"
"Hosting.Runtime.Abstractions","src/Hosting.Runtime.Abstractions/IRuntimeBuilder.cs","33","true","1-33","894B1C4A47EB6545F9D9679A2713A4A5BEE8B0EFD8DE93A7E8A1652CE28713A6","894B1C4A47EB6545F9D9679A2713A4A5BEE8B0EFD8DE93A7E8A1652CE28713A6","Project source","domain_hosting","","Reviewed runtime builder native configuration and explicit terminal application contracts; no supported defect.","https://github.com/Gibbs-Morris/mississippi/blob/aa4a686677ab41b25ecdfd445b280b45d2f43fb1/src/Hosting.Runtime.Abstractions/IRuntimeBuilder.cs","aa4a686677ab41b25ecdfd445b280b45d2f43fb1"
"Hosting.Runtime.Abstractions","src/Hosting.Runtime.Abstractions/RuntimeBuilderDiagnosticCodes.cs","28","true","1-28","64A98159B33D39BB0D024B06A14A6F00BDAA0996C10A9C23A7CEC7FFCE19B008","64A98159B33D39BB0D024B06A14A6F00BDAA0996C10A9C23A7CEC7FFCE19B008","Project source","domain_hosting","","Reviewed all runtime-specific diagnostic identifiers and descriptions; no supported defect.","https://github.com/Gibbs-Morris/mississippi/blob/aa4a686677ab41b25ecdfd445b280b45d2f43fb1/src/Hosting.Runtime.Abstractions/RuntimeBuilderDiagnosticCodes.cs","aa4a686677ab41b25ecdfd445b280b45d2f43fb1"
"Inlet.Abstractions","src/Inlet.Abstractions/ProjectionPathAttribute.cs","118","true","1-118","831E713BA8A6CCC5A580950FBD6E76E924071EE5DCF6C59EFFA7625EB9D0276B","831E713BA8A6CCC5A580950FBD6E76E924071EE5DCF6C59EFFA7625EB9D0276B","Project source","generators","","Checked constructor null/whitespace validation, stored path and entity/version path concatenation. No credible independent defect found.","https://github.com/Gibbs-Morris/mississippi/blob/aa4a686677ab41b25ecdfd445b280b45d2f43fb1/src/Inlet.Abstractions/ProjectionPathAttribute.cs","aa4a686677ab41b25ecdfd445b280b45d2f43fb1"
"Inlet.Client","src/Inlet.Client/ActionEffects/AutoProjectionFetcher.cs","146","true","1-146","F2C6907D3316B18991D64C970CD7D4E1482142E4EB3BF39827BBA71E59A4B04D","F2C6907D3316B18991D64C970CD7D4E1482142E4EB3BF39827BBA71E59A4B04D","Project source","live_client","Inlet-command-id-changes-url.md; Inlet-default-root-relative-routes-ignore-base-path.md; Inlet-fetch-timeout-keeps-loading.md","Route prefix/entity escaping, registration checks, latest/versioned fetches, ETag parsing, 404 sentinel and JSON deserialization checked.","https://github.com/Gibbs-Morris/mississippi/blob/aa4a686677ab41b25ecdfd445b280b45d2f43fb1/src/Inlet.Client/ActionEffects/AutoProjectionFetcher.cs","aa4a686677ab41b25ecdfd445b280b45d2f43fb1"
"Inlet.Client","src/Inlet.Client/ActionEffects/HubConnectionProvider.cs","144","true","1-144","210B91516E47BCD5B38AFFAA1A5B844F836261CD0238FB84DB9FD305F9D79BB2","210B91516E47BCD5B38AFFAA1A5B844F836261CD0238FB84DB9FD305F9D79BB2","Project source","live_client","Inlet-connection-start-returns-before-ready.md; Inlet-default-root-relative-routes-ignore-base-path.md; Inlet-failed-start-leaves-connecting-state.md; Inlet-restarted-closed-connection-keeps-old-ids.md","Hub construction, event dispatch, connection state/start race, disposal and lifecycle handlers checked.","https://github.com/Gibbs-Morris/mississippi/blob/aa4a686677ab41b25ecdfd445b280b45d2f43fb1/src/Inlet.Client/ActionEffects/HubConnectionProvider.cs","aa4a686677ab41b25ecdfd445b280b45d2f43fb1"
"Inlet.Client","src/Inlet.Client/ActionEffects/IHubConnectionProvider.cs","83","true","1-83","684ACD66A8A2A1F047F21D887B22E3142DD619F0EAED5FEA3463C6848F9F31F8","684ACD66A8A2A1F047F21D887B22E3142DD619F0EAED5FEA3463C6848F9F31F8","Project source","live_client","Inlet-connection-start-returns-before-ready.md","Connection readiness, event-registration ownership and handler-disposal contracts checked.","https://github.com/Gibbs-Morris/mississippi/blob/aa4a686677ab41b25ecdfd445b280b45d2f43fb1/src/Inlet.Client/ActionEffects/IHubConnectionProvider.cs","aa4a686677ab41b25ecdfd445b280b45d2f43fb1"
"Inlet.Client","src/Inlet.Client/ActionEffects/InletSignalRActionEffect.cs","481","true","1-481","12FDBA904AB53FFB47D254F4EBE42456FB8D01B39815D69F73C2276FB3607B9C","12FDBA904AB53FFB47D254F4EBE42456FB8D01B39815D69F73C2276FB3607B9C","Project source","live_client","Inlet-concurrent-subscribe-loses-id.md; Inlet-connection-start-returns-before-ready.md; Inlet-failed-resubscribe-retains-dead-id.md; Inlet-failed-start-leaves-connecting-state.md; Inlet-fallback-fetch-mislabels-version.md; Inlet-fetch-timeout-keeps-loading.md; Inlet-restarted-closed-connection-keeps-old-ids.md; Inlet-unsubscribe-pending-subscribe-completes-late.md","CanHandle, concurrent subscription map, subscribe/unsubscribe/refresh cancellation, fetch ordering, update callbacks, reconnect and disposal checked.","https://github.com/Gibbs-Morris/mississippi/blob/aa4a686677ab41b25ecdfd445b280b45d2f43fb1/src/Inlet.Client/ActionEffects/InletSignalRActionEffect.cs","aa4a686677ab41b25ecdfd445b280b45d2f43fb1"
"Inlet.Client","src/Inlet.Client/ActionEffects/InletSignalRActionEffectOptions.cs","15","true","1-15","A6F81FF75E6111703403BD10E3061BD01E97B3CA1214797E92321515FD0AC9A3","A6F81FF75E6111703403BD10E3061BD01E97B3CA1214797E92321515FD0AC9A3","Project source","live_client","Inlet-default-root-relative-routes-ignore-base-path.md","Hub path default checked.","https://github.com/Gibbs-Morris/mississippi/blob/aa4a686677ab41b25ecdfd445b280b45d2f43fb1/src/Inlet.Client/ActionEffects/InletSignalRActionEffectOptions.cs","aa4a686677ab41b25ecdfd445b280b45d2f43fb1"
"Inlet.Client","src/Inlet.Client/ActionEffects/IProjectionDtoRegistry.cs","80","true","1-80","5EE4C7DCC552BB6C76805202262D7ED590A050AFE6312F853DF7F5A87ED58156","5EE4C7DCC552BB6C76805202262D7ED590A050AFE6312F853DF7F5A87ED58156","Project source","live_client","","Bidirectional DTO/path lookup and assembly-scanning contracts checked.","https://github.com/Gibbs-Morris/mississippi/blob/aa4a686677ab41b25ecdfd445b280b45d2f43fb1/src/Inlet.Client/ActionEffects/IProjectionDtoRegistry.cs","aa4a686677ab41b25ecdfd445b280b45d2f43fb1"
"Inlet.Client","src/Inlet.Client/ActionEffects/IProjectionFetcher.cs","63","true","1-63","96640AF7A696C9F9E4B35E0875C61AF2057C01B3CC98E643E67DC75266A3E552","96640AF7A696C9F9E4B35E0875C61AF2057C01B3CC98E643E67DC75266A3E552","Project source","live_client","Inlet-fallback-fetch-mislabels-version.md","Latest/versioned fetch contract and default fallback checked.","https://github.com/Gibbs-Morris/mississippi/blob/aa4a686677ab41b25ecdfd445b280b45d2f43fb1/src/Inlet.Client/ActionEffects/IProjectionFetcher.cs","aa4a686677ab41b25ecdfd445b280b45d2f43fb1"
"Inlet.Client","src/Inlet.Client/ActionEffects/ProjectionActionFactory.cs","99","true","1-99","968171799DC844255494964D19C90EF74ACCDEB28391109A4A784525FEC02188","968171799DC844255494964D19C90EF74ACCDEB28391109A4A784525FEC02188","Project source","live_client","","All generic action reflection factories, payload argument ordering and checks reviewed.","https://github.com/Gibbs-Morris/mississippi/blob/aa4a686677ab41b25ecdfd445b280b45d2f43fb1/src/Inlet.Client/ActionEffects/ProjectionActionFactory.cs","aa4a686677ab41b25ecdfd445b280b45d2f43fb1"
"Inlet.Client","src/Inlet.Client/ActionEffects/ProjectionDtoRegistry.cs","102","true","1-102","7E97BCBE55A4262695C26C624E8F07E6C0F6160557FBEB371C49CAF0E37E139D","7E97BCBE55A4262695C26C624E8F07E6C0F6160557FBEB371C49CAF0E37E139D","Project source","live_client","","Concurrent bidirectional registry writes/lookups and attribute scans checked.","https://github.com/Gibbs-Morris/mississippi/blob/aa4a686677ab41b25ecdfd445b280b45d2f43fb1/src/Inlet.Client/ActionEffects/ProjectionDtoRegistry.cs","aa4a686677ab41b25ecdfd445b280b45d2f43fb1"
"Inlet.Client","src/Inlet.Client/ActionEffects/ProjectionFetchResult.cs","115","true","1-115","D9186A898B8B20CE3C517DC1BEFB70E5870FA9AB027469145219686FCD8890C6","D9186A898B8B20CE3C517DC1BEFB70E5870FA9AB027469145219686FCD8890C6","Project source","live_client","","Not-found sentinel, result factories and version/data semantics checked.","https://github.com/Gibbs-Morris/mississippi/blob/aa4a686677ab41b25ecdfd445b280b45d2f43fb1/src/Inlet.Client/ActionEffects/ProjectionFetchResult.cs","aa4a686677ab41b25ecdfd445b280b45d2f43fb1"
"Inlet.Client","src/Inlet.Client/AssemblyInfo.cs","6","true","1-6","C2800062A24DCA017987822EAC4281FCADCD00DB49AAE3AC606B88B5A085F1BD","C2800062A24DCA017987822EAC4281FCADCD00DB49AAE3AC606B88B5A085F1BD","Project source","live_client","","Friend assembly declarations checked.","https://github.com/Gibbs-Morris/mississippi/blob/aa4a686677ab41b25ecdfd445b280b45d2f43fb1/src/Inlet.Client/AssemblyInfo.cs","aa4a686677ab41b25ecdfd445b280b45d2f43fb1"
"Inlet.Client","src/Inlet.Client/CompositeInletStore.cs","73","true","1-73","8333EB74F804DDA178DDE5892053B2FC87B66D95809CE26F6C211F55EAF0AA92","8333EB74F804DDA178DDE5892053B2FC87B66D95809CE26F6C211F55EAF0AA92","Project source","live_client","","Composite store delegation, subscriptions and underlying store disposal checked.","https://github.com/Gibbs-Morris/mississippi/blob/aa4a686677ab41b25ecdfd445b280b45d2f43fb1/src/Inlet.Client/CompositeInletStore.cs","aa4a686677ab41b25ecdfd445b280b45d2f43fb1"
"Inlet.Client","src/Inlet.Client/IConfigureProjectionRegistry.cs","18","true","1-18","D4D060C17210C2E845619AA3AF8DDF9DCEF48CFADCCAFC7A4A5DEC4FEFDA2934","D4D060C17210C2E845619AA3AF8DDF9DCEF48CFADCCAFC7A4A5DEC4FEFDA2934","Project source","live_client","","Projection registry configurator contract checked.","https://github.com/Gibbs-Morris/mississippi/blob/aa4a686677ab41b25ecdfd445b280b45d2f43fb1/src/Inlet.Client/IConfigureProjectionRegistry.cs","aa4a686677ab41b25ecdfd445b280b45d2f43fb1"
"Inlet.Client","src/Inlet.Client/InletBlazorRegistrations.cs","73","true","1-73","7DD345711B4EECCB2F1C8065FC2DD6132B54D31A3820CD72517E53F784498E8C","7DD345711B4EECCB2F1C8065FC2DD6132B54D31A3820CD72517E53F784498E8C","Project source","live_client","","No-op baseline extension and SignalR build/finally closure checked.","https://github.com/Gibbs-Morris/mississippi/blob/aa4a686677ab41b25ecdfd445b280b45d2f43fb1/src/Inlet.Client/InletBlazorRegistrations.cs","aa4a686677ab41b25ecdfd445b280b45d2f43fb1"
"Inlet.Client","src/Inlet.Client/InletBlazorSignalRBuilder.cs","194","true","1-194","AD130703E7A43020182D5EFCA51ACF6D23B47F427DB269EDB4B99AD8803A2BC5","AD130703E7A43020182D5EFCA51ACF6D23B47F427DB269EDB4B99AD8803A2BC5","Project source","live_client","Inlet-default-root-relative-routes-ignore-base-path.md; Inlet-fallback-fetch-mislabels-version.md","Fetcher selection, assembly scans, scoped/singleton service lifetimes, options and builder scope closure checked.","https://github.com/Gibbs-Morris/mississippi/blob/aa4a686677ab41b25ecdfd445b280b45d2f43fb1/src/Inlet.Client/InletBlazorSignalRBuilder.cs","aa4a686677ab41b25ecdfd445b280b45d2f43fb1"
"Inlet.Client","src/Inlet.Client/InletClientRegistrations.cs","86","true","1-86","56646CF7751E3A626B7B6D91B3DA22EA387DDE286B1B298A0E62583620E3DB43","56646CF7751E3A626B7B6D91B3DA22EA387DDE286B1B298A0E62583620E3DB43","Project source","live_client","","Inlet scoped composite store/notifier and singleton path registry registrations, AddProjectionPath configurator registration checked.","https://github.com/Gibbs-Morris/mississippi/blob/aa4a686677ab41b25ecdfd445b280b45d2f43fb1/src/Inlet.Client/InletClientRegistrations.cs","aa4a686677ab41b25ecdfd445b280b45d2f43fb1"
"Inlet.Client","src/Inlet.Client/InletComponent.cs","132","true","1-132","70172D10EC2F38D1E4489D11D71F2945BCF0986C06D5D3FA14CF23EE9ACA3648","70172D10EC2F38D1E4489D11D71F2945BCF0986C06D5D3FA14CF23EE9ACA3648","Project source","live_client","","Projection selector wrappers and dispatching subscription/refresh/unsubscription methods checked.","https://github.com/Gibbs-Morris/mississippi/blob/aa4a686677ab41b25ecdfd445b280b45d2f43fb1/src/Inlet.Client/InletComponent.cs","aa4a686677ab41b25ecdfd445b280b45d2f43fb1"
"Inlet.Client","src/Inlet.Client/ProjectionNotifier.cs","70","true","1-70","1B4E628EFD5DB28D722E433A1AB75BA362907BC376B80D468B41985A3D68E288","1B4E628EFD5DB28D722E433A1AB75BA362907BC376B80D468B41985A3D68E288","Project source","live_client","","Typed projection action dispatch and null validation checked.","https://github.com/Gibbs-Morris/mississippi/blob/aa4a686677ab41b25ecdfd445b280b45d2f43fb1/src/Inlet.Client/ProjectionNotifier.cs","aa4a686677ab41b25ecdfd445b280b45d2f43fb1"
"Inlet.Client","src/Inlet.Client/ProjectionPathRegistration.cs","31","true","1-31","ED57A2B311D800DCFD49271CF479D2B77C7B4036DEC04EF4F956F5D43B8730ED","ED57A2B311D800DCFD49271CF479D2B77C7B4036DEC04EF4F956F5D43B8730ED","Project source","live_client","","Configured projection path delegated to registry checked.","https://github.com/Gibbs-Morris/mississippi/blob/aa4a686677ab41b25ecdfd445b280b45d2f43fb1/src/Inlet.Client/ProjectionPathRegistration.cs","aa4a686677ab41b25ecdfd445b280b45d2f43fb1"
"Inlet.Client","src/Inlet.Client/ProjectionRegistry.cs","48","true","1-48","1BE949FC418CD6ACAC96A5E50B5F6B115D8F863FCFC39A9868B70897685183D0","1BE949FC418CD6ACAC96A5E50B5F6B115D8F863FCFC39A9868B70897685183D0","Project source","live_client","","Concurrent type/path dictionary, overwrite semantics and unknown type exception checked.","https://github.com/Gibbs-Morris/mississippi/blob/aa4a686677ab41b25ecdfd445b280b45d2f43fb1/src/Inlet.Client/ProjectionRegistry.cs","aa4a686677ab41b25ecdfd445b280b45d2f43fb1"
"Inlet.Client","src/Inlet.Client/Reducers/ProjectionsReducer.cs","146","true","1-146","4A93480EEE6C776AD542D4CF1518AD20181430924163EE22D33A62D310FA31C4","4A93480EEE6C776AD542D4CF1518AD20181430924163EE22D33A62D310FA31C4","Project source","live_client","Inlet-fallback-fetch-mislabels-version.md; Inlet-fetch-timeout-keeps-loading.md","Every pure projection reducer and unconditional data/version replacement checked.","https://github.com/Gibbs-Morris/mississippi/blob/aa4a686677ab41b25ecdfd445b280b45d2f43fb1/src/Inlet.Client/Reducers/ProjectionsReducer.cs","aa4a686677ab41b25ecdfd445b280b45d2f43fb1"
"Inlet.Client","src/Inlet.Client/SignalRConnection/RequestSignalRConnectionAction.cs","17","true","1-17","EBD0A99EA27BA77215F77DD255517452800B470C246DE38A8A365381536379DB","EBD0A99EA27BA77215F77DD255517452800B470C246DE38A8A365381536379DB","Project source","live_client","Inlet-restarted-closed-connection-keeps-old-ids.md","Eager connection request action semantics checked.","https://github.com/Gibbs-Morris/mississippi/blob/aa4a686677ab41b25ecdfd445b280b45d2f43fb1/src/Inlet.Client/SignalRConnection/RequestSignalRConnectionAction.cs","aa4a686677ab41b25ecdfd445b280b45d2f43fb1"
"Inlet.Client","src/Inlet.Client/SignalRConnection/SignalRConnectedAction.cs","39","true","1-39","8A1DC3A34CC7A90442281E6F8C595521B1289AC7E10786C9418B095A179574EC","8A1DC3A34CC7A90442281E6F8C595521B1289AC7E10786C9418B095A179574EC","Project source","live_client","","Connected action nullable connection ID and timestamp checked.","https://github.com/Gibbs-Morris/mississippi/blob/aa4a686677ab41b25ecdfd445b280b45d2f43fb1/src/Inlet.Client/SignalRConnection/SignalRConnectedAction.cs","aa4a686677ab41b25ecdfd445b280b45d2f43fb1"
"Inlet.Client","src/Inlet.Client/SignalRConnection/SignalRConnectingAction.cs","12","true","1-12","E2CC272F3B1C66CC35CA7CFAD8D283D0F05666829CF4372CCDB0FC79F763BE63","E2CC272F3B1C66CC35CA7CFAD8D283D0F05666829CF4372CCDB0FC79F763BE63","Project source","live_client","","Connecting action and timing contract checked.","https://github.com/Gibbs-Morris/mississippi/blob/aa4a686677ab41b25ecdfd445b280b45d2f43fb1/src/Inlet.Client/SignalRConnection/SignalRConnectingAction.cs","aa4a686677ab41b25ecdfd445b280b45d2f43fb1"
"Inlet.Client","src/Inlet.Client/SignalRConnection/SignalRConnectionReducers.cs","123","true","1-123","A9952BE43A428BE7C6A2EED0D30333760F4BD8B73D7E36F25B3DE2F652AB69D4","A9952BE43A428BE7C6A2EED0D30333760F4BD8B73D7E36F25B3DE2F652AB69D4","Project source","live_client","Inlet-failed-start-leaves-connecting-state.md","All lifecycle reductions, timestamps, error clearing and connection identifier retention checked.","https://github.com/Gibbs-Morris/mississippi/blob/aa4a686677ab41b25ecdfd445b280b45d2f43fb1/src/Inlet.Client/SignalRConnection/SignalRConnectionReducers.cs","aa4a686677ab41b25ecdfd445b280b45d2f43fb1"
"Inlet.Client","src/Inlet.Client/SignalRConnection/SignalRConnectionRegistrations.cs","45","true","1-45","F3FF9342CF70CD83584CF78DC1650D63DEBB9635EE2D439B864A9603DE16D02D","F3FF9342CF70CD83584CF78DC1650D63DEBB9635EE2D439B864A9603DE16D02D","Project source","live_client","","Feature registration includes all connection lifecycle reducers checked.","https://github.com/Gibbs-Morris/mississippi/blob/aa4a686677ab41b25ecdfd445b280b45d2f43fb1/src/Inlet.Client/SignalRConnection/SignalRConnectionRegistrations.cs","aa4a686677ab41b25ecdfd445b280b45d2f43fb1"
"Inlet.Client","src/Inlet.Client/SignalRConnection/SignalRConnectionSelectors.cs","176","true","1-176","BBDC106E8B6632D8395F56661828682B44F269D2346B97B1D5A2420BDB36F502","BBDC106E8B6632D8395F56661828682B44F269D2346B97B1D5A2420BDB36F502","Project source","live_client","","All connection selectors and null validation; IsDisconnected documented as not Connected checked.","https://github.com/Gibbs-Morris/mississippi/blob/aa4a686677ab41b25ecdfd445b280b45d2f43fb1/src/Inlet.Client/SignalRConnection/SignalRConnectionSelectors.cs","aa4a686677ab41b25ecdfd445b280b45d2f43fb1"
"Inlet.Client","src/Inlet.Client/SignalRConnection/SignalRConnectionState.cs","79","true","1-79","EF357BC34FCA467BF6512DB2FD2275C63D5D70E7DB5594BAD2EEA0FFF09D7BB4","EF357BC34FCA467BF6512DB2FD2275C63D5D70E7DB5594BAD2EEA0FFF09D7BB4","Project source","live_client","","Transport feature key, status and timestamps/counter defaults checked.","https://github.com/Gibbs-Morris/mississippi/blob/aa4a686677ab41b25ecdfd445b280b45d2f43fb1/src/Inlet.Client/SignalRConnection/SignalRConnectionState.cs","aa4a686677ab41b25ecdfd445b280b45d2f43fb1"
"Inlet.Client","src/Inlet.Client/SignalRConnection/SignalRConnectionStatus.cs","33","true","1-33","3318EC1091EC23C67C8FF2BA16CBB1FCCFACA70A9DC94AFB8F0B6B79456FF05E","3318EC1091EC23C67C8FF2BA16CBB1FCCFACA70A9DC94AFB8F0B6B79456FF05E","Project source","live_client","","Status enum mapping checked.","https://github.com/Gibbs-Morris/mississippi/blob/aa4a686677ab41b25ecdfd445b280b45d2f43fb1/src/Inlet.Client/SignalRConnection/SignalRConnectionStatus.cs","aa4a686677ab41b25ecdfd445b280b45d2f43fb1"
"Inlet.Client","src/Inlet.Client/SignalRConnection/SignalRDisconnectedAction.cs","48","true","1-48","3CD48DA0EE7F598E71A57FE5944246FDD4A0147898C8DE283A3749F3FECE7CAD","3CD48DA0EE7F598E71A57FE5944246FDD4A0147898C8DE283A3749F3FECE7CAD","Project source","live_client","","Disconnected action nullable error and timestamp checked.","https://github.com/Gibbs-Morris/mississippi/blob/aa4a686677ab41b25ecdfd445b280b45d2f43fb1/src/Inlet.Client/SignalRConnection/SignalRDisconnectedAction.cs","aa4a686677ab41b25ecdfd445b280b45d2f43fb1"
"Inlet.Client","src/Inlet.Client/SignalRConnection/SignalRMessageReceivedAction.cs","37","true","1-37","1D4B281CC610FF8A1309840D835C89596860A661A0DDB268E0D095A65FF99A94","1D4B281CC610FF8A1309840D835C89596860A661A0DDB268E0D095A65FF99A94","Project source","live_client","","Activity action timestamp checked.","https://github.com/Gibbs-Morris/mississippi/blob/aa4a686677ab41b25ecdfd445b280b45d2f43fb1/src/Inlet.Client/SignalRConnection/SignalRMessageReceivedAction.cs","aa4a686677ab41b25ecdfd445b280b45d2f43fb1"
"Inlet.Client","src/Inlet.Client/SignalRConnection/SignalRReconnectedAction.cs","44","true","1-44","2A48C0501C722A4B45B7B46316FA75931E4CAD974651631F3C7B36233AD03C1B","2A48C0501C722A4B45B7B46316FA75931E4CAD974651631F3C7B36233AD03C1B","Project source","live_client","","Reconnected action fresh ID/timestamp contract checked.","https://github.com/Gibbs-Morris/mississippi/blob/aa4a686677ab41b25ecdfd445b280b45d2f43fb1/src/Inlet.Client/SignalRConnection/SignalRReconnectedAction.cs","aa4a686677ab41b25ecdfd445b280b45d2f43fb1"
"Inlet.Client","src/Inlet.Client/SignalRConnection/SignalRReconnectingAction.cs","38","true","1-38","A9797EE64BF40795E3284E2C4008DCAB325EA0082C7C90DDE863344F49C09757","A9797EE64BF40795E3284E2C4008DCAB325EA0082C7C90DDE863344F49C09757","Project source","live_client","","Reconnecting action error and attempt count checked.","https://github.com/Gibbs-Morris/mississippi/blob/aa4a686677ab41b25ecdfd445b280b45d2f43fb1/src/Inlet.Client/SignalRConnection/SignalRReconnectingAction.cs","aa4a686677ab41b25ecdfd445b280b45d2f43fb1"
"Inlet.Client.Abstractions","src/Inlet.Client.Abstractions/ActionEffects/CommandActionEffectBase.cs","212","true","1-212","F82C41B426D40AC06062BE1F7435C5BCA78F8F6F4E36FEF37B95F972A1DD6980","F82C41B426D40AC06062BE1F7435C5BCA78F8F6F4E36FEF37B95F972A1DD6980","Project source","live_client","Inlet-command-always-posts.md; Inlet-command-id-changes-url.md; Inlet-default-root-relative-routes-ignore-base-path.md; Inlet-malformed-command-reply-keeps-in-flight.md","Command type matching, lifecycle yield ordering, mapper, HTTP POST, status parsing, exception handling, cancellation and URL construction checked.","https://github.com/Gibbs-Morris/mississippi/blob/aa4a686677ab41b25ecdfd445b280b45d2f43fb1/src/Inlet.Client.Abstractions/ActionEffects/CommandActionEffectBase.cs","aa4a686677ab41b25ecdfd445b280b45d2f43fb1"
"Inlet.Client.Abstractions","src/Inlet.Client.Abstractions/Actions/ICommandAction.cs","29","true","1-29","9FFE0D667E3E68D6163E900FC8BDAE1DC4560C60FD0C8FE2B0ACECFF8FC94A5A","9FFE0D667E3E68D6163E900FC8BDAE1DC4560C60FD0C8FE2B0ACECFF8FC94A5A","Project source","live_client","Inlet-command-id-changes-url.md","Entity-targeted action contract checked.","https://github.com/Gibbs-Morris/mississippi/blob/aa4a686677ab41b25ecdfd445b280b45d2f43fb1/src/Inlet.Client.Abstractions/Actions/ICommandAction.cs","aa4a686677ab41b25ecdfd445b280b45d2f43fb1"
"Inlet.Client.Abstractions","src/Inlet.Client.Abstractions/Actions/ICommandExecutingAction.cs","61","true","1-61","9ED04573C0B0AC99D738738734A24B7767A347728AF7475F69B1AAFB053440B5","9ED04573C0B0AC99D738738734A24B7767A347728AF7475F69B1AAFB053440B5","Project source","live_client","","Executing action correlation/type/timestamp and static factory contract checked.","https://github.com/Gibbs-Morris/mississippi/blob/aa4a686677ab41b25ecdfd445b280b45d2f43fb1/src/Inlet.Client.Abstractions/Actions/ICommandExecutingAction.cs","aa4a686677ab41b25ecdfd445b280b45d2f43fb1"
"Inlet.Client.Abstractions","src/Inlet.Client.Abstractions/Actions/ICommandFailedAction.cs","68","true","1-68","6B9EA8CDA7270A64261FE9FA34422E4229104707ED83B5170E11CCD0E3AD4218","6B9EA8CDA7270A64261FE9FA34422E4229104707ED83B5170E11CCD0E3AD4218","Project source","live_client","","Failed action error/correlation/timestamp and static factory checked.","https://github.com/Gibbs-Morris/mississippi/blob/aa4a686677ab41b25ecdfd445b280b45d2f43fb1/src/Inlet.Client.Abstractions/Actions/ICommandFailedAction.cs","aa4a686677ab41b25ecdfd445b280b45d2f43fb1"
"Inlet.Client.Abstractions","src/Inlet.Client.Abstractions/Actions/ICommandSucceededAction.cs","54","true","1-54","81B61B1C32B5A6C86A4BD20E1F9CB1BEF694F1B05ED465050C64840D7070A30D","81B61B1C32B5A6C86A4BD20E1F9CB1BEF694F1B05ED465050C64840D7070A30D","Project source","live_client","","Succeeded action correlation/timestamp and static factory checked.","https://github.com/Gibbs-Morris/mississippi/blob/aa4a686677ab41b25ecdfd445b280b45d2f43fb1/src/Inlet.Client.Abstractions/Actions/ICommandSucceededAction.cs","aa4a686677ab41b25ecdfd445b280b45d2f43fb1"
"Inlet.Client.Abstractions","src/Inlet.Client.Abstractions/Actions/IInletAction.cs","19","true","1-19","C9C7841F37F0FCAB9E91AE235A7339B2B8C2B9A51394F576DFE9C8315A414067","C9C7841F37F0FCAB9E91AE235A7339B2B8C2B9A51394F576DFE9C8315A414067","Project source","live_client","","Entity-targeted marker interface checked.","https://github.com/Gibbs-Morris/mississippi/blob/aa4a686677ab41b25ecdfd445b280b45d2f43fb1/src/Inlet.Client.Abstractions/Actions/IInletAction.cs","aa4a686677ab41b25ecdfd445b280b45d2f43fb1"
"Inlet.Client.Abstractions","src/Inlet.Client.Abstractions/Actions/ProjectionConnectionChangedAction.cs","43","true","1-43","F2A465A2370552842BD3CC26C95941DB67BF28E52F30FCC4D6CC2A704F3D380B","F2A465A2370552842BD3CC26C95941DB67BF28E52F30FCC4D6CC2A704F3D380B","Project source","live_client","","Projection type, entity ID, null validation and connected status payload checked.","https://github.com/Gibbs-Morris/mississippi/blob/aa4a686677ab41b25ecdfd445b280b45d2f43fb1/src/Inlet.Client.Abstractions/Actions/ProjectionConnectionChangedAction.cs","aa4a686677ab41b25ecdfd445b280b45d2f43fb1"
"Inlet.Client.Abstractions","src/Inlet.Client.Abstractions/Actions/ProjectionErrorAction.cs","46","true","1-46","31C00A370802B55D6146DC3ED6E4752DE7EB8723FC0B16B2E18248E4A1477740","31C00A370802B55D6146DC3ED6E4752DE7EB8723FC0B16B2E18248E4A1477740","Project source","live_client","","Error exception and entity null checks, generic projection type checked.","https://github.com/Gibbs-Morris/mississippi/blob/aa4a686677ab41b25ecdfd445b280b45d2f43fb1/src/Inlet.Client.Abstractions/Actions/ProjectionErrorAction.cs","aa4a686677ab41b25ecdfd445b280b45d2f43fb1"
"Inlet.Client.Abstractions","src/Inlet.Client.Abstractions/Actions/ProjectionLoadedAction.cs","46","true","1-46","FACDD2BE0BDC81ED3900802F233F523CA3A4E4578097104D3765125C0D70A467","FACDD2BE0BDC81ED3900802F233F523CA3A4E4578097104D3765125C0D70A467","Project source","live_client","","Loaded payload null semantics, entity validation and version checked.","https://github.com/Gibbs-Morris/mississippi/blob/aa4a686677ab41b25ecdfd445b280b45d2f43fb1/src/Inlet.Client.Abstractions/Actions/ProjectionLoadedAction.cs","aa4a686677ab41b25ecdfd445b280b45d2f43fb1"
"Inlet.Client.Abstractions","src/Inlet.Client.Abstractions/Actions/ProjectionLoadingAction.cs","35","true","1-35","FB4402E37BEDDBB7895162F2FA0F26D0C3870D0DD9F66E676379A3BC8E855B3D","FB4402E37BEDDBB7895162F2FA0F26D0C3870D0DD9F66E676379A3BC8E855B3D","Project source","live_client","","Loading action entity/type and null validation checked.","https://github.com/Gibbs-Morris/mississippi/blob/aa4a686677ab41b25ecdfd445b280b45d2f43fb1/src/Inlet.Client.Abstractions/Actions/ProjectionLoadingAction.cs","aa4a686677ab41b25ecdfd445b280b45d2f43fb1"
"Inlet.Client.Abstractions","src/Inlet.Client.Abstractions/Actions/ProjectionUpdatedAction.cs","46","true","1-46","9C39DAE955CA98FD526E49FDB26689EB51886BAC70C981EC955943D163DE4F5E","9C39DAE955CA98FD526E49FDB26689EB51886BAC70C981EC955943D163DE4F5E","Project source","live_client","","Updated data/version payload and constructor checks checked.","https://github.com/Gibbs-Morris/mississippi/blob/aa4a686677ab41b25ecdfd445b280b45d2f43fb1/src/Inlet.Client.Abstractions/Actions/ProjectionUpdatedAction.cs","aa4a686677ab41b25ecdfd445b280b45d2f43fb1"
"Inlet.Client.Abstractions","src/Inlet.Client.Abstractions/Actions/RefreshProjectionAction.cs","35","true","1-35","B5FE70C27FC57D0C5408B0C9F3A0291FB21F4A795FDC9490420FF2C4375A5328","B5FE70C27FC57D0C5408B0C9F3A0291FB21F4A795FDC9490420FF2C4375A5328","Project source","live_client","","Refresh action entity/type constructor checked.","https://github.com/Gibbs-Morris/mississippi/blob/aa4a686677ab41b25ecdfd445b280b45d2f43fb1/src/Inlet.Client.Abstractions/Actions/RefreshProjectionAction.cs","aa4a686677ab41b25ecdfd445b280b45d2f43fb1"
"Inlet.Client.Abstractions","src/Inlet.Client.Abstractions/Actions/SubscribeToProjectionAction.cs","35","true","1-35","EEC493619AAE22A39C1FFC6B4C224BA9303C17C5CD29B9078CC99EE5C2CD58CA","EEC493619AAE22A39C1FFC6B4C224BA9303C17C5CD29B9078CC99EE5C2CD58CA","Project source","live_client","","Subscription intent entity/type constructor checked.","https://github.com/Gibbs-Morris/mississippi/blob/aa4a686677ab41b25ecdfd445b280b45d2f43fb1/src/Inlet.Client.Abstractions/Actions/SubscribeToProjectionAction.cs","aa4a686677ab41b25ecdfd445b280b45d2f43fb1"
"Inlet.Client.Abstractions","src/Inlet.Client.Abstractions/Actions/UnsubscribeFromProjectionAction.cs","35","true","1-35","49B855B35465C8DD4659F30295272FDD96E7FECFD47D9DF22CF7CD453D577F9C","49B855B35465C8DD4659F30295272FDD96E7FECFD47D9DF22CF7CD453D577F9C","Project source","live_client","","Unsubscription intent entity/type constructor checked.","https://github.com/Gibbs-Morris/mississippi/blob/aa4a686677ab41b25ecdfd445b280b45d2f43fb1/src/Inlet.Client.Abstractions/Actions/UnsubscribeFromProjectionAction.cs","aa4a686677ab41b25ecdfd445b280b45d2f43fb1"
"Inlet.Client.Abstractions","src/Inlet.Client.Abstractions/AggregateCommandStateReducers.cs","215","true","1-215","A34DA6A3268CEC39C69064881364B16F6405D59900BB323F0342EA79818428A6","A34DA6A3268CEC39C69064881364B16F6405D59900BB323F0342EA79818428A6","Project source","live_client","Inlet-malformed-command-reply-keeps-in-flight.md","Command lifecycle reducers, in-flight tracking, history entry lookup, FIFO history limit and immutable updates checked.","https://github.com/Gibbs-Morris/mississippi/blob/aa4a686677ab41b25ecdfd445b280b45d2f43fb1/src/Inlet.Client.Abstractions/AggregateCommandStateReducers.cs","aa4a686677ab41b25ecdfd445b280b45d2f43fb1"
"Inlet.Client.Abstractions","src/Inlet.Client.Abstractions/Commands/CommandHistoryEntry.cs","76","true","1-76","A8D70A25A7B4BF4228EE65121FE2866F7317747A8749F035ADA68CB92910E83A","A8D70A25A7B4BF4228EE65121FE2866F7317747A8749F035ADA68CB92910E83A","Project source","live_client","","Executing factory and success/failure history transforms checked.","https://github.com/Gibbs-Morris/mississippi/blob/aa4a686677ab41b25ecdfd445b280b45d2f43fb1/src/Inlet.Client.Abstractions/Commands/CommandHistoryEntry.cs","aa4a686677ab41b25ecdfd445b280b45d2f43fb1"
"Inlet.Client.Abstractions","src/Inlet.Client.Abstractions/Commands/CommandStatus.cs","22","true","1-22","14DBC6513C385C4B446FCE5DDE80AF8A17B7392CFD928ED01354ABA599318868","14DBC6513C385C4B446FCE5DDE80AF8A17B7392CFD928ED01354ABA599318868","Project source","live_client","","Command status enum checked.","https://github.com/Gibbs-Morris/mississippi/blob/aa4a686677ab41b25ecdfd445b280b45d2f43fb1/src/Inlet.Client.Abstractions/Commands/CommandStatus.cs","aa4a686677ab41b25ecdfd445b280b45d2f43fb1"
"Inlet.Client.Abstractions","src/Inlet.Client.Abstractions/Commands/OperationResultDto.cs","16","true","1-16","B2064C027D5733A676B6236AB35E85FE44B84C1606DBAA461484C56D83E7AD13","B2064C027D5733A676B6236AB35E85FE44B84C1606DBAA461484C56D83E7AD13","Project source","live_client","","Command result DTO response shape checked.","https://github.com/Gibbs-Morris/mississippi/blob/aa4a686677ab41b25ecdfd445b280b45d2f43fb1/src/Inlet.Client.Abstractions/Commands/OperationResultDto.cs","aa4a686677ab41b25ecdfd445b280b45d2f43fb1"
"Inlet.Client.Abstractions","src/Inlet.Client.Abstractions/Configuration/InletOptions.cs","30","true","1-30","8D635A634F9153D33D4C171AF2041EA1D055FBFFFDB34CC084B21D9AEEB8F829","8D635A634F9153D33D4C171AF2041EA1D055FBFFFDB34CC084B21D9AEEB8F829","Project source","live_client","","Projection timeout and reconnection option defaults checked against consumers.","https://github.com/Gibbs-Morris/mississippi/blob/aa4a686677ab41b25ecdfd445b280b45d2f43fb1/src/Inlet.Client.Abstractions/Configuration/InletOptions.cs","aa4a686677ab41b25ecdfd445b280b45d2f43fb1"
"Inlet.Client.Abstractions","src/Inlet.Client.Abstractions/IInletStore.cs","23","true","1-23","70E608B18342FC4661F75D9747356A3F1E44FF8420DD74B85CCDA8A31B5F50F0","70E608B18342FC4661F75D9747356A3F1E44FF8420DD74B85CCDA8A31B5F50F0","Project source","live_client","","Composite IStore contract inheritance checked.","https://github.com/Gibbs-Morris/mississippi/blob/aa4a686677ab41b25ecdfd445b280b45d2f43fb1/src/Inlet.Client.Abstractions/IInletStore.cs","aa4a686677ab41b25ecdfd445b280b45d2f43fb1"
"Inlet.Client.Abstractions","src/Inlet.Client.Abstractions/IProjectionRegistry.cs","42","true","1-42","44B08DF87545B84FCEDC4744A257158A22F23E9D8AB3756DD491FD10DD16209F","44B08DF87545B84FCEDC4744A257158A22F23E9D8AB3756DD491FD10DD16209F","Project source","live_client","","Projection registration/path resolution contract checked.","https://github.com/Gibbs-Morris/mississippi/blob/aa4a686677ab41b25ecdfd445b280b45d2f43fb1/src/Inlet.Client.Abstractions/IProjectionRegistry.cs","aa4a686677ab41b25ecdfd445b280b45d2f43fb1"
"Inlet.Client.Abstractions","src/Inlet.Client.Abstractions/IProjectionUpdateNotifier.cs","53","true","1-53","61ACE20EE403A2623ED36ED4EC11EBDCADE39A7C15B6F220F9257D7F2C209EBE","61ACE20EE403A2623ED36ED4EC11EBDCADE39A7C15B6F220F9257D7F2C209EBE","Project source","live_client","","Connection, error and update notification contracts checked.","https://github.com/Gibbs-Morris/mississippi/blob/aa4a686677ab41b25ecdfd445b280b45d2f43fb1/src/Inlet.Client.Abstractions/IProjectionUpdateNotifier.cs","aa4a686677ab41b25ecdfd445b280b45d2f43fb1"
"Inlet.Client.Abstractions","src/Inlet.Client.Abstractions/State/AggregateCommandStateBase.cs","72","true","1-72","689CC912C6240BAC975B523E32AEC7455B6A8E878EEF51E85B0474CDE9023007","689CC912C6240BAC975B523E32AEC7455B6A8E878EEF51E85B0474CDE9023007","Project source","live_client","","Base command state initialization, in-flight derived property and outcome null semantics checked.","https://github.com/Gibbs-Morris/mississippi/blob/aa4a686677ab41b25ecdfd445b280b45d2f43fb1/src/Inlet.Client.Abstractions/State/AggregateCommandStateBase.cs","aa4a686677ab41b25ecdfd445b280b45d2f43fb1"
"Inlet.Client.Abstractions","src/Inlet.Client.Abstractions/State/IAggregateCommandState.cs","59","true","1-59","ECB260873CB5518F365A7C9AE0F20FDFCD8FBD05486EFD38BFBA015859DFCEB8","ECB260873CB5518F365A7C9AE0F20FDFCD8FBD05486EFD38BFBA015859DFCEB8","Project source","live_client","","Command history FIFO limit and feature-state contract checked.","https://github.com/Gibbs-Morris/mississippi/blob/aa4a686677ab41b25ecdfd445b280b45d2f43fb1/src/Inlet.Client.Abstractions/State/IAggregateCommandState.cs","aa4a686677ab41b25ecdfd445b280b45d2f43fb1"
"Inlet.Client.Abstractions","src/Inlet.Client.Abstractions/State/InletConnectionState.cs","23","true","1-23","BEA3B370AF9A7D580D4422D22EE9202C38A02EF020DA7BAC4DEB51A13C5370A7","BEA3B370AF9A7D580D4422D22EE9202C38A02EF020DA7BAC4DEB51A13C5370A7","Project source","live_client","","Minimal SignalR effect feature key checked.","https://github.com/Gibbs-Morris/mississippi/blob/aa4a686677ab41b25ecdfd445b280b45d2f43fb1/src/Inlet.Client.Abstractions/State/InletConnectionState.cs","aa4a686677ab41b25ecdfd445b280b45d2f43fb1"
"Inlet.Client.Abstractions","src/Inlet.Client.Abstractions/State/IProjectionState.cs","37","true","1-37","868EB8AB3FE1E0626BADFFEB4127F2E96A1D06F8F5441255D742988E128A1E4A","868EB8AB3FE1E0626BADFFEB4127F2E96A1D06F8F5441255D742988E128A1E4A","Project source","live_client","","Data/error/connected/loading/version projection contract checked.","https://github.com/Gibbs-Morris/mississippi/blob/aa4a686677ab41b25ecdfd445b280b45d2f43fb1/src/Inlet.Client.Abstractions/State/IProjectionState.cs","aa4a686677ab41b25ecdfd445b280b45d2f43fb1"
"Inlet.Client.Abstractions","src/Inlet.Client.Abstractions/State/ProjectionEntry.cs","26","true","1-26","57515C1559E931AE2E20B4FB68090A7C356955065CBCE874082E7572D25D762D","57515C1559E931AE2E20B4FB68090A7C356955065CBCE874082E7572D25D762D","Project source","live_client","","Projection empty entry defaults, version sentinel and explicit error property checked.","https://github.com/Gibbs-Morris/mississippi/blob/aa4a686677ab41b25ecdfd445b280b45d2f43fb1/src/Inlet.Client.Abstractions/State/ProjectionEntry.cs","aa4a686677ab41b25ecdfd445b280b45d2f43fb1"
"Inlet.Client.Abstractions","src/Inlet.Client.Abstractions/State/ProjectionsFeatureState.cs","172","true","1-172","CAAE9A4A08684877B8978CC7B465FB9A9C2E7403C8B2156252B67B0242DA5FAC","CAAE9A4A08684877B8978CC7B465FB9A9C2E7403C8B2156252B67B0242DA5FAC","Project source","live_client","","Type/entity key composition, entry casts, selectors and immutable transformations checked.","https://github.com/Gibbs-Morris/mississippi/blob/aa4a686677ab41b25ecdfd445b280b45d2f43fb1/src/Inlet.Client.Abstractions/State/ProjectionsFeatureState.cs","aa4a686677ab41b25ecdfd445b280b45d2f43fb1"
"Inlet.Client.Generators","src/Inlet.Client.Generators/CommandClientActionEffectsGenerator.cs","244","true","1-244","0B85A5D761615F99DBD5E8248FBF51127383B3F821669B04484AADDABCB52148","0B85A5D761615F99DBD5E8248FBF51127383B3F821669B04484AADDABCB52148","Project source","generators","Aggregate-route-prefix-override.md; Command-source-hint-collision.md; Inlet-command-always-posts.md; Inlet-default-root-relative-routes-ignore-base-path.md; Legacy-domain-namespace-client-gates.md","Checked every effect constructor/base type, route emission and compilation discovery. Custom aggregate RoutePrefix and legacy namespace gate are concrete leads; HTTP verb/shared leading slash evidence sent to live client reviewer.","https://github.com/Gibbs-Morris/mississippi/blob/aa4a686677ab41b25ecdfd445b280b45d2f43fb1/src/Inlet.Client.Generators/CommandClientActionEffectsGenerator.cs","aa4a686677ab41b25ecdfd445b280b45d2f43fb1"
"Inlet.Client.Generators","src/Inlet.Client.Generators/CommandClientActionsGenerator.cs","377","true","1-377","3BAB2E9684F43DE28300A05C6F2ACEFE7A6B3801F39969890D103D43F5C7EE0D","3BAB2E9684F43DE28300A05C6F2ACEFE7A6B3801F39969890D103D43F5C7EE0D","Project source","generators","","Checked four generated lifecycle/primary action contracts, static Create factories, command property emission, assembly scanning and naming/hints.","https://github.com/Gibbs-Morris/mississippi/blob/aa4a686677ab41b25ecdfd445b280b45d2f43fb1/src/Inlet.Client.Generators/CommandClientActionsGenerator.cs","aa4a686677ab41b25ecdfd445b280b45d2f43fb1"
"Inlet.Client.Generators","src/Inlet.Client.Generators/CommandClientDtoGenerator.cs","241","true","1-241","BC2F4BEB3BA26703D7A4CCC3B5B92EB15439398ABDB0A737225EAF1655288E83","BC2F4BEB3BA26703D7A4CCC3B5B92EB15439398ABDB0A737225EAF1655288E83","Project source","generators","Command-source-hint-collision.md; Generated-property-type-imports.md","Checked positional request DTO property types and emitted documentation, command attribute defaults, referenced assembly scanning and target namespaces.","https://github.com/Gibbs-Morris/mississippi/blob/aa4a686677ab41b25ecdfd445b280b45d2f43fb1/src/Inlet.Client.Generators/CommandClientDtoGenerator.cs","aa4a686677ab41b25ecdfd445b280b45d2f43fb1"
"Inlet.Client.Generators","src/Inlet.Client.Generators/CommandClientMappersGenerator.cs","235","true","1-235","9854EC8BBE1E4A693AB7D53CF408FA7180F00678EE9D543ED486C737A3A81C3F","9854EC8BBE1E4A693AB7D53CF408FA7180F00678EE9D543ED486C737A3A81C3F","Project source","generators","","Checked action-to-DTO property order and empty/propertyful constructor generation, registrations naming and compilation pipeline.","https://github.com/Gibbs-Morris/mississippi/blob/aa4a686677ab41b25ecdfd445b280b45d2f43fb1/src/Inlet.Client.Generators/CommandClientMappersGenerator.cs","aa4a686677ab41b25ecdfd445b280b45d2f43fb1"
"Inlet.Client.Generators","src/Inlet.Client.Generators/CommandClientReducersGenerator.cs","339","true","1-339","E56CD280A52B47A73FF24D88F323A37FB2CAC979762FA441AB2A864017027559","E56CD280A52B47A73FF24D88F323A37FB2CAC979762FA441AB2A864017027559","Project source","generators","Legacy-domain-namespace-client-gates.md","Checked all executing/failed/succeeded reducer delegates and aggregate grouping; legacy Domain-only extraction used.","https://github.com/Gibbs-Morris/mississippi/blob/aa4a686677ab41b25ecdfd445b280b45d2f43fb1/src/Inlet.Client.Generators/CommandClientReducersGenerator.cs","aa4a686677ab41b25ecdfd445b280b45d2f43fb1"
"Inlet.Client.Generators","src/Inlet.Client.Generators/CommandClientRegistrationGenerator.cs","349","true","1-349","E03460A1C6902B559E8A0C535D4E98456900B4BEBFFB719A01AACB3F5BD0A5AD","E03460A1C6902B559E8A0C535D4E98456900B4BEBFFB719A01AACB3F5BD0A5AD","Project source","generators","Legacy-domain-namespace-client-gates.md","Checked mapper/reducer/effect builder registrations, imports and aggregate grouping; legacy Domain-only extraction used.","https://github.com/Gibbs-Morris/mississippi/blob/aa4a686677ab41b25ecdfd445b280b45d2f43fb1/src/Inlet.Client.Generators/CommandClientRegistrationGenerator.cs","aa4a686677ab41b25ecdfd445b280b45d2f43fb1"
"Inlet.Client.Generators","src/Inlet.Client.Generators/CommandClientStateGenerator.cs","243","true","1-243","F263E10990970B0371F6A8A811C894BFAFA34DC8BA8DF1425229C995837C895C","F263E10990970B0371F6A8A811C894BFAFA34DC8BA8DF1425229C995837C895C","Project source","generators","Legacy-domain-namespace-client-gates.md","Checked aggregate command-state base/contracts, feature key naming and aggregate grouping; configured aggregate FeatureKey is not consulted.","https://github.com/Gibbs-Morris/mississippi/blob/aa4a686677ab41b25ecdfd445b280b45d2f43fb1/src/Inlet.Client.Generators/CommandClientStateGenerator.cs","aa4a686677ab41b25ecdfd445b280b45d2f43fb1"
"Inlet.Client.Generators","src/Inlet.Client.Generators/DomainClientRegistrationGenerator.cs","393","true","1-393","60E4D16079F8EBCA215C59FC90C3163CCEF1BC61D0A83CEC03C70A387DD0EB09","60E4D16079F8EBCA215C59FC90C3163CCEF1BC61D0A83CEC03C70A387DD0EB09","Project source","generators","Generic-saga-domain-composition.md; Legacy-domain-namespace-client-gates.md; Same-run-projection-registration-discovery.md","Checked domain grouping, generated entrypoints and feature calls. Generic saga attribute matching and discovery of same-run projection registrations need evidence validation.","https://github.com/Gibbs-Morris/mississippi/blob/aa4a686677ab41b25ecdfd445b280b45d2f43fb1/src/Inlet.Client.Generators/DomainClientRegistrationGenerator.cs","aa4a686677ab41b25ecdfd445b280b45d2f43fb1"
"Inlet.Client.Generators","src/Inlet.Client.Generators/ProjectionClientDtoGenerator.cs","488","true","1-488","85755DBD1F5723209F676CFB9DBDF599E2E3F1E7E3A5E20971C2DD88C5BBC339","85755DBD1F5723209F676CFB9DBDF599E2E3F1E7E3A5E20971C2DD88C5BBC339","Project source","generators","Array-collection-detection.md; Duplicate-nested-enum-output.md; Generated-property-type-imports.md; Incomplete-custom-dto-discovery.md; Inherited-public-properties.md; Nullable-enum-analysis.md; Projection-nested-short-name-dedup.md; Same-run-projection-registration-discovery.md; Wide-enum-underlying-type.md","Checked all root/nested record and enum source, metadata/property analysis, type deduplication and pipeline. Revalidated array/dictionary/direct custom/inherited/nullable enum/wide enum/short-name leads; recursive enum and property marker leads pending.","https://github.com/Gibbs-Morris/mississippi/blob/aa4a686677ab41b25ecdfd445b280b45d2f43fb1/src/Inlet.Client.Generators/ProjectionClientDtoGenerator.cs","aa4a686677ab41b25ecdfd445b280b45d2f43fb1"
"Inlet.Client.Generators","src/Inlet.Client.Generators/ProjectionClientRegistrationGenerator.cs","262","true","1-262","EDC49C4937CF7ABE99E818A2AA36E325651F8B16D0E83A12C54CCABF525A2416","EDC49C4937CF7ABE99E818A2AA36E325651F8B16D0E83A12C54CCABF525A2416","Project source","generators","Same-run-projection-registration-discovery.md","Checked all five per-DTO reducer registrations and current-assembly discovery; same-run generated DTO discovery is a concrete lead.","https://github.com/Gibbs-Morris/mississippi/blob/aa4a686677ab41b25ecdfd445b280b45d2f43fb1/src/Inlet.Client.Generators/ProjectionClientRegistrationGenerator.cs","aa4a686677ab41b25ecdfd445b280b45d2f43fb1"
"Inlet.Client.Generators","src/Inlet.Client.Generators/SagaClientActionEffectsGenerator.cs","110","true","1-110","1B0935FD205CFF8BA8FFB93513A91FF70ED2B1749E63B0ABEF2F627F216BFE4B","1B0935FD205CFF8BA8FFB93513A91FF70ED2B1749E63B0ABEF2F627F216BFE4B","Project source","generators","","Checked start saga action effect generic types, HttpClient/mapper injection, route prefix and Guid endpoint override.","https://github.com/Gibbs-Morris/mississippi/blob/aa4a686677ab41b25ecdfd445b280b45d2f43fb1/src/Inlet.Client.Generators/SagaClientActionEffectsGenerator.cs","aa4a686677ab41b25ecdfd445b280b45d2f43fb1"
"Inlet.Client.Generators","src/Inlet.Client.Generators/SagaClientActionsGenerator.cs","213","true","1-213","8F450DD56D947C4F3E90404E94D413942218DA171F9F77E2095C9C184F6EDD28","8F450DD56D947C4F3E90404E94D413942218DA171F9F77E2095C9C184F6EDD28","Project source","generators","","Checked start plus three lifecycle actions, input fields, correlation fields, EntityId derived from SagaId and factory methods.","https://github.com/Gibbs-Morris/mississippi/blob/aa4a686677ab41b25ecdfd445b280b45d2f43fb1/src/Inlet.Client.Generators/SagaClientActionsGenerator.cs","aa4a686677ab41b25ecdfd445b280b45d2f43fb1"
"Inlet.Client.Generators","src/Inlet.Client.Generators/SagaClientDtoGenerator.cs","71","true","1-71","1FEF8AF8F6CA8A7E212F2E29E0B54DED37EA255F2C64C9E6593A3DBA7F7EFE02","1FEF8AF8F6CA8A7E212F2E29E0B54DED37EA255F2C64C9E6593A3DBA7F7EFE02","Project source","generators","Generated-property-type-imports.md","Checked input/correlation positional request DTO emission and helper discovery pipeline.","https://github.com/Gibbs-Morris/mississippi/blob/aa4a686677ab41b25ecdfd445b280b45d2f43fb1/src/Inlet.Client.Generators/SagaClientDtoGenerator.cs","aa4a686677ab41b25ecdfd445b280b45d2f43fb1"
"Inlet.Client.Generators","src/Inlet.Client.Generators/SagaClientGeneratorHelper.cs","364","true","1-364","CA518F528BD5176565D5FC1EDD27F4D60C7DDDC0905D5AD9B009B7C2CB5384D8","CA518F528BD5176565D5FC1EDD27F4D60C7DDDC0905D5AD9B009B7C2CB5384D8","Project source","generators","Generic-saga-domain-composition.md; Inherited-public-properties.md","Checked generic/non-generic markers, ISagaState validation, input symbol lookup, route/feature defaults, input property analysis and client namespace resolution.","https://github.com/Gibbs-Morris/mississippi/blob/aa4a686677ab41b25ecdfd445b280b45d2f43fb1/src/Inlet.Client.Generators/SagaClientGeneratorHelper.cs","aa4a686677ab41b25ecdfd445b280b45d2f43fb1"
"Inlet.Client.Generators","src/Inlet.Client.Generators/SagaClientMappersGenerator.cs","79","true","1-79","D778616096619995C56B8F25BB6993192AC712E50CEC495348EDC84CA33C03EE","D778616096619995C56B8F25BB6993192AC712E50CEC495348EDC84CA33C03EE","Project source","generators","","Checked input/correlation positional DTO construction and naming; reread truncated lines 27-43.","https://github.com/Gibbs-Morris/mississippi/blob/aa4a686677ab41b25ecdfd445b280b45d2f43fb1/src/Inlet.Client.Generators/SagaClientMappersGenerator.cs","aa4a686677ab41b25ecdfd445b280b45d2f43fb1"
"Inlet.Client.Generators","src/Inlet.Client.Generators/SagaClientReducersGenerator.cs","119","true","1-119","040DC403947FE785226C4A879E0E7019725FE7707907370D5C0AF2520F30D142","040DC403947FE785226C4A879E0E7019725FE7707907370D5C0AF2520F30D142","Project source","generators","","Checked all three lifecycle reducer delegates and generated state/action type naming.","https://github.com/Gibbs-Morris/mississippi/blob/aa4a686677ab41b25ecdfd445b280b45d2f43fb1/src/Inlet.Client.Generators/SagaClientReducersGenerator.cs","aa4a686677ab41b25ecdfd445b280b45d2f43fb1"
"Inlet.Client.Generators","src/Inlet.Client.Generators/SagaClientRegistrationGenerator.cs","110","true","1-110","20830EB5812E81A05181FB91C27F4D4A6A9BC02E7C4C903E18C205501AAD32D5","20830EB5812E81A05181FB91C27F4D4A6A9BC02E7C4C903E18C205501AAD32D5","Project source","generators","","Checked mapper, feature-state reducers and action-effect registration using matching saga helper metadata.","https://github.com/Gibbs-Morris/mississippi/blob/aa4a686677ab41b25ecdfd445b280b45d2f43fb1/src/Inlet.Client.Generators/SagaClientRegistrationGenerator.cs","aa4a686677ab41b25ecdfd445b280b45d2f43fb1"
"Inlet.Client.Generators","src/Inlet.Client.Generators/SagaClientStateGenerator.cs","66","true","1-66","1CDA7060B47C735BC3D8E37D76F51772FFF21B0444AD2A5CEA6A789A3B1C964C","1CDA7060B47C735BC3D8E37D76F51772FFF21B0444AD2A5CEA6A789A3B1C964C","Project source","generators","","Checked command-state base/interface and configured FeatureKey emission.","https://github.com/Gibbs-Morris/mississippi/blob/aa4a686677ab41b25ecdfd445b280b45d2f43fb1/src/Inlet.Client.Generators/SagaClientStateGenerator.cs","aa4a686677ab41b25ecdfd445b280b45d2f43fb1"
"Inlet.Gateway","src/Inlet.Gateway/GeneratedApiAuthorizationConvention.cs","169","true","1-169","D887E4D095B0C7472C1F7E227112A7951EFF9B717DE68E0D8B02709D9E339157","D887E4D095B0C7472C1F7E227112A7951EFF9B717DE68E0D8B02709D9E339157","Project source","live_client","","Generated controller detection, authorization/anonymous attribute and filter removal, mode defaults and mixed-action suppression checked against explicit documented contract.","https://github.com/Gibbs-Morris/mississippi/blob/aa4a686677ab41b25ecdfd445b280b45d2f43fb1/src/Inlet.Gateway/GeneratedApiAuthorizationConvention.cs","aa4a686677ab41b25ecdfd445b280b45d2f43fb1"
"Inlet.Gateway","src/Inlet.Gateway/GeneratedApiAuthorizationMode.cs","17","true","1-17","A49E21317AC1FFCD90CF593E8AE45CC7F1CB5E2B8809B5712CF1F01E171CB0B8","A49E21317AC1FFCD90CF593E8AE45CC7F1CB5E2B8809B5712CF1F01E171CB0B8","Project source","live_client","","Authorization mode enum semantics checked.","https://github.com/Gibbs-Morris/mississippi/blob/aa4a686677ab41b25ecdfd445b280b45d2f43fb1/src/Inlet.Gateway/GeneratedApiAuthorizationMode.cs","aa4a686677ab41b25ecdfd445b280b45d2f43fb1"
"Inlet.Gateway","src/Inlet.Gateway/GeneratedApiAuthorizationMvcOptionsSetup.cs","36","true","1-36","AD3C3A3C361F502D9B695C012C9EA0545630C5E883EACEE4FF794963C35F4E3B","AD3C3A3C361F502D9B695C012C9EA0545630C5E883EACEE4FF794963C35F4E3B","Project source","live_client","","Options resolution and MVC convention registration checked.","https://github.com/Gibbs-Morris/mississippi/blob/aa4a686677ab41b25ecdfd445b280b45d2f43fb1/src/Inlet.Gateway/GeneratedApiAuthorizationMvcOptionsSetup.cs","aa4a686677ab41b25ecdfd445b280b45d2f43fb1"
"Inlet.Gateway","src/Inlet.Gateway/GeneratedApiAuthorizationOptions.cs","32","true","1-32","CA13024941D78E8C8B2A4D099266C0CAFA8D65DE6CAA29A06893C622FDFFC29A","CA13024941D78E8C8B2A4D099266C0CAFA8D65DE6CAA29A06893C622FDFFC29A","Project source","live_client","","Opt-out/default policy/roles/schemes and disabled-mode defaults checked.","https://github.com/Gibbs-Morris/mississippi/blob/aa4a686677ab41b25ecdfd445b280b45d2f43fb1/src/Inlet.Gateway/GeneratedApiAuthorizationOptions.cs","aa4a686677ab41b25ecdfd445b280b45d2f43fb1"
"Inlet.Gateway","src/Inlet.Gateway/InletHub.cs","316","true","1-316","223592FB4CD36EA8540213353CC7B99C5FBDE3D3C99333F0B78F26B1F6662381","223592FB4CD36EA8540213353CC7B99C5FBDE3D3C99333F0B78F26B1F6662381","Project source","live_client","Inlet-auth-scheme-compared-to-identity-label.md; Inlet-failed-resubscribe-retains-dead-id.md; Inlet-restarted-closed-connection-keeps-old-ids.md; Inlet-subscription-setup-leaves-unreturned-entry.md","Subscription authorization metadata precedence, policy construction, authentication type comparison, hub cleanup and grain calls checked.","https://github.com/Gibbs-Morris/mississippi/blob/aa4a686677ab41b25ecdfd445b280b45d2f43fb1/src/Inlet.Gateway/InletHub.cs","aa4a686677ab41b25ecdfd445b280b45d2f43fb1"
"Inlet.Gateway","src/Inlet.Gateway/InletHubLoggerExtensions.cs","112","true","1-112","C1ADB173900AE3BE162807C08C1DD8F4024EBDE33E6FECA8A56B194DF92045B6","C1ADB173900AE3BE162807C08C1DD8F4024EBDE33E6FECA8A56B194DF92045B6","Project source","live_client","","Hub authorization/subscription/lifecycle LoggerMessage parameter mappings checked.","https://github.com/Gibbs-Morris/mississippi/blob/aa4a686677ab41b25ecdfd445b280b45d2f43fb1/src/Inlet.Gateway/InletHubLoggerExtensions.cs","aa4a686677ab41b25ecdfd445b280b45d2f43fb1"
"Inlet.Gateway","src/Inlet.Gateway/InletServerOptions.cs","12","true","1-12","9B31069E8480AF1B6631555558126B77260DE4F1C6815F6BE399EE7E05181EBA","9B31069E8480AF1B6631555558126B77260DE4F1C6815F6BE399EE7E05181EBA","Project source","live_client","","Generated API authorization options ownership/default checked.","https://github.com/Gibbs-Morris/mississippi/blob/aa4a686677ab41b25ecdfd445b280b45d2f43fb1/src/Inlet.Gateway/InletServerOptions.cs","aa4a686677ab41b25ecdfd445b280b45d2f43fb1"
"Inlet.Gateway","src/Inlet.Gateway/InletServerRegistrations.cs","153","true","1-153","62CAFD0E413AA9060AEDFF49C2220551BE8BA0B027EEDD0AE1743F845CCC3DC0","62CAFD0E413AA9060AEDFF49C2220551BE8BA0B027EEDD0AE1743F845CCC3DC0","Project source","live_client","","SignalR/Aqueduct registration prerequisites, force-mode hub endpoint policy and opt-out mapping checked against docs.","https://github.com/Gibbs-Morris/mississippi/blob/aa4a686677ab41b25ecdfd445b280b45d2f43fb1/src/Inlet.Gateway/InletServerRegistrations.cs","aa4a686677ab41b25ecdfd445b280b45d2f43fb1"
"Inlet.Gateway.Abstractions","src/Inlet.Gateway.Abstractions/InletHubConstants.cs","48","true","1-48","23E3DC874454B50A031C76D2B792AE8C1BCB481AA10CCA8262FD12BD071D0ABC","23E3DC874454B50A031C76D2B792AE8C1BCB481AA10CCA8262FD12BD071D0ABC","Project source","generators","","Checked hub method names, update payload description and denied-subscription message contract.","https://github.com/Gibbs-Morris/mississippi/blob/aa4a686677ab41b25ecdfd445b280b45d2f43fb1/src/Inlet.Gateway.Abstractions/InletHubConstants.cs","aa4a686677ab41b25ecdfd445b280b45d2f43fb1"
"Inlet.Gateway.Abstractions","src/Inlet.Gateway.Abstractions/InletInProcessRegistrations.cs","41","true","1-41","47F997B5FA22C9095A1B6565B92B46C60124A45E9871FC0529AB2E4EDFC85967","47F997B5FA22C9095A1B6565B92B46C60124A45E9871FC0529AB2E4EDFC85967","Project source","generators","Notifier-concurrent-subscribe-cleanup.md","Checked null validation, idempotent singleton registration and interface factory sharing the concrete instance.","https://github.com/Gibbs-Morris/mississippi/blob/aa4a686677ab41b25ecdfd445b280b45d2f43fb1/src/Inlet.Gateway.Abstractions/InletInProcessRegistrations.cs","aa4a686677ab41b25ecdfd445b280b45d2f43fb1"
"Inlet.Gateway.Abstractions","src/Inlet.Gateway.Abstractions/InProcessProjectionNotifier.cs","237","true","1-237","FE0F5F1C45B71404638C3DC65793777B26ADB1D29D67A08065F9F6A9D54695E9","FE0F5F1C45B71404638C3DC65793777B26ADB1D29D67A08065F9F6A9D54695E9","Project source","generators","Notifier-concurrent-subscribe-cleanup.md","Checked key creation, dictionary lifetime, subscription disposal, callback snapshot and exception isolation, per-list synchronization. Identified concurrent cleanup detaching a new subscription.","https://github.com/Gibbs-Morris/mississippi/blob/aa4a686677ab41b25ecdfd445b280b45d2f43fb1/src/Inlet.Gateway.Abstractions/InProcessProjectionNotifier.cs","aa4a686677ab41b25ecdfd445b280b45d2f43fb1"
"Inlet.Gateway.Abstractions","src/Inlet.Gateway.Abstractions/InProcessProjectionNotifierLoggerExtensions.cs","46","true","1-46","D1E2E62DE6023D8BF8A5EB8E54DDAB5B1DAF97F9399C9CC841763CDA98754487","D1E2E62DE6023D8BF8A5EB8E54DDAB5B1DAF97F9399C9CC841763CDA98754487","Project source","generators","","Checked structured log signatures and exception parameters for notification and lifecycle messages.","https://github.com/Gibbs-Morris/mississippi/blob/aa4a686677ab41b25ecdfd445b280b45d2f43fb1/src/Inlet.Gateway.Abstractions/InProcessProjectionNotifierLoggerExtensions.cs","aa4a686677ab41b25ecdfd445b280b45d2f43fb1"
"Inlet.Gateway.Abstractions","src/Inlet.Gateway.Abstractions/IServerProjectionNotifier.cs","49","true","1-49","9BA042E27E4A21B1790C499A609AEB9FEFF0133D1A8D9561E3F70C35C750FCB4","9BA042E27E4A21B1790C499A609AEB9FEFF0133D1A8D9561E3F70C35C750FCB4","Project source","generators","Notifier-concurrent-subscribe-cleanup.md","Checked subscribe/dispose and notification contracts plus immutable notification record.","https://github.com/Gibbs-Morris/mississippi/blob/aa4a686677ab41b25ecdfd445b280b45d2f43fb1/src/Inlet.Gateway.Abstractions/IServerProjectionNotifier.cs","aa4a686677ab41b25ecdfd445b280b45d2f43fb1"
"Inlet.Gateway.Generators","src/Inlet.Gateway.Generators/AggregateControllerGenerator.cs","550","true","1-550","77E6934CAE05790D3DDCF0669E65E816FA5ACB3451E2F7760840639491DA6CDD","77E6934CAE05790D3DDCF0669E65E816FA5ACB3451E2F7760840639491DA6CDD","Project source","generators","Aggregate-route-prefix-override.md; Inlet-command-always-posts.md","Read complete aggregate/command scan, route and HTTP method overrides, authorization metadata, request mapping and grain execution, target namespace derivation and controller source emission; server honors RoutePrefix and HttpMethod, supporting mismatched generated client evidence.","https://github.com/Gibbs-Morris/mississippi/blob/aa4a686677ab41b25ecdfd445b280b45d2f43fb1/src/Inlet.Gateway.Generators/AggregateControllerGenerator.cs","aa4a686677ab41b25ecdfd445b280b45d2f43fb1"
"Inlet.Gateway.Generators","src/Inlet.Gateway.Generators/CommandServerDtoGenerator.cs","441","true","1-441","FE6984AC6B9D7C7B6370BB9C40770ACB91F0AE037F2581E732E23EFE0DC2931C","FE6984AC6B9D7C7B6370BB9C40770ACB91F0AE037F2581E732E23EFE0DC2931C","Project source","generators","Command-source-hint-collision.md; Generated-property-type-imports.md; Optional-command-defaults-lost.md; Positional-constructor-all-properties.md; Record-copy-constructor-classification.md","Checked all request DTO properties/JSON required metadata, constructor vs initializer mapping, per-aggregate mapper registration and command discovery. Copy-constructor, extra-property, missing type imports, ignored default/marker leads pending.","https://github.com/Gibbs-Morris/mississippi/blob/aa4a686677ab41b25ecdfd445b280b45d2f43fb1/src/Inlet.Gateway.Generators/CommandServerDtoGenerator.cs","aa4a686677ab41b25ecdfd445b280b45d2f43fb1"
"Inlet.Gateway.Generators","src/Inlet.Gateway.Generators/DomainServerRegistrationGenerator.cs","331","true","1-331","BB6D9A1BECD69379D0EBD94518560D8E0129C7233825B1C3CFB8C2269E544C6F","BB6D9A1BECD69379D0EBD94518560D8E0129C7233825B1C3CFB8C2269E544C6F","Project source","generators","","Read complete domain/aggregate/projection discovery, target namespace selection, mapper imports and composition registration source generation, generic symbol matching and no-output conditions.","https://github.com/Gibbs-Morris/mississippi/blob/aa4a686677ab41b25ecdfd445b280b45d2f43fb1/src/Inlet.Gateway.Generators/DomainServerRegistrationGenerator.cs","aa4a686677ab41b25ecdfd445b280b45d2f43fb1"
"Inlet.Gateway.Generators","src/Inlet.Gateway.Generators/McpAggregateToolsGenerator.cs","897","true","1-897","E7FFEEB0278621ADB723F6E7BEA65F1D4D1C1031F2E91B301745B5F61E77A037","E7FFEEB0278621ADB723F6E7BEA65F1D4D1C1031F2E91B301745B5F61E77A037","Project source","generators","Mcp-multiline-metadata-escaping.md; Mcp-nonconstant-property-default.md; Mcp-optional-parameter-order.md; Metadata-default-control-character-escaping.md; Metadata-enum-default-numeric-branch.md; Positional-constructor-all-properties.md; Record-copy-constructor-classification.md; Sourcebuilder-multiline-summary.md","Read all command/aggregate metadata discovery, parameter descriptions and defaults, positional/object command construction, tool attributes, DI constructor, class/namespace naming and complete emitted code; checking copy-constructor classification, optional parameter defaults/order and multiline metadata escaping.","https://github.com/Gibbs-Morris/mississippi/blob/aa4a686677ab41b25ecdfd445b280b45d2f43fb1/src/Inlet.Gateway.Generators/McpAggregateToolsGenerator.cs","aa4a686677ab41b25ecdfd445b280b45d2f43fb1"
"Inlet.Gateway.Generators","src/Inlet.Gateway.Generators/McpProjectionToolsGenerator.cs","573","true","1-573","19F4742009E16F4A7CB404567FCFC69F0A4C3022745CA9FA4FB6AE097BF49DD3","19F4742009E16F4A7CB404567FCFC69F0A4C3022745CA9FA4FB6AE097BF49DD3","Project source","generators","Mcp-multiline-metadata-escaping.md; Sourcebuilder-multiline-summary.md","Read all projection discovery and current/historical/version MCP read methods, BrookPosition conversion, null results, JSON serialization, tool metadata, dependency constructor and registration emission; metadata string escaping is shared with aggregate/saga emitters.","https://github.com/Gibbs-Morris/mississippi/blob/aa4a686677ab41b25ecdfd445b280b45d2f43fb1/src/Inlet.Gateway.Generators/McpProjectionToolsGenerator.cs","aa4a686677ab41b25ecdfd445b280b45d2f43fb1"
"Inlet.Gateway.Generators","src/Inlet.Gateway.Generators/McpSagaToolsGenerator.cs","795","true","1-795","646834D6E0E4A5153A25B7DDFD9AB9A56B1BEC20214E8389E556C377737968FA","646834D6E0E4A5153A25B7DDFD9AB9A56B1BEC20214E8389E556C377737968FA","Project source","generators","Mcp-multiline-metadata-escaping.md; Record-copy-constructor-classification.md","Read complete generic/non-generic saga marker matching, ISagaState/input checks, parameter metadata, command construction, generated saga identifier/status methods, JSON handling, usings and source emission; copy-constructor classification and multiline escaping repeat shared causes.","https://github.com/Gibbs-Morris/mississippi/blob/aa4a686677ab41b25ecdfd445b280b45d2f43fb1/src/Inlet.Gateway.Generators/McpSagaToolsGenerator.cs","aa4a686677ab41b25ecdfd445b280b45d2f43fb1"
"Inlet.Gateway.Generators","src/Inlet.Gateway.Generators/McpToolRegistrationGenerator.cs","296","true","1-296","D9EBE7D5C0517AD0A6D3B09A432AFEC382E417AA4FD30D4C7FE2A213551A9F23","D9EBE7D5C0517AD0A6D3B09A432AFEC382E417AA4FD30D4C7FE2A213551A9F23","Project source","generators","","Read complete aggregate/projection/saga marker discovery, commands checks, tool-name enumeration, sorted builder registration generation and target namespace pipeline; noted saga eligibility differs from the dedicated generator and requires checking supported marker combinations.","https://github.com/Gibbs-Morris/mississippi/blob/aa4a686677ab41b25ecdfd445b280b45d2f43fb1/src/Inlet.Gateway.Generators/McpToolRegistrationGenerator.cs","aa4a686677ab41b25ecdfd445b280b45d2f43fb1"
"Inlet.Gateway.Generators","src/Inlet.Gateway.Generators/ProjectionEndpointsGenerator.cs","994","true","1-994","3E555EB294BC3F67177EA1EAC1420869BA88F05AA4CFE0AB1FECB13240A140C9","3E555EB294BC3F67177EA1EAC1420869BA88F05AA4CFE0AB1FECB13240A140C9","Project source","generators","Incomplete-custom-dto-discovery.md; Nullable-enum-analysis.md; Nullable-projection-collection-mapping.md; Projection-collection-shape.md; Wide-enum-underlying-type.md","Read full pipeline, controller authorization and routes, DTO and nested DTO/enum discovery, mapper constructors and collection conversions, enum mapper and service registration generation; revalidating collection shape, nullable/recursive enum and custom DTO generation defects.","https://github.com/Gibbs-Morris/mississippi/blob/aa4a686677ab41b25ecdfd445b280b45d2f43fb1/src/Inlet.Gateway.Generators/ProjectionEndpointsGenerator.cs","aa4a686677ab41b25ecdfd445b280b45d2f43fb1"
"Inlet.Gateway.Generators","src/Inlet.Gateway.Generators/SagaControllerGenerator.cs","517","true","1-517","C0B6C037E79D1F1D5806D72E444EBD1F080EADD5D5AE06E68CD5CD09F4C52F9B","C0B6C037E79D1F1D5806D72E444EBD1F080EADD5D5AE06E68CD5CD09F4C52F9B","Project source","generators","Inherited-public-properties.md; Optional-command-defaults-lost.md; Positional-constructor-all-properties.md; Record-copy-constructor-classification.md","Read all generic saga/input discovery, authorization/routes, start and status endpoints, start DTO JSON required/default behavior, domain input mapping and grain execution, naming and complete pipeline; checked shared record classification, optional defaults, source type rendering and reserved CorrelationId fields.","https://github.com/Gibbs-Morris/mississippi/blob/aa4a686677ab41b25ecdfd445b280b45d2f43fb1/src/Inlet.Gateway.Generators/SagaControllerGenerator.cs","aa4a686677ab41b25ecdfd445b280b45d2f43fb1"
"Inlet.Generators.Abstractions","src/Inlet.Generators.Abstractions/GenerateAggregateEndpointsAttribute.cs","69","true","1-69","3679BA2FB33061AAC6F45E46200151CCBC250232AD7E5EF06441DE2A039D74D6","3679BA2FB33061AAC6F45E46200151CCBC250232AD7E5EF06441DE2A039D74D6","Project source","generators","Aggregate-route-prefix-override.md","Checked target usage and route/feature key override defaults and generated-surface contract.","https://github.com/Gibbs-Morris/mississippi/blob/aa4a686677ab41b25ecdfd445b280b45d2f43fb1/src/Inlet.Generators.Abstractions/GenerateAggregateEndpointsAttribute.cs","aa4a686677ab41b25ecdfd445b280b45d2f43fb1"
"Inlet.Generators.Abstractions","src/Inlet.Generators.Abstractions/GenerateAllowAnonymousAttribute.cs","20","true","1-20","72BA6F52CDA76FD8697B45B8BBCE9A21111F830DDA937338605AD6920207B351","72BA6F52CDA76FD8697B45B8BBCE9A21111F830DDA937338605AD6920207B351","Project source","generators","","Checked non-inherited class marker and HTTP/subscription authorization contract.","https://github.com/Gibbs-Morris/mississippi/blob/aa4a686677ab41b25ecdfd445b280b45d2f43fb1/src/Inlet.Generators.Abstractions/GenerateAllowAnonymousAttribute.cs","aa4a686677ab41b25ecdfd445b280b45d2f43fb1"
"Inlet.Generators.Abstractions","src/Inlet.Generators.Abstractions/GenerateAuthorizationAttribute.cs","39","true","1-39","84EA7014BAAFFA5026AA2DDEC1FD04262FBA22DAB7C86066BA41B78274DB300A","84EA7014BAAFFA5026AA2DDEC1FD04262FBA22DAB7C86066BA41B78274DB300A","Project source","generators","","Checked policy, role, authentication scheme properties and non-inherited marker contract.","https://github.com/Gibbs-Morris/mississippi/blob/aa4a686677ab41b25ecdfd445b280b45d2f43fb1/src/Inlet.Generators.Abstractions/GenerateAuthorizationAttribute.cs","aa4a686677ab41b25ecdfd445b280b45d2f43fb1"
"Inlet.Generators.Abstractions","src/Inlet.Generators.Abstractions/GenerateCommandAttribute.cs","62","true","1-62","06B5C93CDF77DE0CC1649B9C6A0857A6E7195C4A1CB0AE9A30C2DC79A2A1D4B0","06B5C93CDF77DE0CC1649B9C6A0857A6E7195C4A1CB0AE9A30C2DC79A2A1D4B0","Project source","generators","Inlet-command-always-posts.md","Checked POST default, configurable HTTP verb and command route plus DTO/action generation contract.","https://github.com/Gibbs-Morris/mississippi/blob/aa4a686677ab41b25ecdfd445b280b45d2f43fb1/src/Inlet.Generators.Abstractions/GenerateCommandAttribute.cs","aa4a686677ab41b25ecdfd445b280b45d2f43fb1"
"Inlet.Generators.Abstractions","src/Inlet.Generators.Abstractions/GenerateMcpParameterDescriptionAttribute.cs","38","true","1-38","0F64B827596D577B91EF8D8FC1333FD8A2BEA99187D6FEBA021CAAFEA60C8457","0F64B827596D577B91EF8D8FC1333FD8A2BEA99187D6FEBA021CAAFEA60C8457","Project source","generators","","Checked property/parameter applicability and constructor storage of parameter descriptions.","https://github.com/Gibbs-Morris/mississippi/blob/aa4a686677ab41b25ecdfd445b280b45d2f43fb1/src/Inlet.Generators.Abstractions/GenerateMcpParameterDescriptionAttribute.cs","aa4a686677ab41b25ecdfd445b280b45d2f43fb1"
"Inlet.Generators.Abstractions","src/Inlet.Generators.Abstractions/GenerateMcpReadToolAttribute.cs","79","true","1-79","7A94C1FF89E604BE1BE173B70282EE37B3EFF22F5F61ED0C96E9DF32163D95F6","7A94C1FF89E604BE1BE173B70282EE37B3EFF22F5F61ED0C96E9DF32163D95F6","Project source","generators","","Checked projection tool names/descriptions/title and read-only/destructive/idempotent/open-world defaults.","https://github.com/Gibbs-Morris/mississippi/blob/aa4a686677ab41b25ecdfd445b280b45d2f43fb1/src/Inlet.Generators.Abstractions/GenerateMcpReadToolAttribute.cs","aa4a686677ab41b25ecdfd445b280b45d2f43fb1"
"Inlet.Generators.Abstractions","src/Inlet.Generators.Abstractions/GenerateMcpSagaToolsAttribute.cs","52","true","1-52","E19925BAFDC06B97F818CCDC377717FE116D0406A1C3CE39C06C4DC32E47BFCA","E19925BAFDC06B97F818CCDC377717FE116D0406A1C3CE39C06C4DC32E47BFCA","Project source","generators","","Checked saga marker contract, start/status derived names, titles, descriptions and optional prefix.","https://github.com/Gibbs-Morris/mississippi/blob/aa4a686677ab41b25ecdfd445b280b45d2f43fb1/src/Inlet.Generators.Abstractions/GenerateMcpSagaToolsAttribute.cs","aa4a686677ab41b25ecdfd445b280b45d2f43fb1"
"Inlet.Generators.Abstractions","src/Inlet.Generators.Abstractions/GenerateMcpToolMetadataAttribute.cs","87","true","1-87","D30E5F64D2A0FE4AB15DDF08D23F71BF25146D9C7F80E8C8BFA322734DC78BFD","D30E5F64D2A0FE4AB15DDF08D23F71BF25146D9C7F80E8C8BFA322734DC78BFD","Project source","generators","","Checked command tool description/title and MCP behavior metadata defaults.","https://github.com/Gibbs-Morris/mississippi/blob/aa4a686677ab41b25ecdfd445b280b45d2f43fb1/src/Inlet.Generators.Abstractions/GenerateMcpToolMetadataAttribute.cs","aa4a686677ab41b25ecdfd445b280b45d2f43fb1"
"Inlet.Generators.Abstractions","src/Inlet.Generators.Abstractions/GenerateMcpToolsAttribute.cs","35","true","1-35","D320ACB8416B2C2069DC8B280F5BA48B88315A641D6DA2B4DD596B02F5413999","D320ACB8416B2C2069DC8B280F5BA48B88315A641D6DA2B4DD596B02F5413999","Project source","generators","","Checked aggregate tool marker and documented normalization/default-prefix contract.","https://github.com/Gibbs-Morris/mississippi/blob/aa4a686677ab41b25ecdfd445b280b45d2f43fb1/src/Inlet.Generators.Abstractions/GenerateMcpToolsAttribute.cs","aa4a686677ab41b25ecdfd445b280b45d2f43fb1"
"Inlet.Generators.Abstractions","src/Inlet.Generators.Abstractions/GenerateProjectionEndpointsAttribute.cs","54","true","1-54","DAF2AD96F98F02A27029306C03A732B192847F122A56995C96F4603478531769","DAF2AD96F98F02A27029306C03A732B192847F122A56995C96F4603478531769","Project source","generators","","Checked required ProjectionPath contract and client-subscription default/override.","https://github.com/Gibbs-Morris/mississippi/blob/aa4a686677ab41b25ecdfd445b280b45d2f43fb1/src/Inlet.Generators.Abstractions/GenerateProjectionEndpointsAttribute.cs","aa4a686677ab41b25ecdfd445b280b45d2f43fb1"
"Inlet.Generators.Abstractions","src/Inlet.Generators.Abstractions/GenerateSagaEndpointsAttribute.cs","45","true","1-45","05FFE38A70253359E45C158DFBEE64DE20EDABBCEBDA98E4603734E6A92D7CA4","05FFE38A70253359E45C158DFBEE64DE20EDABBCEBDA98E4603734E6A92D7CA4","Project source","generators","","Checked saga input Type, route and feature key configurable properties.","https://github.com/Gibbs-Morris/mississippi/blob/aa4a686677ab41b25ecdfd445b280b45d2f43fb1/src/Inlet.Generators.Abstractions/GenerateSagaEndpointsAttribute.cs","aa4a686677ab41b25ecdfd445b280b45d2f43fb1"
"Inlet.Generators.Abstractions","src/Inlet.Generators.Abstractions/GenerateSagaEndpointsAttribute{TInput}.cs","51","true","1-51","E70460B6647CF2F3CE292E43B34EB6CFC3C1A234EB4E39642D2503330D41E05C","E70460B6647CF2F3CE292E43B34EB6CFC3C1A234EB4E39642D2503330D41E05C","Project source","generators","Generic-saga-domain-composition.md","Checked generic saga input Type initialization, route and feature key overrides.","https://github.com/Gibbs-Morris/mississippi/blob/aa4a686677ab41b25ecdfd445b280b45d2f43fb1/src/Inlet.Generators.Abstractions/GenerateSagaEndpointsAttribute{TInput}.cs","aa4a686677ab41b25ecdfd445b280b45d2f43fb1"
"Inlet.Generators.Abstractions","src/Inlet.Generators.Abstractions/GenerateSagaStatusReducersAttribute.cs","12","true","1-12","F9F2F55017F75783DA4D0129CD54C1890B9916E0F3FE010A555F8BBFA8FAFA38","F9F2F55017F75783DA4D0129CD54C1890B9916E0F3FE010A555F8BBFA8FAFA38","Project source","generators","","Checked non-inherited projection reducer-generation marker.","https://github.com/Gibbs-Morris/mississippi/blob/aa4a686677ab41b25ecdfd445b280b45d2f43fb1/src/Inlet.Generators.Abstractions/GenerateSagaStatusReducersAttribute.cs","aa4a686677ab41b25ecdfd445b280b45d2f43fb1"
"Inlet.Generators.Abstractions","src/Inlet.Generators.Abstractions/GeneratorIgnoreAttribute.cs","19","true","1-19","AC343836025E5427BE744258C16E12ED1366C511837B144454CE493A72D62C1A","AC343836025E5427BE744258C16E12ED1366C511837B144454CE493A72D62C1A","Project source","generators","","Checked property marker and omission from DTO exposure contract.","https://github.com/Gibbs-Morris/mississippi/blob/aa4a686677ab41b25ecdfd445b280b45d2f43fb1/src/Inlet.Generators.Abstractions/GeneratorIgnoreAttribute.cs","aa4a686677ab41b25ecdfd445b280b45d2f43fb1"
"Inlet.Generators.Abstractions","src/Inlet.Generators.Abstractions/GeneratorPropertyNameAttribute.cs","31","true","1-31","5AFB69168E85A4360F91357E93E0119E90DD43D678F3EAA44820B5C4DA0233C3","5AFB69168E85A4360F91357E93E0119E90DD43D678F3EAA44820B5C4DA0233C3","Project source","generators","","Checked JSON property override constructor/value contract.","https://github.com/Gibbs-Morris/mississippi/blob/aa4a686677ab41b25ecdfd445b280b45d2f43fb1/src/Inlet.Generators.Abstractions/GeneratorPropertyNameAttribute.cs","aa4a686677ab41b25ecdfd445b280b45d2f43fb1"
"Inlet.Generators.Abstractions","src/Inlet.Generators.Abstractions/GeneratorRequiredAttribute.cs","38","true","1-38","B3C83A9C673991F98DA93A5F6D8FB755B077003F6CF801420894A3B9B71DA04B","B3C83A9C673991F98DA93A5F6D8FB755B077003F6CF801420894A3B9B71DA04B","Project source","generators","","Checked required-inference override and true constructor default.","https://github.com/Gibbs-Morris/mississippi/blob/aa4a686677ab41b25ecdfd445b280b45d2f43fb1/src/Inlet.Generators.Abstractions/GeneratorRequiredAttribute.cs","aa4a686677ab41b25ecdfd445b280b45d2f43fb1"
"Inlet.Generators.Abstractions","src/Inlet.Generators.Abstractions/PendingSourceGeneratorAttribute.cs","59","true","1-59","F29B02DC55C5BC949051AEDBFEAAB1BD8524A2755D98207C485153A33FC5DB62","F29B02DC55C5BC949051AEDBFEAAB1BD8524A2755D98207C485153A33FC5DB62","Project source","generators","","Checked marker target flags, optional reason constructors and non-inherited applicability.","https://github.com/Gibbs-Morris/mississippi/blob/aa4a686677ab41b25ecdfd445b280b45d2f43fb1/src/Inlet.Generators.Abstractions/PendingSourceGeneratorAttribute.cs","aa4a686677ab41b25ecdfd445b280b45d2f43fb1"
"Inlet.Generators.Core","src/Inlet.Generators.Core/Analysis/AggregateModel.cs","79","true","1-79","58292B606752AECE9E60799D3AFD1919B59A5630961C88813364E28EEFE16ADC","58292B606752AECE9E60799D3AFD1919B59A5630961C88813364E28EEFE16ADC","Project source","generators","","Checked aggregate suffix stripping, full identity and controller/route/feature names and null guards.","https://github.com/Gibbs-Morris/mississippi/blob/aa4a686677ab41b25ecdfd445b280b45d2f43fb1/src/Inlet.Generators.Core/Analysis/AggregateModel.cs","aa4a686677ab41b25ecdfd445b280b45d2f43fb1"
"Inlet.Generators.Core","src/Inlet.Generators.Core/Analysis/CommandModel.cs","102","true","1-102","07BAD9B373323F7F2E32B9701A7FE13FB4820B2975D7532675BB1231923F6B32","07BAD9B373323F7F2E32B9701A7FE13FB4820B2975D7532675BB1231923F6B32","Project source","generators","Inherited-public-properties.md; Positional-constructor-all-properties.md; Record-copy-constructor-classification.md","Checked record-constructor classification, public property discovery, HTTP metadata and DTO naming. Leads pending: inherited properties and copy-constructor misclassification.","https://github.com/Gibbs-Morris/mississippi/blob/aa4a686677ab41b25ecdfd445b280b45d2f43fb1/src/Inlet.Generators.Core/Analysis/CommandModel.cs","aa4a686677ab41b25ecdfd445b280b45d2f43fb1"
"Inlet.Generators.Core","src/Inlet.Generators.Core/Analysis/GeneratedApiAuthorizationAnalysis.cs","206","true","1-206","014EFA85BC678B975BDD2CF41249F0944BB5191ED693D30B58B2854C60C0E8F2","014EFA85BC678B975BDD2CF41249F0944BB5191ED693D30B58B2854C60C0E8F2","Project source","generators","","Checked symbol identity, mutating-anonymous diagnostics, list normalization, deterministic authorization attributes and string escaping.","https://github.com/Gibbs-Morris/mississippi/blob/aa4a686677ab41b25ecdfd445b280b45d2f43fb1/src/Inlet.Generators.Core/Analysis/GeneratedApiAuthorizationAnalysis.cs","aa4a686677ab41b25ecdfd445b280b45d2f43fb1"
"Inlet.Generators.Core","src/Inlet.Generators.Core/Analysis/GeneratedApiAuthorizationModel.cs","73","true","1-73","5A1BAC8FF1C8C993C40213CED2B72D9D37C85E1DD9B7446868275091701FFAEB","5A1BAC8FF1C8C993C40213CED2B72D9D37C85E1DD9B7446868275091701FFAEB","Project source","generators","","Checked immutable resolved policy/roles/schemes, marker flags and diagnostics storage.","https://github.com/Gibbs-Morris/mississippi/blob/aa4a686677ab41b25ecdfd445b280b45d2f43fb1/src/Inlet.Generators.Core/Analysis/GeneratedApiAuthorizationModel.cs","aa4a686677ab41b25ecdfd445b280b45d2f43fb1"
"Inlet.Generators.Core","src/Inlet.Generators.Core/Analysis/GeneratorSymbolAnalysis.cs","53","true","1-53","A71570884C12146DF29F5DD0C1BFF287DD5FD53D6D156B71476C27A016FFF124","A71570884C12146DF29F5DD0C1BFF287DD5FD53D6D156B71476C27A016FFF124","Project source","generators","Generic-saga-domain-composition.md","Checked null guards, exact attribute symbol equality and current/referenced assembly enumeration.","https://github.com/Gibbs-Morris/mississippi/blob/aa4a686677ab41b25ecdfd445b280b45d2f43fb1/src/Inlet.Generators.Core/Analysis/GeneratorSymbolAnalysis.cs","aa4a686677ab41b25ecdfd445b280b45d2f43fb1"
"Inlet.Generators.Core","src/Inlet.Generators.Core/Analysis/ProjectionModel.cs","130","true","1-130","D1F6E2A1BB3783F9726819B2659AD5BBFD94A49A9E77F0AB51A9600A6834D4D1","D1F6E2A1BB3783F9726819B2659AD5BBFD94A49A9E77F0AB51A9600A6834D4D1","Project source","generators","Inherited-public-properties.md","Checked projection identity/suffixes, public declared property extraction and nested mapper inventories. Inherited-property omission lead pending documentation.","https://github.com/Gibbs-Morris/mississippi/blob/aa4a686677ab41b25ecdfd445b280b45d2f43fb1/src/Inlet.Generators.Core/Analysis/ProjectionModel.cs","aa4a686677ab41b25ecdfd445b280b45d2f43fb1"
"Inlet.Generators.Core","src/Inlet.Generators.Core/Analysis/PropertyModel.cs","337","true","1-337","D10626921146B3341590879D73C9EAFB2AE2582E6D2185870CE958271122657D","D10626921146B3341590879D73C9EAFB2AE2582E6D2185870CE958271122657D","Project source","generators","Array-collection-detection.md; Dictionary-element-type.md; Generated-property-type-imports.md; Mcp-nonconstant-property-default.md; Mcp-optional-parameter-order.md; Metadata-default-control-character-escaping.md; Metadata-enum-default-numeric-branch.md; Nullable-enum-analysis.md; Nullable-projection-collection-mapping.md; Optional-command-defaults-lost.md; Projection-collection-shape.md","Checked source/DTO type analysis, nullable reference/value detection, collection/enum elements, required/default inference, syntax and metadata constructor defaults and constant formatting.","https://github.com/Gibbs-Morris/mississippi/blob/aa4a686677ab41b25ecdfd445b280b45d2f43fb1/src/Inlet.Generators.Core/Analysis/PropertyModel.cs","aa4a686677ab41b25ecdfd445b280b45d2f43fb1"
"Inlet.Generators.Core","src/Inlet.Generators.Core/Analysis/TypeAnalyzer.cs","279","true","1-279","B30BB0B905304D4610121412515A7034F63CD82D0607C13769044C7CD0DC1590","B30BB0B905304D4610121412515A7034F63CD82D0607C13769044C7CD0DC1590","Project source","generators","Array-collection-detection.md; Dictionary-element-type.md; Generated-property-type-imports.md; Incomplete-custom-dto-discovery.md; Nullable-enum-analysis.md; Projection-collection-shape.md","Checked arrays/generic DTO recursion, collection classification/elements, framework namespaces, nullable and enum behavior, mapping requirements and suffix stripping. Arrays and dictionaries have concrete propagation leads.","https://github.com/Gibbs-Morris/mississippi/blob/aa4a686677ab41b25ecdfd445b280b45d2f43fb1/src/Inlet.Generators.Core/Analysis/TypeAnalyzer.cs","aa4a686677ab41b25ecdfd445b280b45d2f43fb1"
"Inlet.Generators.Core","src/Inlet.Generators.Core/Emit/SourceBuilder.cs","213","true","1-213","22530950F1DFEF8D1520A1C94D325CCF6CD8FDE5121326AF0966253B0D67E555","22530950F1DFEF8D1520A1C94D325CCF6CD8FDE5121326AF0966253B0D67E555","Project source","generators","Sourcebuilder-multiline-summary.md","Checked every append, namespace, generated header/attribute, summary and indentation helper plus source materialization.","https://github.com/Gibbs-Morris/mississippi/blob/aa4a686677ab41b25ecdfd445b280b45d2f43fb1/src/Inlet.Generators.Core/Emit/SourceBuilder.cs","aa4a686677ab41b25ecdfd445b280b45d2f43fb1"
"Inlet.Generators.Core","src/Inlet.Generators.Core/Naming/NamingConventions.cs","865","true","1-865","12269E9189986119378C34CFF89E197221686B1DDC11CD1A16E9425A631DA1AB","12269E9189986119378C34CFF89E197221686B1DDC11CD1A16E9425A631DA1AB","Project source","generators","Legacy-domain-namespace-client-gates.md","Checked all legacy and target-aware client/server/runtime namespace transforms, domain-root registration names, aggregate/projection/saga suffixes, camel/kebab conversion and identifier construction; read 1-435 and 436-865 fully.","https://github.com/Gibbs-Morris/mississippi/blob/aa4a686677ab41b25ecdfd445b280b45d2f43fb1/src/Inlet.Generators.Core/Naming/NamingConventions.cs","aa4a686677ab41b25ecdfd445b280b45d2f43fb1"
"Inlet.Generators.Core","src/Inlet.Generators.Core/Naming/TargetNamespaceResolver.cs","197","true","1-197","E8D84822BB701303BAFC2772D5702203A1A6C0D5A1314A8141ECA882D971A255","E8D84822BB701303BAFC2772D5702203A1A6C0D5A1314A8141ECA882D971A255","Project source","generators","Legacy-domain-namespace-client-gates.md","Checked source-name extraction for aggregates/projections/product prefixes and target RootNamespace/AssemblyName/compilation precedence.","https://github.com/Gibbs-Morris/mississippi/blob/aa4a686677ab41b25ecdfd445b280b45d2f43fb1/src/Inlet.Generators.Core/Naming/TargetNamespaceResolver.cs","aa4a686677ab41b25ecdfd445b280b45d2f43fb1"
"Inlet.Runtime","src/Inlet.Runtime/Diagnostics/InletMetrics.cs","107","true","1-107","740F10636BB7FA1F35D5BF11883B499B8BC63488D802EFB31911ADD01FBCB037","740F10636BB7FA1F35D5BF11883B499B8BC63488D802EFB31911ADD01FBCB037","Project source","live_client","","Metrics tags/units and subscription/notification/cursor recorders checked.","https://github.com/Gibbs-Morris/mississippi/blob/aa4a686677ab41b25ecdfd445b280b45d2f43fb1/src/Inlet.Runtime/Diagnostics/InletMetrics.cs","aa4a686677ab41b25ecdfd445b280b45d2f43fb1"
"Inlet.Runtime","src/Inlet.Runtime/Grains/IInletSubscriptionGrain.cs","80","true","1-80","2A244CE0F98F8809D3C705FD2DC6D774D086DCB68FC7B175B8E6D43AB29153A0","2A244CE0F98F8809D3C705FD2DC6D774D086DCB68FC7B175B8E6D43AB29153A0","Project source","live_client","","Subscription ownership, stream deduplication and connection cleanup interface checked.","https://github.com/Gibbs-Morris/mississippi/blob/aa4a686677ab41b25ecdfd445b280b45d2f43fb1/src/Inlet.Runtime/Grains/IInletSubscriptionGrain.cs","aa4a686677ab41b25ecdfd445b280b45d2f43fb1"
"Inlet.Runtime","src/Inlet.Runtime/Grains/InletSubscriptionGrain.cs","362","true","1-362","DB1EA086FA54DCE8D2B8488141D01663FEC49E36F02D36540E031AB480701933","DB1EA086FA54DCE8D2B8488141D01663FEC49E36F02D36540E031AB480701933","Project source","live_client","Aqueduct-idle-collection-loses-live-routing.md; Inlet-concurrent-subscribe-loses-id.md; Inlet-subscription-setup-leaves-unreturned-entry.md","All per-connection/brook dictionaries, subscribe setup, cursor filtering, send error handling, stream unsubscription and ClearAll reviewed.","https://github.com/Gibbs-Morris/mississippi/blob/aa4a686677ab41b25ecdfd445b280b45d2f43fb1/src/Inlet.Runtime/Grains/InletSubscriptionGrain.cs","aa4a686677ab41b25ecdfd445b280b45d2f43fb1"
"Inlet.Runtime","src/Inlet.Runtime/Grains/InletSubscriptionGrainLoggerExtensions.cs","255","true","1-255","790CA90A1938A10D6517D16ED12E865DE60DEAA0DC37013D9643872E9CD69C56","790CA90A1938A10D6517D16ED12E865DE60DEAA0DC37013D9643872E9CD69C56","Project source","live_client","","Subscription lifecycle, stream diagnostics and cursor/notification LoggerMessage definitions checked.","https://github.com/Gibbs-Morris/mississippi/blob/aa4a686677ab41b25ecdfd445b280b45d2f43fb1/src/Inlet.Runtime/Grains/InletSubscriptionGrainLoggerExtensions.cs","aa4a686677ab41b25ecdfd445b280b45d2f43fb1"
"Inlet.Runtime","src/Inlet.Runtime/InletSiloRegistrations.cs","120","true","1-120","4E8E3322C89C3B4636DECC387D145C85EE9F5A9F419B68F0A92E8B242C1B8754","4E8E3322C89C3B4636DECC387D145C85EE9F5A9F419B68F0A92E8B242C1B8754","Project source","live_client","","Projection discovery, brook and authorization metadata scanning, fresh registry replacement and singleton registrations checked.","https://github.com/Gibbs-Morris/mississippi/blob/aa4a686677ab41b25ecdfd445b280b45d2f43fb1/src/Inlet.Runtime/InletSiloRegistrations.cs","aa4a686677ab41b25ecdfd445b280b45d2f43fb1"
"Inlet.Runtime","src/Inlet.Runtime/ProjectionAuthorizationRegistry.cs","43","true","1-43","12BD3F499167DD4EB8C75A355A34162A5FE2047CCBCC8EDF24475E4116CD4398","12BD3F499167DD4EB8C75A355A34162A5FE2047CCBCC8EDF24475E4116CD4398","Project source","live_client","","Authorization path registry lookup, overwrite and snapshots checked.","https://github.com/Gibbs-Morris/mississippi/blob/aa4a686677ab41b25ecdfd445b280b45d2f43fb1/src/Inlet.Runtime/ProjectionAuthorizationRegistry.cs","aa4a686677ab41b25ecdfd445b280b45d2f43fb1"
"Inlet.Runtime","src/Inlet.Runtime/ProjectionBrookRegistry.cs","61","true","1-61","52C857504EC3A447BF5AC63F6DFA8378A805F85C447EBC6803E3421C101C020C","52C857504EC3A447BF5AC63F6DFA8378A805F85C447EBC6803E3421C101C020C","Project source","live_client","","Brook path concurrent registry lookup/overwrite and path enumeration checked.","https://github.com/Gibbs-Morris/mississippi/blob/aa4a686677ab41b25ecdfd445b280b45d2f43fb1/src/Inlet.Runtime/ProjectionBrookRegistry.cs","aa4a686677ab41b25ecdfd445b280b45d2f43fb1"
"Inlet.Runtime.Abstractions","src/Inlet.Runtime.Abstractions/InletSubscription.cs","18","true","1-18","717CC428B9CCABB8EE30AA5367DED9F5F690641B09AC011A2B8E83238F6DA5CE","717CC428B9CCABB8EE30AA5367DED9F5F690641B09AC011A2B8E83238F6DA5CE","Project source","generators","","Checked immutable subscription fields, explicit Orleans IDs and unique type alias.","https://github.com/Gibbs-Morris/mississippi/blob/aa4a686677ab41b25ecdfd445b280b45d2f43fb1/src/Inlet.Runtime.Abstractions/InletSubscription.cs","aa4a686677ab41b25ecdfd445b280b45d2f43fb1"
"Inlet.Runtime.Abstractions","src/Inlet.Runtime.Abstractions/IProjectionAuthorizationRegistry.cs","35","true","1-35","46953684AA86DBA8C9FEF701EC5B48B1E38A3F512F0C5135AD751C5C55060124","46953684AA86DBA8C9FEF701EC5B48B1E38A3F512F0C5135AD751C5C55060124","Project source","generators","","Checked projection-path registration, optional metadata lookup and enumeration contracts.","https://github.com/Gibbs-Morris/mississippi/blob/aa4a686677ab41b25ecdfd445b280b45d2f43fb1/src/Inlet.Runtime.Abstractions/IProjectionAuthorizationRegistry.cs","aa4a686677ab41b25ecdfd445b280b45d2f43fb1"
"Inlet.Runtime.Abstractions","src/Inlet.Runtime.Abstractions/IProjectionBrookRegistry.cs","63","true","1-63","18C3D3A2A02390951CDAA70F262B6A06BFFE23CE2BFEACCC63ABCF980A5CFABB","18C3D3A2A02390951CDAA70F262B6A06BFFE23CE2BFEACCC63ABCF980A5CFABB","Project source","generators","","Checked path/brook mapping registration, nullable retrieval and TryGet contracts.","https://github.com/Gibbs-Morris/mississippi/blob/aa4a686677ab41b25ecdfd445b280b45d2f43fb1/src/Inlet.Runtime.Abstractions/IProjectionBrookRegistry.cs","aa4a686677ab41b25ecdfd445b280b45d2f43fb1"
"Inlet.Runtime.Abstractions","src/Inlet.Runtime.Abstractions/IProjectionSubscriptionHandler.cs","54","true","1-54","4746A52B417626DC520A813202DFDAA5E060FFFA80433AF7C9AAD933FE402555","4746A52B417626DC520A813202DFDAA5E060FFFA80433AF7C9AAD933FE402555","Project source","generators","","Checked generic class constraints and asynchronous refresh/subscribe/unsubscribe cancellation contracts.","https://github.com/Gibbs-Morris/mississippi/blob/aa4a686677ab41b25ecdfd445b280b45d2f43fb1/src/Inlet.Runtime.Abstractions/IProjectionSubscriptionHandler.cs","aa4a686677ab41b25ecdfd445b280b45d2f43fb1"
"Inlet.Runtime.Abstractions","src/Inlet.Runtime.Abstractions/ProjectionAuthorizationMetadata.cs","23","true","1-23","F3FAC6CB986C5E9F57F07A4EEA60739B55C1D30433680AB7325FCC782AC69F87","F3FAC6CB986C5E9F57F07A4EEA60739B55C1D30433680AB7325FCC782AC69F87","Project source","generators","","Checked authorization flags, nullable policy/roles/schemes and computed presence flag.","https://github.com/Gibbs-Morris/mississippi/blob/aa4a686677ab41b25ecdfd445b280b45d2f43fb1/src/Inlet.Runtime.Abstractions/ProjectionAuthorizationMetadata.cs","aa4a686677ab41b25ecdfd445b280b45d2f43fb1"
"Inlet.Runtime.Generators","src/Inlet.Runtime.Generators/AggregateSiloRegistrationGenerator.cs","883","true","1-883","05CD867B15528443AA19D4FE4B0AC58C08D1A6B6E9D90C207DE99262C089ED2B","05CD867B15528443AA19D4FE4B0AC58C08D1A6B6E9D90C207DE99262C089ED2B","Project source","generators","","Read complete handler/reducer/synchronous/fire-and-forget effect detection, event hydration registration, snapshot and infrastructure setup, namespace imports, dependency gates and pipeline; checking direct-base-only discovery and registrations of abstract types.","https://github.com/Gibbs-Morris/mississippi/blob/aa4a686677ab41b25ecdfd445b280b45d2f43fb1/src/Inlet.Runtime.Generators/AggregateSiloRegistrationGenerator.cs","aa4a686677ab41b25ecdfd445b280b45d2f43fb1"
"Inlet.Runtime.Generators","src/Inlet.Runtime.Generators/DomainSiloRegistrationGenerator.cs","395","true","1-395","A43EF160C7C31E646D17B7322E45C15BA8746C0F5D8CD44600B008ABE3800ED0","A43EF160C7C31E646D17B7322E45C15BA8746C0F5D8CD44600B008ABE3800ED0","Project source","generators","Generic-saga-domain-composition.md","Read complete domain aggregation and generic saga marker identity, required runtime dependency gates, namespace suffix handling, composition methods and source output; generic saga matching appears to omit constructed attributes.","https://github.com/Gibbs-Morris/mississippi/blob/aa4a686677ab41b25ecdfd445b280b45d2f43fb1/src/Inlet.Runtime.Generators/DomainSiloRegistrationGenerator.cs","aa4a686677ab41b25ecdfd445b280b45d2f43fb1"
"Inlet.Runtime.Generators","src/Inlet.Runtime.Generators/ProjectionSiloRegistrationGenerator.cs","416","true","1-416","70CB264F20A6768CFECDD226AD8C2724F55B6C4FA108F003639FF3096B2A7623","70CB264F20A6768CFECDD226AD8C2724F55B6C4FA108F003639FF3096B2A7623","Project source","generators","","Read complete projection/reducer scan, event namespace imports, UX/snapshot/reducer registrations, direct generic base checks, runtime dependency gate and output pipeline.","https://github.com/Gibbs-Morris/mississippi/blob/aa4a686677ab41b25ecdfd445b280b45d2f43fb1/src/Inlet.Runtime.Generators/ProjectionSiloRegistrationGenerator.cs","aa4a686677ab41b25ecdfd445b280b45d2f43fb1"
"Inlet.Runtime.Generators","src/Inlet.Runtime.Generators/SagaSiloRegistrationGenerator.cs","891","true","1-891","914928ABF21657F2963703955DF18F47BBE727A96E98A7C7434CF90EB7621398","914928ABF21657F2963703955DF18F47BBE727A96E98A7C7434CF90EB7621398","Project source","generators","Generic-saga-domain-composition.md","Read every diagnostic descriptor, generic saga/step/interface matching, ordered step validation, compensation flags, inheritance-walking reducer discovery, fully qualified registrations, dependency gates and generated source. Confirmed generic saga dedicated matching differs from domain composition.","https://github.com/Gibbs-Morris/mississippi/blob/aa4a686677ab41b25ecdfd445b280b45d2f43fb1/src/Inlet.Runtime.Generators/SagaSiloRegistrationGenerator.cs","aa4a686677ab41b25ecdfd445b280b45d2f43fb1"
"Inlet.Runtime.Generators","src/Inlet.Runtime.Generators/SagaStatusReducersGenerator.cs","192","true","1-192","291F153EEDE3C27048DF55208DC6D9B71738D4023EC8704D127BB2F25CEFD86A","291F153EEDE3C27048DF55208DC6D9B71738D4023EC8704D127BB2F25CEFD86A","Project source","generators","","Read all seven emitted saga-status event reducers and exact field transitions, current-assembly projection discovery and source naming. Checked start reset, completion/failure timestamps and step error persistence.","https://github.com/Gibbs-Morris/mississippi/blob/aa4a686677ab41b25ecdfd445b280b45d2f43fb1/src/Inlet.Runtime.Generators/SagaStatusReducersGenerator.cs","aa4a686677ab41b25ecdfd445b280b45d2f43fb1"
"Refraction.Abstractions","src/Refraction.Abstractions/Focus/IFocusManager.cs","40","true","1-40","3C665433C941BB9F029626B8B045398BBFC1D0DEE395AE8731B3FA3C8344F6CC","3C665433C941BB9F029626B8B045398BBFC1D0DEE395AE8731B3FA3C8344F6CC","Project source","live_client","","Focus scope navigation/selection interface checked.","https://github.com/Gibbs-Morris/mississippi/blob/aa4a686677ab41b25ecdfd445b280b45d2f43fb1/src/Refraction.Abstractions/Focus/IFocusManager.cs","aa4a686677ab41b25ecdfd445b280b45d2f43fb1"
"Refraction.Abstractions","src/Refraction.Abstractions/Motion/IMotionPreferences.cs","40","true","1-40","7F3F0B2C337585DE18496B24CF03540A23BAD51BD77A23966A9C264D85323459","7F3F0B2C337585DE18496B24CF03540A23BAD51BD77A23966A9C264D85323459","Project source","live_client","","Reduced motion and animation duration/entrance/exit contracts checked.","https://github.com/Gibbs-Morris/mississippi/blob/aa4a686677ab41b25ecdfd445b280b45d2f43fb1/src/Refraction.Abstractions/Motion/IMotionPreferences.cs","aa4a686677ab41b25ecdfd445b280b45d2f43fb1"
"Refraction.Abstractions","src/Refraction.Abstractions/Theme/IRefractionTheme.cs","51","true","1-51","12DBBC4F9D5A642058BC892BB9ADEB1B31EF637065668EBB41B709BAEFE176DC","12DBBC4F9D5A642058BC892BB9ADEB1B31EF637065668EBB41B709BAEFE176DC","Project source","live_client","","Theme design-token interface checked.","https://github.com/Gibbs-Morris/mississippi/blob/aa4a686677ab41b25ecdfd445b280b45d2f43fb1/src/Refraction.Abstractions/Theme/IRefractionTheme.cs","aa4a686677ab41b25ecdfd445b280b45d2f43fb1"
"Refraction.Client","src/Refraction.Client/Components/Atoms/Activation/Emitter.razor.cs","201","true","1-201","CECBD1DC0F657368A601FF347AC4D5A220C639C3DCC293EFB256A2112EDEF3C6","CECBD1DC0F657368A601FF347AC4D5A220C639C3DCC293EFB256A2112EDEF3C6","Project source","live_client","","Native controlled-attribute filtering, case-sensitive preservation, last accessible-name precedence, naming validation and disabled callbacks checked.","https://github.com/Gibbs-Morris/mississippi/blob/aa4a686677ab41b25ecdfd445b280b45d2f43fb1/src/Refraction.Client/Components/Atoms/Activation/Emitter.razor.cs","aa4a686677ab41b25ecdfd445b280b45d2f43fb1"
"Refraction.Client","src/Refraction.Client/Components/Atoms/CalloutLine.razor.cs","41","true","1-41","29CD34B8E1621C1B20DAD95C9309BB392195352616426EDDF0DFD97469C7DB0D","29CD34B8E1621C1B20DAD95C9309BB392195352616426EDDF0DFD97469C7DB0D","Project source","live_client","","Callout label/state/attribute parameters checked.","https://github.com/Gibbs-Morris/mississippi/blob/aa4a686677ab41b25ecdfd445b280b45d2f43fb1/src/Refraction.Client/Components/Atoms/CalloutLine.razor.cs","aa4a686677ab41b25ecdfd445b280b45d2f43fb1"
"Refraction.Client","src/Refraction.Client/Components/Atoms/Input/InputField.razor.cs","185","true","1-185","FB1BE3DC20E023F5677216A21C8C19E686A312B585871FD4DB17869C0A84CE07","FB1BE3DC20E023F5677216A21C8C19E686A312B585871FD4DB17869C0A84CE07","Project source","live_client","","ID lifecycle, helper/error references, Boolean ARIA normalization, input/focus/blur callbacks and null value conversion checked.","https://github.com/Gibbs-Morris/mississippi/blob/aa4a686677ab41b25ecdfd445b280b45d2f43fb1/src/Refraction.Client/Components/Atoms/Input/InputField.razor.cs","aa4a686677ab41b25ecdfd445b280b45d2f43fb1"
"Refraction.Client","src/Refraction.Client/Components/Atoms/Progress/ProgressArc.razor.cs","91","true","1-91","E21F0FB3E85E025490D13CDA485C84ED6F25DE3B8336E676B406743E89126449","E21F0FB3E85E025490D13CDA485C84ED6F25DE3B8336E676B406743E89126449","Project source","live_client","","Finite range/state validation, clamp, percentage/DashOffset, indeterminate value bypass and invariant formatting checked.","https://github.com/Gibbs-Morris/mississippi/blob/aa4a686677ab41b25ecdfd445b280b45d2f43fb1/src/Refraction.Client/Components/Atoms/Progress/ProgressArc.razor.cs","aa4a686677ab41b25ecdfd445b280b45d2f43fb1"
"Refraction.Client","src/Refraction.Client/Components/Atoms/Reticle.razor.cs","41","true","1-41","E7C28D479CAE05B42CB4679F3358EFA72685F5CFFB6B959302F3DED3289EF07B","E7C28D479CAE05B42CB4679F3358EFA72685F5CFFB6B959302F3DED3289EF07B","Project source","live_client","","Reticle mode/state/defaults and attributes checked.","https://github.com/Gibbs-Morris/mississippi/blob/aa4a686677ab41b25ecdfd445b280b45d2f43fb1/src/Refraction.Client/Components/Atoms/Reticle.razor.cs","aa4a686677ab41b25ecdfd445b280b45d2f43fb1"
"Refraction.Client","src/Refraction.Client/Components/Molecules/CommandOrbit.razor.cs","57","true","1-57","666E511325B2B1B77D6AF2C93A098E9EA0DAF9653B9854CDB8CD96FAAF58228B","666E511325B2B1B77D6AF2C93A098E9EA0DAF9653B9854CDB8CD96FAAF58228B","Project source","live_client","","Orbit slots, callbacks and state defaults checked.","https://github.com/Gibbs-Morris/mississippi/blob/aa4a686677ab41b25ecdfd445b280b45d2f43fb1/src/Refraction.Client/Components/Molecules/CommandOrbit.razor.cs","aa4a686677ab41b25ecdfd445b280b45d2f43fb1"
"Refraction.Client","src/Refraction.Client/Components/Molecules/Notifications/NotificationPulse.razor.cs","93","true","1-93","0C1A9E6C26A3EF3701B4A40D303E124552CBB9A6C1F6D3FE5A0DF3FC92F8C577","0C1A9E6C26A3EF3701B4A40D303E124552CBB9A6C1F6D3FE5A0DF3FC92F8C577","Project source","live_client","","Notification class/attribute filtering, label validation and independent callbacks checked.","https://github.com/Gibbs-Morris/mississippi/blob/aa4a686677ab41b25ecdfd445b280b45d2f43fb1/src/Refraction.Client/Components/Molecules/Notifications/NotificationPulse.razor.cs","aa4a686677ab41b25ecdfd445b280b45d2f43fb1"
"Refraction.Client","src/Refraction.Client/Components/Molecules/TelemetryStrip.razor.cs","38","true","1-38","133668ADEA7025091B9836E5DD8E49B0B85F3186F57DA45D4E6F69C77754CF79","133668ADEA7025091B9836E5DD8E49B0B85F3186F57DA45D4E6F69C77754CF79","Project source","live_client","","Telemetry slot/state/attributes checked.","https://github.com/Gibbs-Morris/mississippi/blob/aa4a686677ab41b25ecdfd445b280b45d2f43fb1/src/Refraction.Client/Components/Molecules/TelemetryStrip.razor.cs","aa4a686677ab41b25ecdfd445b280b45d2f43fb1"
"Refraction.Client","src/Refraction.Client/Components/Organisms/Confirmations/SmokeConfirm.razor.cs","123","true","1-123","54A3D168BDF28C3AF03AE41690B999F0FAF1FA984D16A1178615195D389F96D9","54A3D168BDF28C3AF03AE41690B999F0FAF1FA984D16A1178615195D389F96D9","Project source","live_client","","Stable IDs, controlled attribute forwarding, described-by tokens, labels and callback parameters checked.","https://github.com/Gibbs-Morris/mississippi/blob/aa4a686677ab41b25ecdfd445b280b45d2f43fb1/src/Refraction.Client/Components/Organisms/Confirmations/SmokeConfirm.razor.cs","aa4a686677ab41b25ecdfd445b280b45d2f43fb1"
"Refraction.Client","src/Refraction.Client/Components/Organisms/Pane.razor.cs","60","true","1-60","E351575824ABDE72650C6469BE46C3A5E7937989DDBC9447FBF63E6DC1C11A64","E351575824ABDE72650C6469BE46C3A5E7937989DDBC9447FBF63E6DC1C11A64","Project source","live_client","","Pane content/header/footer/depth/variant/state parameters checked.","https://github.com/Gibbs-Morris/mississippi/blob/aa4a686677ab41b25ecdfd445b280b45d2f43fb1/src/Refraction.Client/Components/Organisms/Pane.razor.cs","aa4a686677ab41b25ecdfd445b280b45d2f43fb1"
"Refraction.Client","src/Refraction.Client/Components/Organisms/SchematicViewer.razor.cs","51","true","1-51","258DC14591C274729B4C0FD7F067DE3EBAC095DCCBE1B4158C18A7F3837D6D10","258DC14591C274729B4C0FD7F067DE3EBAC095DCCBE1B4158C18A7F3837D6D10","Project source","live_client","","Viewer content/caption/state/attributes checked.","https://github.com/Gibbs-Morris/mississippi/blob/aa4a686677ab41b25ecdfd445b280b45d2f43fb1/src/Refraction.Client/Components/Organisms/SchematicViewer.razor.cs","aa4a686677ab41b25ecdfd445b280b45d2f43fb1"
"Refraction.Client","src/Refraction.Client/Contracts/ComponentState.cs","73","true","1-73","67D5C2FA746813F459C0BF286416DE75E03DD88D820DB504304671C9B22F8E76","67D5C2FA746813F459C0BF286416DE75E03DD88D820DB504304671C9B22F8E76","Project source","live_client","","Standard/custom state values, implicit string and default struct behavior checked.","https://github.com/Gibbs-Morris/mississippi/blob/aa4a686677ab41b25ecdfd445b280b45d2f43fb1/src/Refraction.Client/Contracts/ComponentState.cs","aa4a686677ab41b25ecdfd445b280b45d2f43fb1"
"Refraction.Client","src/Refraction.Client/Events/CommandSelectedEvent.cs","8","true","1-8","93C8422EC53C845D2953CCCA6A39DB0288218D7E90E41B97AE7563FB8FEA43FC","93C8422EC53C845D2953CCCA6A39DB0288218D7E90E41B97AE7563FB8FEA43FC","Project source","live_client","","Command selection record defaults checked.","https://github.com/Gibbs-Morris/mississippi/blob/aa4a686677ab41b25ecdfd445b280b45d2f43fb1/src/Refraction.Client/Events/CommandSelectedEvent.cs","aa4a686677ab41b25ecdfd445b280b45d2f43fb1"
"Refraction.Client","src/Refraction.Client/Events/ComponentActionEvent.cs","8","true","1-8","A427F28C4F1878D512EBE70601889FC87DF8D8143514F40AC8C29F31B1516A02","A427F28C4F1878D512EBE70601889FC87DF8D8143514F40AC8C29F31B1516A02","Project source","live_client","","Component action record payload default checked.","https://github.com/Gibbs-Morris/mississippi/blob/aa4a686677ab41b25ecdfd445b280b45d2f43fb1/src/Refraction.Client/Events/ComponentActionEvent.cs","aa4a686677ab41b25ecdfd445b280b45d2f43fb1"
"Refraction.Client","src/Refraction.Client/Events/ConfirmationResolvedEvent.cs","7","true","1-7","1F2C120B93D177497482FC5FB29D8BBFF26A5CA9DC7DC60E8E1C5DD7CB0C2A9D","1F2C120B93D177497482FC5FB29D8BBFF26A5CA9DC7DC60E8E1C5DD7CB0C2A9D","Project source","live_client","","Confirmation result record checked.","https://github.com/Gibbs-Morris/mississippi/blob/aa4a686677ab41b25ecdfd445b280b45d2f43fb1/src/Refraction.Client/Events/ConfirmationResolvedEvent.cs","aa4a686677ab41b25ecdfd445b280b45d2f43fb1"
"Refraction.Client","src/Refraction.Client/Events/NavigationRequestedEvent.cs","11","true","1-11","A9AC5D45E6130D44D3A67D9A87CA4C7197EBB3133013805FC6B6A06596C4B593","A9AC5D45E6130D44D3A67D9A87CA4C7197EBB3133013805FC6B6A06596C4B593","Project source","live_client","","Navigation target and optional parameter record checked.","https://github.com/Gibbs-Morris/mississippi/blob/aa4a686677ab41b25ecdfd445b280b45d2f43fb1/src/Refraction.Client/Events/NavigationRequestedEvent.cs","aa4a686677ab41b25ecdfd445b280b45d2f43fb1"
"Refraction.Client","src/Refraction.Client/Events/PaneClosedEvent.cs","7","true","1-7","64E4CF9A839AB9033F8BB3E9776640658901926D86AE6F1031B865AF2CAFCD07","64E4CF9A839AB9033F8BB3E9776640658901926D86AE6F1031B865AF2CAFCD07","Project source","live_client","","Pane close reason record checked.","https://github.com/Gibbs-Morris/mississippi/blob/aa4a686677ab41b25ecdfd445b280b45d2f43fb1/src/Refraction.Client/Events/PaneClosedEvent.cs","aa4a686677ab41b25ecdfd445b280b45d2f43fb1"
"Refraction.Client","src/Refraction.Client/Events/PaneFocusedEvent.cs","7","true","1-7","041F4EAF4789AECFAC9691DFC85A59C09277AFDE1215C5684947C636FD6E8D8C","041F4EAF4789AECFAC9691DFC85A59C09277AFDE1215C5684947C636FD6E8D8C","Project source","live_client","","Pane focus ID record checked.","https://github.com/Gibbs-Morris/mississippi/blob/aa4a686677ab41b25ecdfd445b280b45d2f43fb1/src/Refraction.Client/Events/PaneFocusedEvent.cs","aa4a686677ab41b25ecdfd445b280b45d2f43fb1"
"Refraction.Client","src/Refraction.Client/Infrastructure/RefractionServiceCollectionExtensions.cs","37","true","1-37","3EDC9064F6E59537D11C481725E2873F5E2368BC4CBD7B38991FF3557A8078C8","3EDC9064F6E59537D11C481725E2873F5E2368BC4CBD7B38991FF3557A8078C8","Project source","live_client","","Pure presentation no-op registration behavior checked; optional service docs do not establish implementation.","https://github.com/Gibbs-Morris/mississippi/blob/aa4a686677ab41b25ecdfd445b280b45d2f43fb1/src/Refraction.Client/Infrastructure/RefractionServiceCollectionExtensions.cs","aa4a686677ab41b25ecdfd445b280b45d2f43fb1"
"Refraction.Client","src/Refraction.Client/Infrastructure/Theming/CascadingRefractionProvider.razor.cs","47","true","1-47","627DB9D656B096B861A1757C3E13FA642FAFFEE81966730D65CB91E5FA8AA93A","627DB9D656B096B861A1757C3E13FA642FAFFEE81966730D65CB91E5FA8AA93A","Project source","live_client","","Theme enum mapping, invalid enum throw, reduced-motion cascade parameter and CSS class checked.","https://github.com/Gibbs-Morris/mississippi/blob/aa4a686677ab41b25ecdfd445b280b45d2f43fb1/src/Refraction.Client/Infrastructure/Theming/CascadingRefractionProvider.razor.cs","aa4a686677ab41b25ecdfd445b280b45d2f43fb1"
"Refraction.Client","src/Refraction.Client/Infrastructure/Theming/RefractionThemeMode.cs","15","true","1-15","2D7637F244E9286209F40B18D72966CF70871815F31A76AD2F7F7329579A64B9","2D7637F244E9286209F40B18D72966CF70871815F31A76AD2F7F7329579A64B9","Project source","live_client","","Theme enum values checked.","https://github.com/Gibbs-Morris/mississippi/blob/aa4a686677ab41b25ecdfd445b280b45d2f43fb1/src/Refraction.Client/Infrastructure/Theming/RefractionThemeMode.cs","aa4a686677ab41b25ecdfd445b280b45d2f43fb1"
"Refraction.Client","src/Refraction.Client/RefractionAriaRoles.cs","25","true","1-25","921079852905EC4FB1A46BC8227D9644ADF56D1A995B2A68D7E9AECE89C4ACF9","921079852905EC4FB1A46BC8227D9644ADF56D1A995B2A68D7E9AECE89C4ACF9","Project source","live_client","","ARIA role constants checked.","https://github.com/Gibbs-Morris/mississippi/blob/aa4a686677ab41b25ecdfd445b280b45d2f43fb1/src/Refraction.Client/RefractionAriaRoles.cs","aa4a686677ab41b25ecdfd445b280b45d2f43fb1"
"Refraction.Client","src/Refraction.Client/RefractionDepthBands.cs","16","true","1-16","42F4E91AE22703E1035B2330421759EA732658CD00CA9FEFA396116903C6951B","42F4E91AE22703E1035B2330421759EA732658CD00CA9FEFA396116903C6951B","Project source","live_client","","Depth band constants checked.","https://github.com/Gibbs-Morris/mississippi/blob/aa4a686677ab41b25ecdfd445b280b45d2f43fb1/src/Refraction.Client/RefractionDepthBands.cs","aa4a686677ab41b25ecdfd445b280b45d2f43fb1"
"Refraction.Client","src/Refraction.Client/RefractionLimits.cs","16","true","1-16","35674B3B94A12FBF2584B31B1B6180DB5131FB4D423FFB8AEF77FD2B8DF424F2","35674B3B94A12FBF2584B31B1B6180DB5131FB4D423FFB8AEF77FD2B8DF424F2","Project source","live_client","","Orbit action/visible count constants checked.","https://github.com/Gibbs-Morris/mississippi/blob/aa4a686677ab41b25ecdfd445b280b45d2f43fb1/src/Refraction.Client/RefractionLimits.cs","aa4a686677ab41b25ecdfd445b280b45d2f43fb1"
"Refraction.Client","src/Refraction.Client/RefractionPaneVariants.cs","16","true","1-16","CFBC8491FC9EB50B8CDB52E25BAA66BD041E730A0B9A8A71CE46BD5AF567DA8E","CFBC8491FC9EB50B8CDB52E25BAA66BD041E730A0B9A8A71CE46BD5AF567DA8E","Project source","live_client","","Pane variant constants checked.","https://github.com/Gibbs-Morris/mississippi/blob/aa4a686677ab41b25ecdfd445b280b45d2f43fb1/src/Refraction.Client/RefractionPaneVariants.cs","aa4a686677ab41b25ecdfd445b280b45d2f43fb1"
"Refraction.Client","src/Refraction.Client/RefractionReticleModes.cs","16","true","1-16","CA55EA2468C96AEE2AA60156E401AAAAD0AD894FC4E7F7668F38F06296E0B4DC","CA55EA2468C96AEE2AA60156E401AAAAD0AD894FC4E7F7668F38F06296E0B4DC","Project source","live_client","","Reticle mode constants checked.","https://github.com/Gibbs-Morris/mississippi/blob/aa4a686677ab41b25ecdfd445b280b45d2f43fb1/src/Refraction.Client/RefractionReticleModes.cs","aa4a686677ab41b25ecdfd445b280b45d2f43fb1"
"Refraction.Client","src/Refraction.Client/RefractionStates.cs","91","true","1-91","A5F50AE90DCD9CB0CC2E43CDBA2C48CDB8086080419191D601CA31D825EC0E03","A5F50AE90DCD9CB0CC2E43CDBA2C48CDB8086080419191D601CA31D825EC0E03","Project source","live_client","","Every component state constant and naming values checked.","https://github.com/Gibbs-Morris/mississippi/blob/aa4a686677ab41b25ecdfd445b280b45d2f43fb1/src/Refraction.Client/RefractionStates.cs","aa4a686677ab41b25ecdfd445b280b45d2f43fb1"
"Refraction.Client.StateManagement","src/Refraction.Client.StateManagement/Infrastructure/RefractionPagesServiceCollectionExtensions.cs","24","true","1-24","BA6BFB4635F030B1C7C340A3E8711CBE06C948A63D720159162F0F4434776396","BA6BFB4635F030B1C7C340A3E8711CBE06C948A63D720159162F0F4434776396","Project source","live_client","","Documented extension no-op for scene registration checked.","https://github.com/Gibbs-Morris/mississippi/blob/aa4a686677ab41b25ecdfd445b280b45d2f43fb1/src/Refraction.Client.StateManagement/Infrastructure/RefractionPagesServiceCollectionExtensions.cs","aa4a686677ab41b25ecdfd445b280b45d2f43fb1"
"Refraction.Client.StateManagement","src/Refraction.Client.StateManagement/Scenes/SceneBase.cs","141","true","1-141","2D76E35B6E79DB254A3E44BB6DF1D0BBB8AECF01599E8526E7B8984DB449FAEA","2D76E35B6E79DB254A3E44BB6DF1D0BBB8AECF01599E8526E7B8984DB449FAEA","Project source","live_client","Refraction-scene-renders-on-producer-context.md","Scene state getters, event-to-action callbacks, Store.Subscribe lifecycle and IDisposable checked; renderer dispatch lead retained for Store cross-check.","https://github.com/Gibbs-Morris/mississippi/blob/aa4a686677ab41b25ecdfd445b280b45d2f43fb1/src/Refraction.Client.StateManagement/Scenes/SceneBase.cs","aa4a686677ab41b25ecdfd445b280b45d2f43fb1"
"Reservoir.Abstractions","src/Reservoir.Abstractions/ActionEffectBase.cs","69","true","1-69","BDDBA8989AEC25DF26B6B7E0BB29FA1FC864882E62C61AD14CA015A6C02EE473","BDDBA8989AEC25DF26B6B7E0BB29FA1FC864882E62C61AD14CA015A6C02EE473","Project source","live_client","","Reviewed ActionEffectBase<TAction,TState> stateless lifetime, CanHandle type matching, typed async delegation, null checks, and empty result for other action types.","https://github.com/Gibbs-Morris/mississippi/blob/aa4a686677ab41b25ecdfd445b280b45d2f43fb1/src/Reservoir.Abstractions/ActionEffectBase.cs","aa4a686677ab41b25ecdfd445b280b45d2f43fb1"
"Reservoir.Abstractions","src/Reservoir.Abstractions/ActionReducerBase.cs","47","true","1-47","60782E9A48D8F2C2C4C7FB51452233773DF6138A71FCC73AE88861ADBDD08549","60782E9A48D8F2C2C4C7FB51452233773DF6138A71FCC73AE88861ADBDD08549","Project source","live_client","","Reviewed ActionReducerBase<TAction,TState> typed TryReduce dispatch, preservation of state for other action types, and abstract reducer contract.","https://github.com/Gibbs-Morris/mississippi/blob/aa4a686677ab41b25ecdfd445b280b45d2f43fb1/src/Reservoir.Abstractions/ActionReducerBase.cs","aa4a686677ab41b25ecdfd445b280b45d2f43fb1"
"Reservoir.Abstractions","src/Reservoir.Abstractions/Actions/IAction.cs","19","true","1-19","2D2DC71085805AEF3B0C36318BABD5BC0A7D089B4CDEE14A8434DC0B6E31A99F","2D2DC71085805AEF3B0C36318BABD5BC0A7D089B4CDEE14A8434DC0B6E31A99F","Project source","live_client","","Reviewed immutable-action marker interface and its source contract.","https://github.com/Gibbs-Morris/mississippi/blob/aa4a686677ab41b25ecdfd445b280b45d2f43fb1/src/Reservoir.Abstractions/Actions/IAction.cs","aa4a686677ab41b25ecdfd445b280b45d2f43fb1"
"Reservoir.Abstractions","src/Reservoir.Abstractions/Actions/ISystemAction.cs","20","true","1-20","94657BF631E42595B301019167876FD78D7900F47A0CFC8F3EB459D7EBCB6E0C","94657BF631E42595B301019167876FD78D7900F47A0CFC8F3EB459D7EBCB6E0C","Project source","live_client","","Reviewed internal system-action contract excluding normal reducers and effects.","https://github.com/Gibbs-Morris/mississippi/blob/aa4a686677ab41b25ecdfd445b280b45d2f43fb1/src/Reservoir.Abstractions/Actions/ISystemAction.cs","aa4a686677ab41b25ecdfd445b280b45d2f43fb1"
"Reservoir.Abstractions","src/Reservoir.Abstractions/Actions/ResetToInitialStateAction.cs","14","true","1-14","B0BA2E9156B32F70DD3DE4C2A4721D78DECED2C52B1C7E4E60085CE11D061C66","B0BA2E9156B32F70DD3DE4C2A4721D78DECED2C52B1C7E4E60085CE11D061C66","Project source","live_client","Reservoir-reset-captures-second-initial-instance.md","Reviewed reset-to-initial-state system action and default subscriber notification flag.","https://github.com/Gibbs-Morris/mississippi/blob/aa4a686677ab41b25ecdfd445b280b45d2f43fb1/src/Reservoir.Abstractions/Actions/ResetToInitialStateAction.cs","aa4a686677ab41b25ecdfd445b280b45d2f43fb1"
"Reservoir.Abstractions","src/Reservoir.Abstractions/Actions/RestoreStateAction.cs","25","true","1-25","A35CA4BBA4AD22CC8F0E2DC15FF0177FF21AA18475FA1C3C2DA47CD70658658D","A35CA4BBA4AD22CC8F0E2DC15FF0177FF21AA18475FA1C3C2DA47CD70658658D","Project source","live_client","","Reviewed restore snapshot system action, unknown/incompatible feature handling contract, and subscriber notification flag.","https://github.com/Gibbs-Morris/mississippi/blob/aa4a686677ab41b25ecdfd445b280b45d2f43fb1/src/Reservoir.Abstractions/Actions/RestoreStateAction.cs","aa4a686677ab41b25ecdfd445b280b45d2f43fb1"
"Reservoir.Abstractions","src/Reservoir.Abstractions/Events/ActionDispatchedEvent.cs","29","true","1-29","557B86803401D0CCAA88BB1F070ED71D78E537690C918889ED6F5CAAE17D27AD","557B86803401D0CCAA88BB1F070ED71D78E537690C918889ED6F5CAAE17D27AD","Project source","live_client","","Reviewed after-reduction ActionDispatchedEvent payload and event-order contract.","https://github.com/Gibbs-Morris/mississippi/blob/aa4a686677ab41b25ecdfd445b280b45d2f43fb1/src/Reservoir.Abstractions/Events/ActionDispatchedEvent.cs","aa4a686677ab41b25ecdfd445b280b45d2f43fb1"
"Reservoir.Abstractions","src/Reservoir.Abstractions/Events/ActionDispatchingEvent.cs","23","true","1-23","98E0D96865738BC05164FEA79840AB12003D51F6DA18A0F3753032078C4B40F1","98E0D96865738BC05164FEA79840AB12003D51F6DA18A0F3753032078C4B40F1","Project source","live_client","","Reviewed ActionDispatchingEvent payload, middleware ordering, and system-action event contract.","https://github.com/Gibbs-Morris/mississippi/blob/aa4a686677ab41b25ecdfd445b280b45d2f43fb1/src/Reservoir.Abstractions/Events/ActionDispatchingEvent.cs","aa4a686677ab41b25ecdfd445b280b45d2f43fb1"
"Reservoir.Abstractions","src/Reservoir.Abstractions/Events/StateRestoredEvent.cs","32","true","1-32","6FA1534E9DBC87D2450E03CBFE301F86C03FFA44320877E78FFB9711297531E8","6FA1534E9DBC87D2450E03CBFE301F86C03FFA44320877E78FFB9711297531E8","Project source","live_client","","Reviewed StateRestoredEvent previous/current snapshots and restore cause payload.","https://github.com/Gibbs-Morris/mississippi/blob/aa4a686677ab41b25ecdfd445b280b45d2f43fb1/src/Reservoir.Abstractions/Events/StateRestoredEvent.cs","aa4a686677ab41b25ecdfd445b280b45d2f43fb1"
"Reservoir.Abstractions","src/Reservoir.Abstractions/Events/StoreEventBase.cs","25","true","1-25","6CF04061759250EE39334E12082946C00C6F6B2597E471C43C912A14EC056503","6CF04061759250EE39334E12082946C00C6F6B2597E471C43C912A14EC056503","Project source","live_client","","Reviewed store event base timestamp and synchronous observer execution contract.","https://github.com/Gibbs-Morris/mississippi/blob/aa4a686677ab41b25ecdfd445b280b45d2f43fb1/src/Reservoir.Abstractions/Events/StoreEventBase.cs","aa4a686677ab41b25ecdfd445b280b45d2f43fb1"
"Reservoir.Abstractions","src/Reservoir.Abstractions/Events/StoreInitializedEvent.cs","25","true","1-25","E1FD83B3D6F9EFCD404576C0D8ED1CDFB93691A49BCFD2CAA2DC36FE03F88EA2","E1FD83B3D6F9EFCD404576C0D8ED1CDFB93691A49BCFD2CAA2DC36FE03F88EA2","Project source","live_client","","Reviewed one-time store initialization event and state snapshot payload.","https://github.com/Gibbs-Morris/mississippi/blob/aa4a686677ab41b25ecdfd445b280b45d2f43fb1/src/Reservoir.Abstractions/Events/StoreInitializedEvent.cs","aa4a686677ab41b25ecdfd445b280b45d2f43fb1"
"Reservoir.Abstractions","src/Reservoir.Abstractions/IActionEffect{TState}.cs","67","true","1-67","D7980A3D0B783451468CE5E54F3950FB86CCD97280C5A60C5CB982313580D6BF","D7980A3D0B783451468CE5E54F3950FB86CCD97280C5A60C5CB982313580D6BF","Project source","live_client","","Reviewed generic action-effect CanHandle and async result contracts, variance, effect state argument semantics, and stateless lifetime guidance.","https://github.com/Gibbs-Morris/mississippi/blob/aa4a686677ab41b25ecdfd445b280b45d2f43fb1/src/Reservoir.Abstractions/IActionEffect{TState}.cs","aa4a686677ab41b25ecdfd445b280b45d2f43fb1"
"Reservoir.Abstractions","src/Reservoir.Abstractions/IActionReducer.cs","64","true","1-64","94C1DD9FF5E856B8ACE2A81FA94E8E17414BB9C7E9C13B092845A308F99B3A64","94C1DD9FF5E856B8ACE2A81FA94E8E17414BB9C7E9C13B092845A308F99B3A64","Project source","live_client","","Reviewed generic/untyped action reducer APIs, immutable pure-function state contract, action-type association, and boxed state handling.","https://github.com/Gibbs-Morris/mississippi/blob/aa4a686677ab41b25ecdfd445b280b45d2f43fb1/src/Reservoir.Abstractions/IActionReducer.cs","aa4a686677ab41b25ecdfd445b280b45d2f43fb1"
"Reservoir.Abstractions","src/Reservoir.Abstractions/IMiddleware.cs","33","true","1-33","3D3ADB841CDA53968E25511138EECF44AC07B469F531A50D73C89DC727663737","3D3ADB841CDA53968E25511138EECF44AC07B469F531A50D73C89DC727663737","Project source","live_client","","Reviewed middleware dispatch interception, transformed action forwarding, and blocking contract.","https://github.com/Gibbs-Morris/mississippi/blob/aa4a686677ab41b25ecdfd445b280b45d2f43fb1/src/Reservoir.Abstractions/IMiddleware.cs","aa4a686677ab41b25ecdfd445b280b45d2f43fb1"
"Reservoir.Abstractions","src/Reservoir.Abstractions/IReservoirBuilder.cs","51","true","1-51","04B435C80EB4A2E5DCF8C7191652237FB3150DA5EC09C53391EC9758CF2B79E0","04B435C80EB4A2E5DCF8C7191652237FB3150DA5EC09C53391EC9758CF2B79E0","Project source","live_client","","Reviewed reservoir builder feature/middleware APIs and advanced service registration lifetime contract.","https://github.com/Gibbs-Morris/mississippi/blob/aa4a686677ab41b25ecdfd445b280b45d2f43fb1/src/Reservoir.Abstractions/IReservoirBuilder.cs","aa4a686677ab41b25ecdfd445b280b45d2f43fb1"
"Reservoir.Abstractions","src/Reservoir.Abstractions/IReservoirFeatureBuilder.cs","59","true","1-59","29E4CA681CA54CC1877A3EB88F90EDEC843F3098B49F317318DE1E7C0EBEE7FB","29E4CA681CA54CC1877A3EB88F90EDEC843F3098B49F317318DE1E7C0EBEE7FB","Project source","live_client","","Reviewed feature builder effect/reducer registration APIs and scoped service-collection lifetime contract.","https://github.com/Gibbs-Morris/mississippi/blob/aa4a686677ab41b25ecdfd445b280b45d2f43fb1/src/Reservoir.Abstractions/IReservoirFeatureBuilder.cs","aa4a686677ab41b25ecdfd445b280b45d2f43fb1"
"Reservoir.Abstractions","src/Reservoir.Abstractions/IRootActionEffect.cs","54","true","1-54","8B9BB21D9EA57385FD5FF342AD5421B4066EF5C2166BD8452074F4F377E46F34","8B9BB21D9EA57385FD5FF342AD5421B4066EF5C2166BD8452074F4F377E46F34","Project source","live_client","","Reviewed root action-effect dispatch indexing API, count properties, and async output contract.","https://github.com/Gibbs-Morris/mississippi/blob/aa4a686677ab41b25ecdfd445b280b45d2f43fb1/src/Reservoir.Abstractions/IRootActionEffect.cs","aa4a686677ab41b25ecdfd445b280b45d2f43fb1"
"Reservoir.Abstractions","src/Reservoir.Abstractions/IRootReducer.cs","25","true","1-25","A35D69AE54465737AF3C76DC597B3F212F13172E7FAF3E717171ACCF4E09660F","A35D69AE54465737AF3C76DC597B3F212F13172E7FAF3E717171ACCF4E09660F","Project source","live_client","","Reviewed root reducer typed entrypoint and unchanged-state behavior for unmatched actions.","https://github.com/Gibbs-Morris/mississippi/blob/aa4a686677ab41b25ecdfd445b280b45d2f43fb1/src/Reservoir.Abstractions/IRootReducer.cs","aa4a686677ab41b25ecdfd445b280b45d2f43fb1"
"Reservoir.Abstractions","src/Reservoir.Abstractions/IStore.cs","84","true","1-84","4023E09727C99704676954CC3A6F7B104FC3791B6363CF870D12EC2F989616CF","4023E09727C99704676954CC3A6F7B104FC3791B6363CF870D12EC2F989616CF","Project source","live_client","","Reviewed store synchronous dispatch/state access, asynchronous effects, subscription, synchronous events, and disposal contracts.","https://github.com/Gibbs-Morris/mississippi/blob/aa4a686677ab41b25ecdfd445b280b45d2f43fb1/src/Reservoir.Abstractions/IStore.cs","aa4a686677ab41b25ecdfd445b280b45d2f43fb1"
"Reservoir.Abstractions","src/Reservoir.Abstractions/SelectorExtensions.cs","111","true","1-111","4779AA8DE038C783045CCF36D3DAC340F80D3DB4E84C8D63BAA0E02E2D19E3C3","4779AA8DE038C783045CCF36D3DAC340F80D3DB4E84C8D63BAA0E02E2D19E3C3","Project source","live_client","","Reviewed one-, two-, and three-feature Select extensions, store/state argument null checks, selector invocation, and memoization guidance.","https://github.com/Gibbs-Morris/mississippi/blob/aa4a686677ab41b25ecdfd445b280b45d2f43fb1/src/Reservoir.Abstractions/SelectorExtensions.cs","aa4a686677ab41b25ecdfd445b280b45d2f43fb1"
"Reservoir.Abstractions","src/Reservoir.Abstractions/SimpleActionEffectBase.cs","79","true","1-79","4B129FF071E10FF7700957039ED41802DCC561B652420CEBCAE8A4090EAFF1EE","4B129FF071E10FF7700957039ED41802DCC561B652420CEBCAE8A4090EAFF1EE","Project source","live_client","","Reviewed SimpleActionEffectBase typed CanHandle, async iterator delegation, cancellation forwarding, and no-result behavior.","https://github.com/Gibbs-Morris/mississippi/blob/aa4a686677ab41b25ecdfd445b280b45d2f43fb1/src/Reservoir.Abstractions/SimpleActionEffectBase.cs","aa4a686677ab41b25ecdfd445b280b45d2f43fb1"
"Reservoir.Abstractions","src/Reservoir.Abstractions/State/IFeatureState.cs","22","true","1-22","64CE169009D6BE8B4ECDEF224E1EC2E119F87567D7CDB9AEC14D89BC154868A2","64CE169009D6BE8B4ECDEF224E1EC2E119F87567D7CDB9AEC14D89BC154868A2","Project source","live_client","","Reviewed feature-state unique key and immutable value contract.","https://github.com/Gibbs-Morris/mississippi/blob/aa4a686677ab41b25ecdfd445b280b45d2f43fb1/src/Reservoir.Abstractions/State/IFeatureState.cs","aa4a686677ab41b25ecdfd445b280b45d2f43fb1"
"Reservoir.Abstractions","src/Reservoir.Abstractions/State/IFeatureStateRegistration.cs","45","true","1-45","CCEE15D2F23A500078F1AECF1DE13C402E3CE41C9608B80FF07E6F6997961329","CCEE15D2F23A500078F1AECF1DE13C402E3CE41C9608B80FF07E6F6997961329","Project source","live_client","Reservoir-reset-captures-second-initial-instance.md","Reviewed boxed feature-registration initial state, optional root reducer, and optional root action-effect contract.","https://github.com/Gibbs-Morris/mississippi/blob/aa4a686677ab41b25ecdfd445b280b45d2f43fb1/src/Reservoir.Abstractions/State/IFeatureStateRegistration.cs","aa4a686677ab41b25ecdfd445b280b45d2f43fb1"
"Reservoir.Client","src/Reservoir.Client/BuiltIn/Components/ReservoirNavigationProvider.razor.cs","55","true","1-55","510DEC5B881F71E82017D9420A28F5214CEE43BFF0AFE548FA893A332543817F","510DEC5B881F71E82017D9420A28F5214CEE43BFF0AFE548FA893A332543817F","Project source","live_client","","Reviewed navigation component initialization, initial URI action, location-change dispatch, and disposal of NavigationManager event subscription.","https://github.com/Gibbs-Morris/mississippi/blob/aa4a686677ab41b25ecdfd445b280b45d2f43fb1/src/Reservoir.Client/BuiltIn/Components/ReservoirNavigationProvider.razor.cs","aa4a686677ab41b25ecdfd445b280b45d2f43fb1"
"Reservoir.Client","src/Reservoir.Client/BuiltIn/Lifecycle/Actions/AppInitAction.cs","27","true","1-27","0385500B8107BBDE53DF19963393D0629F5E480FE74B36B7E9BFB842238D5DD6","0385500B8107BBDE53DF19963393D0629F5E480FE74B36B7E9BFB842238D5DD6","Project source","live_client","","Reviewed app initialization action timestamp and lifecycle/effect contract.","https://github.com/Gibbs-Morris/mississippi/blob/aa4a686677ab41b25ecdfd445b280b45d2f43fb1/src/Reservoir.Client/BuiltIn/Lifecycle/Actions/AppInitAction.cs","aa4a686677ab41b25ecdfd445b280b45d2f43fb1"
"Reservoir.Client","src/Reservoir.Client/BuiltIn/Lifecycle/Actions/AppReadyAction.cs","30","true","1-30","7CE98640948AE3E03BA9516696133B5C4FD42270AD3846CE768DB2EFB693EE7B","7CE98640948AE3E03BA9516696133B5C4FD42270AD3846CE768DB2EFB693EE7B","Project source","live_client","","Reviewed app ready action timestamp and ready-phase contract.","https://github.com/Gibbs-Morris/mississippi/blob/aa4a686677ab41b25ecdfd445b280b45d2f43fb1/src/Reservoir.Client/BuiltIn/Lifecycle/Actions/AppReadyAction.cs","aa4a686677ab41b25ecdfd445b280b45d2f43fb1"
"Reservoir.Client","src/Reservoir.Client/BuiltIn/Lifecycle/LifecycleFeatureRegistration.cs","41","true","1-41","B07EA577F089B8379C7848FD59DD9ECB1884BD57F9E25E1AA300B35CF0492F4C","B07EA577F089B8379C7848FD59DD9ECB1884BD57F9E25E1AA300B35CF0492F4C","Project source","live_client","","Reviewed lifecycle feature registration and mapping of AppInit/AppReady reducers.","https://github.com/Gibbs-Morris/mississippi/blob/aa4a686677ab41b25ecdfd445b280b45d2f43fb1/src/Reservoir.Client/BuiltIn/Lifecycle/LifecycleFeatureRegistration.cs","aa4a686677ab41b25ecdfd445b280b45d2f43fb1"
"Reservoir.Client","src/Reservoir.Client/BuiltIn/Lifecycle/Reducers/LifecycleReducers.cs","68","true","1-68","BF295292A57DC9A06E41B4B68FD65AE81DA772C8897D9B7A174E1B882E8B39DD","BF295292A57DC9A06E41B4B68FD65AE81DA772C8897D9B7A174E1B882E8B39DD","Project source","live_client","","Reviewed lifecycle reducers' null checks, immutable phase transitions, and timestamp propagation.","https://github.com/Gibbs-Morris/mississippi/blob/aa4a686677ab41b25ecdfd445b280b45d2f43fb1/src/Reservoir.Client/BuiltIn/Lifecycle/Reducers/LifecycleReducers.cs","aa4a686677ab41b25ecdfd445b280b45d2f43fb1"
"Reservoir.Client","src/Reservoir.Client/BuiltIn/Lifecycle/State/LifecyclePhase.cs","28","true","1-28","D219F6E2976060E04CBC0BC98FCFCC3CD2361B5EB82DD9D29EA3901A58FD97A1","D219F6E2976060E04CBC0BC98FCFCC3CD2361B5EB82DD9D29EA3901A58FD97A1","Project source","live_client","","Reviewed lifecycle enum phases and action links.","https://github.com/Gibbs-Morris/mississippi/blob/aa4a686677ab41b25ecdfd445b280b45d2f43fb1/src/Reservoir.Client/BuiltIn/Lifecycle/State/LifecyclePhase.cs","aa4a686677ab41b25ecdfd445b280b45d2f43fb1"
"Reservoir.Client","src/Reservoir.Client/BuiltIn/Lifecycle/State/LifecycleState.cs","57","true","1-57","252BAA9E01DBED6C3193CAB9332F8C4E10EBEBB9EE7376F5136934A02796016F","252BAA9E01DBED6C3193CAB9332F8C4E10EBEBB9EE7376F5136934A02796016F","Project source","live_client","","Reviewed unique lifecycle feature key, initial phase, and initialization/ready timestamps.","https://github.com/Gibbs-Morris/mississippi/blob/aa4a686677ab41b25ecdfd445b280b45d2f43fb1/src/Reservoir.Client/BuiltIn/Lifecycle/State/LifecycleState.cs","aa4a686677ab41b25ecdfd445b280b45d2f43fb1"
"Reservoir.Client","src/Reservoir.Client/BuiltIn/Navigation/Actions/LocationChangedAction.cs","26","true","1-26","4EA9C47D3753BBAEA6762F5E8632CFDE618388F959F1E746ABE9CCB04529B961","4EA9C47D3753BBAEA6762F5E8632CFDE618388F959F1E746ABE9CCB04529B961","Project source","live_client","","Reviewed location-change action URI and interception payload contract.","https://github.com/Gibbs-Morris/mississippi/blob/aa4a686677ab41b25ecdfd445b280b45d2f43fb1/src/Reservoir.Client/BuiltIn/Navigation/Actions/LocationChangedAction.cs","aa4a686677ab41b25ecdfd445b280b45d2f43fb1"
"Reservoir.Client","src/Reservoir.Client/BuiltIn/Navigation/Actions/NavigateAction.cs","37","true","1-37","8AAA7CA8004A0D39A715CF1DB03F9C941FA42AA14FE74912515A4EA32F38BC87","8AAA7CA8004A0D39A715CF1DB03F9C941FA42AA14FE74912515A4EA32F38BC87","Project source","live_client","","Reviewed navigate action internal-origin URI and ForceLoad contract.","https://github.com/Gibbs-Morris/mississippi/blob/aa4a686677ab41b25ecdfd445b280b45d2f43fb1/src/Reservoir.Client/BuiltIn/Navigation/Actions/NavigateAction.cs","aa4a686677ab41b25ecdfd445b280b45d2f43fb1"
"Reservoir.Client","src/Reservoir.Client/BuiltIn/Navigation/Actions/ReplaceRouteAction.cs","42","true","1-42","65867D724ECBB9284FB462439B71B40EEF696EE7D38BE6CF5444090A6D1B041F","65867D724ECBB9284FB462439B71B40EEF696EE7D38BE6CF5444090A6D1B041F","Project source","live_client","","Reviewed history replacement action URI/ForceLoad payload and browser history contract.","https://github.com/Gibbs-Morris/mississippi/blob/aa4a686677ab41b25ecdfd445b280b45d2f43fb1/src/Reservoir.Client/BuiltIn/Navigation/Actions/ReplaceRouteAction.cs","aa4a686677ab41b25ecdfd445b280b45d2f43fb1"
"Reservoir.Client","src/Reservoir.Client/BuiltIn/Navigation/Actions/ScrollToAnchorAction.cs","26","true","1-26","CCEB6F0E60927E57DE01A408A0C54127C6A4D05A6CFFEA54A05020BF5F94839A","CCEB6F0E60927E57DE01A408A0C54127C6A4D05A6CFFEA54A05020BF5F94839A","Project source","live_client","","Reviewed scroll-to-anchor action fragment ID and replacement-history semantics.","https://github.com/Gibbs-Morris/mississippi/blob/aa4a686677ab41b25ecdfd445b280b45d2f43fb1/src/Reservoir.Client/BuiltIn/Navigation/Actions/ScrollToAnchorAction.cs","aa4a686677ab41b25ecdfd445b280b45d2f43fb1"
"Reservoir.Client","src/Reservoir.Client/BuiltIn/Navigation/Actions/SetQueryParamsAction.cs","32","true","1-32","0A6CDCA3983A960C878666C26FD1437944DB5347149E3BB821787D4A24496B3C","0A6CDCA3983A960C878666C26FD1437944DB5347149E3BB821787D4A24496B3C","Project source","live_client","","Reviewed query parameter mutation action dictionary, null-removal contract, and default history replacement.","https://github.com/Gibbs-Morris/mississippi/blob/aa4a686677ab41b25ecdfd445b280b45d2f43fb1/src/Reservoir.Client/BuiltIn/Navigation/Actions/SetQueryParamsAction.cs","aa4a686677ab41b25ecdfd445b280b45d2f43fb1"
"Reservoir.Client","src/Reservoir.Client/BuiltIn/Navigation/Effects/NavigationEffect.cs","175","true","1-175","5F2E7EC65F28C61D664D1B3BCB63F2DD6759EF4B1A0FA9259A307C3AA5E7E619","5F2E7EC65F28C61D664D1B3BCB63F2DD6759EF4B1A0FA9259A307C3AA5E7E619","Project source","live_client","","Reviewed navigation effect routing, internal-origin validation, NavigateTo options, query dictionary conversion, and anchor fragment construction.","https://github.com/Gibbs-Morris/mississippi/blob/aa4a686677ab41b25ecdfd445b280b45d2f43fb1/src/Reservoir.Client/BuiltIn/Navigation/Effects/NavigationEffect.cs","aa4a686677ab41b25ecdfd445b280b45d2f43fb1"
"Reservoir.Client","src/Reservoir.Client/BuiltIn/Navigation/NavigationFeatureRegistration.cs","47","true","1-47","D21B5515D5A440575AB20F4E900B19647244E9C7EA5BD417AF48652FC1762574","D21B5515D5A440575AB20F4E900B19647244E9C7EA5BD417AF48652FC1762574","Project source","live_client","","Reviewed navigation feature reducer/effect registration and required provider component contract.","https://github.com/Gibbs-Morris/mississippi/blob/aa4a686677ab41b25ecdfd445b280b45d2f43fb1/src/Reservoir.Client/BuiltIn/Navigation/NavigationFeatureRegistration.cs","aa4a686677ab41b25ecdfd445b280b45d2f43fb1"
"Reservoir.Client","src/Reservoir.Client/BuiltIn/Navigation/Reducers/NavigationReducers.cs","46","true","1-46","6979A807D2F2BD71C4443336449CB2702B78B27A4C2D96A07349DE6BE550D9FF","6979A807D2F2BD71C4443336449CB2702B78B27A4C2D96A07349DE6BE550D9FF","Project source","live_client","","Reviewed location-change immutable reducer, previous/current URI tracking, interception flag, and navigation count.","https://github.com/Gibbs-Morris/mississippi/blob/aa4a686677ab41b25ecdfd445b280b45d2f43fb1/src/Reservoir.Client/BuiltIn/Navigation/Reducers/NavigationReducers.cs","aa4a686677ab41b25ecdfd445b280b45d2f43fb1"
"Reservoir.Client","src/Reservoir.Client/BuiltIn/Navigation/State/NavigationState.cs","67","true","1-67","3F22B46DC440017D10434B1B5FC936BC7CB2ED40FED8D92CCDDB37DCE811D4D8","3F22B46DC440017D10434B1B5FC936BC7CB2ED40FED8D92CCDDB37DCE811D4D8","Project source","live_client","","Reviewed navigation feature key and initial/current/previous URI state contract.","https://github.com/Gibbs-Morris/mississippi/blob/aa4a686677ab41b25ecdfd445b280b45d2f43fb1/src/Reservoir.Client/BuiltIn/Navigation/State/NavigationState.cs","aa4a686677ab41b25ecdfd445b280b45d2f43fb1"
"Reservoir.Client","src/Reservoir.Client/BuiltIn/ReservoirBlazorBuiltInRegistrations.cs","39","true","1-39","B605A81156EFC6C5C2F40FA0DA7B26C41BA8608A40053ED7B12ED771CAD43B3B","B605A81156EFC6C5C2F40FA0DA7B26C41BA8608A40053ED7B12ED771CAD43B3B","Project source","live_client","","Reviewed composition of built-in navigation and lifecycle features.","https://github.com/Gibbs-Morris/mississippi/blob/aa4a686677ab41b25ecdfd445b280b45d2f43fb1/src/Reservoir.Client/BuiltIn/ReservoirBlazorBuiltInRegistrations.cs","aa4a686677ab41b25ecdfd445b280b45d2f43fb1"
"Reservoir.Client","src/Reservoir.Client/Components/Organisms/ReservoirDevToolsInitializer/ReservoirDevToolsInitializerComponent.razor.cs","37","true","1-37","4F3AECD78FCD1E3976A43075B002BFB96664D00877C51D9F9DB589ED890BF16F","4F3AECD78FCD1E3976A43075B002BFB96664D00877C51D9F9DB589ED890BF16F","Project source","live_client","","Reviewed DevTools initializer first-render initialization and disposal Stop call.","https://github.com/Gibbs-Morris/mississippi/blob/aa4a686677ab41b25ecdfd445b280b45d2f43fb1/src/Reservoir.Client/Components/Organisms/ReservoirDevToolsInitializer/ReservoirDevToolsInitializerComponent.razor.cs","aa4a686677ab41b25ecdfd445b280b45d2f43fb1"
"Reservoir.Client","src/Reservoir.Client/DevToolsInitializationCheckerService.cs","154","true","1-154","93E754A4A745C605FC84BF4B0BF0745B6F295DBD7B750CB81AE816FECBC90DC8","93E754A4A745C605FC84BF4B0BF0745B6F295DBD7B750CB81AE816FECBC90DC8","Project source","live_client","","Reviewed hosted DevTools initialization checker delay/cancellation, enablement/environment selection, missing-initializer logging/throw policy, and tracking check.","https://github.com/Gibbs-Morris/mississippi/blob/aa4a686677ab41b25ecdfd445b280b45d2f43fb1/src/Reservoir.Client/DevToolsInitializationCheckerService.cs","aa4a686677ab41b25ecdfd445b280b45d2f43fb1"
"Reservoir.Client","src/Reservoir.Client/DevToolsInitializationTracker.cs","22","true","1-22","AE90DF3CA8966DD4D0997A49A825A0C6C12AD1C7C226EA569E3758B651A8B162","AE90DF3CA8966DD4D0997A49A825A0C6C12AD1C7C226EA569E3758B651A8B162","Project source","live_client","","Reviewed singleton/scoped initialization tracker communication and volatile flag.","https://github.com/Gibbs-Morris/mississippi/blob/aa4a686677ab41b25ecdfd445b280b45d2f43fb1/src/Reservoir.Client/DevToolsInitializationTracker.cs","aa4a686677ab41b25ecdfd445b280b45d2f43fb1"
"Reservoir.Client","src/Reservoir.Client/DevToolsLoggerExtensions.cs","53","true","1-53","E34A8FBC385DFA6602FBC6C781EBE18007A6C9A741900D210534B1628FB686F7","E34A8FBC385DFA6602FBC6C781EBE18007A6C9A741900D210534B1628FB686F7","Project source","live_client","","Reviewed DevTools source-generated logging declarations and diagnostic payloads.","https://github.com/Gibbs-Morris/mississippi/blob/aa4a686677ab41b25ecdfd445b280b45d2f43fb1/src/Reservoir.Client/DevToolsLoggerExtensions.cs","aa4a686677ab41b25ecdfd445b280b45d2f43fb1"
"Reservoir.Client","src/Reservoir.Client/ReduxDevToolsService.cs","666","true","1-666","CCB1A9770F0AC4493A3A11AF94EF911AD9A1FD93ECFA24B0465A06A90124EBFE","CCB1A9770F0AC4493A3A11AF94EF911AD9A1FD93ECFA24B0465A06A90124EBFE","Project source","live_client","","Reviewed ReduxDevToolsService initialization/stop/disposal, store event observation, connection locking, runtime-type serialization and sanitizers, message validation, reset/commit/rollback/import/jump handling, suppression, and strict/best-effort feature rehydration.","https://github.com/Gibbs-Morris/mississippi/blob/aa4a686677ab41b25ecdfd445b280b45d2f43fb1/src/Reservoir.Client/ReduxDevToolsService.cs","aa4a686677ab41b25ecdfd445b280b45d2f43fb1"
"Reservoir.Client","src/Reservoir.Client/ReservoirDevToolsInterop.cs","111","true","1-111","C16BFEAF3A8E873363AE66BAA1EA5AFD20F23A06C94FA1BC245233596A1F53E0","C16BFEAF3A8E873363AE66BAA1EA5AFD20F23A06C94FA1BC245233596A1F53E0","Project source","live_client","","Reviewed DevTools JS module import path and cached module, connection/init/send/disconnect APIs, argument checks, and asynchronous module disposal.","https://github.com/Gibbs-Morris/mississippi/blob/aa4a686677ab41b25ecdfd445b280b45d2f43fb1/src/Reservoir.Client/ReservoirDevToolsInterop.cs","aa4a686677ab41b25ecdfd445b280b45d2f43fb1"
"Reservoir.Client","src/Reservoir.Client/ReservoirDevToolsOptions.cs","128","true","1-128","F926916EFEBFE3F7828832A798637E67077FFDD06ACED8786D3900BDC38534E3","F926916EFEBFE3F7828832A798637E67077FFDD06ACED8786D3900BDC38534E3","Project source","live_client","","Reviewed DevTools enablement, serializer and sanitizer configuration, strict rehydration option, pass-through payload options, and startup initializer throw policy.","https://github.com/Gibbs-Morris/mississippi/blob/aa4a686677ab41b25ecdfd445b280b45d2f43fb1/src/Reservoir.Client/ReservoirDevToolsOptions.cs","aa4a686677ab41b25ecdfd445b280b45d2f43fb1"
"Reservoir.Client","src/Reservoir.Client/ReservoirDevToolsRegistrations.cs","47","true","1-47","5FA640FBBCC81B50A8EF2C349C519A6B6F5A4FD83CD50C962F57633DACD515F9","5FA640FBBCC81B50A8EF2C349C519A6B6F5A4FD83CD50C962F57633DACD515F9","Project source","live_client","","Reviewed DevTools options registration, singleton tracker/hosted checker registration, scoped interop/service lifetimes, and builder chaining.","https://github.com/Gibbs-Morris/mississippi/blob/aa4a686677ab41b25ecdfd445b280b45d2f43fb1/src/Reservoir.Client/ReservoirDevToolsRegistrations.cs","aa4a686677ab41b25ecdfd445b280b45d2f43fb1"
"Reservoir.Client","src/Reservoir.Client/ReservoirWebAssemblyHostBuilderRegistrations.cs","31","true","1-31","5685CE18D62AE90B399FAD0CBF803B31FCD2EF3D01340558884272939C47A3A8","5685CE18D62AE90B399FAD0CBF803B31FCD2EF3D01340558884272939C47A3A8","Project source","live_client","","Reviewed WebAssemblyHostBuilder Reservoir registration forwarding and null validation.","https://github.com/Gibbs-Morris/mississippi/blob/aa4a686677ab41b25ecdfd445b280b45d2f43fb1/src/Reservoir.Client/ReservoirWebAssemblyHostBuilderRegistrations.cs","aa4a686677ab41b25ecdfd445b280b45d2f43fb1"
"Reservoir.Client","src/Reservoir.Client/StoreComponent.cs","157","true","1-157","FC5B304066093E985B5502EB3D7D6504B4312BA2067419D5EFDD259E254B180C","FC5B304066093E985B5502EB3D7D6504B4312BA2067419D5EFDD259E254B180C","Project source","live_client","Refraction-scene-renders-on-producer-context.md","Reviewed StoreComponent feature state/select helpers, dispatch helper, store subscription initialization and disposal, and renderer dispatch through InvokeAsync.","https://github.com/Gibbs-Morris/mississippi/blob/aa4a686677ab41b25ecdfd445b280b45d2f43fb1/src/Reservoir.Client/StoreComponent.cs","aa4a686677ab41b25ecdfd445b280b45d2f43fb1"
"Reservoir.Core","src/Reservoir.Core/DelegateActionReducer.cs","56","true","1-56","41BD2336D7C1FBEC36923844332B00D0E367020634BA9B9C432FF3CB2DC93987","41BD2336D7C1FBEC36923844332B00D0E367020634BA9B9C432FF3CB2DC93987","Project source","live_client","","Reviewed delegate reducer typed invocation, TryReduce type matching, argument validation, and unchanged-state fallback.","https://github.com/Gibbs-Morris/mississippi/blob/aa4a686677ab41b25ecdfd445b280b45d2f43fb1/src/Reservoir.Core/DelegateActionReducer.cs","aa4a686677ab41b25ecdfd445b280b45d2f43fb1"
"Reservoir.Core","src/Reservoir.Core/ReservoirBuilder.cs","152","true","1-152","825B3C278E7CB168CDE7434BEAAB30079FDE843C4EB45C6BB70AE6F6EF2BD75F","825B3C278E7CB168CDE7434BEAAB30079FDE843C4EB45C6BB70AE6F6EF2BD75F","Project source","live_client","","Reviewed transactional feature configuration, staged service descriptors, parent mutation detection, callback reentrancy restrictions, exception rollback, and staged builder closure.","https://github.com/Gibbs-Morris/mississippi/blob/aa4a686677ab41b25ecdfd445b280b45d2f43fb1/src/Reservoir.Core/ReservoirBuilder.cs","aa4a686677ab41b25ecdfd445b280b45d2f43fb1"
"Reservoir.Core","src/Reservoir.Core/ReservoirBuilderRegistrations.cs","148","true","1-148","23A2A6365852ADAE5B8EBB8281FB16AC6A7D830589760F600E63D9019BD3FE2E","23A2A6365852ADAE5B8EBB8281FB16AC6A7D830589760F600E63D9019BD3FE2E","Project source","live_client","Reservoir-repeated-delegate-registration-reuses-last.md","Reviewed feature/reducer/effect/middleware registration lifetimes and service identity, root registration deduplication, and repeated delegate registrations resolving their concrete service type.","https://github.com/Gibbs-Morris/mississippi/blob/aa4a686677ab41b25ecdfd445b280b45d2f43fb1/src/Reservoir.Core/ReservoirBuilderRegistrations.cs","aa4a686677ab41b25ecdfd445b280b45d2f43fb1"
"Reservoir.Core","src/Reservoir.Core/ReservoirFeatureBuilder.cs","78","true","1-78","97E1C65DE7FD86DFF212884683BF6FD77982E3121EA1F9F29751BBB0EF3FFDB3","97E1C65DE7FD86DFF212884683BF6FD77982E3121EA1F9F29751BBB0EF3FFDB3","Project source","live_client","","Reviewed feature builder scoped services, typed reducer/effect registration forwarding, and constraints.","https://github.com/Gibbs-Morris/mississippi/blob/aa4a686677ab41b25ecdfd445b280b45d2f43fb1/src/Reservoir.Core/ReservoirFeatureBuilder.cs","aa4a686677ab41b25ecdfd445b280b45d2f43fb1"
"Reservoir.Core","src/Reservoir.Core/ReservoirRegistrations.cs","38","true","1-38","7A0AD86856DC0DE67901919383665716E5BA34902EAA8503DB88BD7DB5C5511D","7A0AD86856DC0DE67901919383665716E5BA34902EAA8503DB88BD7DB5C5511D","Project source","live_client","","Reviewed Store scoped registration, singleton TimeProvider default, feature/middleware resolution, and builder return.","https://github.com/Gibbs-Morris/mississippi/blob/aa4a686677ab41b25ecdfd445b280b45d2f43fb1/src/Reservoir.Core/ReservoirRegistrations.cs","aa4a686677ab41b25ecdfd445b280b45d2f43fb1"
"Reservoir.Core","src/Reservoir.Core/RootActionEffect.cs","316","true","1-316","111521FC993D7B9163D1D634EE2F6092C034C596A8438B563A8F4ED0E4B54632","111521FC993D7B9163D1D634EE2F6092C034C596A8438B563A8F4ED0E4B54632","Project source","live_client","Inlet-malformed-command-reply-keeps-in-flight.md","Reviewed exact action-type effect indexing, fallback order, typed base reflection, sequential effect enumeration, cancellation, per-effect exception handling, and async enumerator disposal.","https://github.com/Gibbs-Morris/mississippi/blob/aa4a686677ab41b25ecdfd445b280b45d2f43fb1/src/Reservoir.Core/RootActionEffect.cs","aa4a686677ab41b25ecdfd445b280b45d2f43fb1"
"Reservoir.Core","src/Reservoir.Core/RootReducer.cs","145","true","1-145","C9186B0BEAA59659010B7DDEA6A4AE7C85AA3D8FCC04454338BB6808A7ECA146","C9186B0BEAA59659010B7DDEA6A4AE7C85AA3D8FCC04454338BB6808A7ECA146","Project source","live_client","Reservoir-repeated-delegate-registration-reuses-last.md","Reviewed reducer type reflection/index construction, exact type dispatch contract, indexed/fallback ordering, and accumulation of all matching reducers.","https://github.com/Gibbs-Morris/mississippi/blob/aa4a686677ab41b25ecdfd445b280b45d2f43fb1/src/Reservoir.Core/RootReducer.cs","aa4a686677ab41b25ecdfd445b280b45d2f43fb1"
"Reservoir.Core","src/Reservoir.Core/Selectors/Memoize.cs","241","true","1-241","01951D05A2589944C2735C1E2346A4D76BAD6470A28562EA8611B94249B909EA","01951D05A2589944C2735C1E2346A4D76BAD6470A28562EA8611B94249B909EA","Project source","live_client","","Reviewed one-, two-, and three-input memoized selector closures, reference equality, atomic immutable input/result cache entries, pure-selector assumptions, and thread-safe volatile publication.","https://github.com/Gibbs-Morris/mississippi/blob/aa4a686677ab41b25ecdfd445b280b45d2f43fb1/src/Reservoir.Core/Selectors/Memoize.cs","aa4a686677ab41b25ecdfd445b280b45d2f43fb1"
"Reservoir.Core","src/Reservoir.Core/State/FeatureStateRegistration.cs","40","true","1-40","5C60CD4610408FEBE3F92594C954D401B45DDF620B70F123BA59FC26808A0D12","5C60CD4610408FEBE3F92594C954D401B45DDF620B70F123BA59FC26808A0D12","Project source","live_client","Reservoir-reset-captures-second-initial-instance.md","Reviewed typed feature registration key, new initial-state allocation, and optional root reducer/effect storage.","https://github.com/Gibbs-Morris/mississippi/blob/aa4a686677ab41b25ecdfd445b280b45d2f43fb1/src/Reservoir.Core/State/FeatureStateRegistration.cs","aa4a686677ab41b25ecdfd445b280b45d2f43fb1"
"Reservoir.Core","src/Reservoir.Core/Store.cs","484","true","1-484","843EC0718D4B33468AD7C5F23A11BE60B532861B7D14C68BA363D5CD9C18D701","843EC0718D4B33468AD7C5F23A11BE60B532861B7D14C68BA363D5CD9C18D701","Project source","live_client","Inlet-concurrent-subscribe-loses-id.md; Inlet-connection-start-returns-before-ready.md; Inlet-fetch-timeout-keeps-loading.md; Inlet-malformed-command-reply-keeps-in-flight.md; Inlet-unsubscribe-pending-subscribe-completes-late.md; Refraction-scene-renders-on-producer-context.md; Reservoir-reset-captures-second-initial-instance.md","Reviewed Store construction, feature and middleware registration, dispatch/system-action pipeline, reflection-based reduction and effects, concurrent state access, snapshots, subscriber notification, effect exception/cancellation handling, and disposal.","https://github.com/Gibbs-Morris/mississippi/blob/aa4a686677ab41b25ecdfd445b280b45d2f43fb1/src/Reservoir.Core/Store.cs","aa4a686677ab41b25ecdfd445b280b45d2f43fb1"
"Reservoir.Core","src/Reservoir.Core/StoreEventSubject.cs","142","true","1-142","B5F3835661E6279BA3B1643A8F0BB901F5482C5B2F8ED4471F94CD3FBB4E2519","B5F3835661E6279BA3B1643A8F0BB901F5482C5B2F8ED4471F94CD3FBB4E2519","Project source","live_client","","Reviewed store event subject subscription management, event delivery snapshots, completion/disposal, empty subscription after disposal, and unsubscribe idempotence.","https://github.com/Gibbs-Morris/mississippi/blob/aa4a686677ab41b25ecdfd445b280b45d2f43fb1/src/Reservoir.Core/StoreEventSubject.cs","aa4a686677ab41b25ecdfd445b280b45d2f43fb1"
"Reservoir.TestHarness","src/Reservoir.TestHarness/StoreScenario.cs","250","true","1-250","C44978B57ED28F86EC6721DF6313A10B54B8A20FD1F912F2BBCDAEEA60768A7F","C44978B57ED28F86EC6721DF6313A10B54B8A20FD1F912F2BBCDAEEA60768A7F","Project source","live_client","","Reviewed scenario construction and DI ownership, Given/When async and synchronous flows, ordered reducer execution, effect result collection, assertion methods, and disposal.","https://github.com/Gibbs-Morris/mississippi/blob/aa4a686677ab41b25ecdfd445b280b45d2f43fb1/src/Reservoir.TestHarness/StoreScenario.cs","aa4a686677ab41b25ecdfd445b280b45d2f43fb1"
"Reservoir.TestHarness","src/Reservoir.TestHarness/StoreTestHarness.cs","138","true","1-138","8A9D7DF989B428AB036219FB6DAB15BDA87E25257ADA4EE7630C6CE6C3DD7A3E","8A9D7DF989B428AB036219FB6DAB15BDA87E25257ADA4EE7630C6CE6C3DD7A3E","Project source","live_client","","Reviewed harness initial state, reducer delegates/type matching, effect instance/factory registration, dependency service registration, and scenario creation.","https://github.com/Gibbs-Morris/mississippi/blob/aa4a686677ab41b25ecdfd445b280b45d2f43fb1/src/Reservoir.TestHarness/StoreTestHarness.cs","aa4a686677ab41b25ecdfd445b280b45d2f43fb1"
"Reservoir.TestHarness","src/Reservoir.TestHarness/StoreTestHarnessFactory.cs","19","true","1-19","A3E0CC067244673BE4AE52C9CB813709178E691575DCD6681B628B5186B4F908","A3E0CC067244673BE4AE52C9CB813709178E691575DCD6681B628B5186B4F908","Project source","live_client","","Reviewed generic test harness factory constraints and creation.","https://github.com/Gibbs-Morris/mississippi/blob/aa4a686677ab41b25ecdfd445b280b45d2f43fb1/src/Reservoir.TestHarness/StoreTestHarnessFactory.cs","aa4a686677ab41b25ecdfd445b280b45d2f43fb1"
"Tributary.Abstractions","src/Tributary.Abstractions/Attributes/SnapshotRetentionAttribute.cs","34","true","1-34","712D11899202F2DC9FDB532D49DC7409519C9F8A168786A0369EE6E1CA0A35A9","712D11899202F2DC9FDB532D49DC7409519C9F8A168786A0369EE6E1CA0A35A9","Project source","root","","Checked positive retention attributes, complete options diagnostics and startup cancellation/policy logging; no supported failure found.","https://github.com/Gibbs-Morris/mississippi/blob/aa4a686677ab41b25ecdfd445b280b45d2f43fb1/src/Tributary.Abstractions/Attributes/SnapshotRetentionAttribute.cs","aa4a686677ab41b25ecdfd445b280b45d2f43fb1"
"Tributary.Abstractions","src/Tributary.Abstractions/EventReducerBase.cs","58","true","1-58","FBAFE62A75C1A09AA8082DE4B28D6CFA47274E7FE9DA3174EA6A748A4899E99A","FBAFE62A75C1A09AA8082DE4B28D6CFA47274E7FE9DA3174EA6A748A4899E99A","Project source","root","","Checked null handling, event matching, delegate invocation and immutability guards; no independent failure found.","https://github.com/Gibbs-Morris/mississippi/blob/aa4a686677ab41b25ecdfd445b280b45d2f43fb1/src/Tributary.Abstractions/EventReducerBase.cs","aa4a686677ab41b25ecdfd445b280b45d2f43fb1"
"Tributary.Abstractions","src/Tributary.Abstractions/IEventReducer.cs","42","true","1-42","3814E9267862F60740EDCDC8154B08D7B339A3C96038EC20DAC7BF70AFD2616D","3814E9267862F60740EDCDC8154B08D7B339A3C96038EC20DAC7BF70AFD2616D","Project source","root","Reducer-with-two-event-interfaces-is-indexed-for-only-one.md","Checked complete event and root reducer contracts, typed variance, first-pass behavior and version identity contract.","https://github.com/Gibbs-Morris/mississippi/blob/aa4a686677ab41b25ecdfd445b280b45d2f43fb1/src/Tributary.Abstractions/IEventReducer.cs","aa4a686677ab41b25ecdfd445b280b45d2f43fb1"
"Tributary.Abstractions","src/Tributary.Abstractions/IRootReducer.cs","28","true","1-28","8F9F8515A3B911AAE97F4BC50CC421A682CA62434BFF7278F07EDFD889F1C0B6","8F9F8515A3B911AAE97F4BC50CC421A682CA62434BFF7278F07EDFD889F1C0B6","Project source","root","Reducer-order-change-keeps-the-same-snapshot-hash.md","Checked complete event and root reducer contracts, typed variance, first-pass behavior and version identity contract.","https://github.com/Gibbs-Morris/mississippi/blob/aa4a686677ab41b25ecdfd445b280b45d2f43fb1/src/Tributary.Abstractions/IRootReducer.cs","aa4a686677ab41b25ecdfd445b280b45d2f43fb1"
"Tributary.Abstractions","src/Tributary.Abstractions/ISnapshotCacheGrain.cs","49","true","1-49","55F89C5948A942F7D92D9060994C08648FE79A3D04FA8DED1F4D5A348ABB15ED","55F89C5948A942F7D92D9060994C08648FE79A3D04FA8DED1F4D5A348ABB15ED","Project source","root","","Checked full cache/factory/persister API, activation-only immutable state and explicitly one-way background persistence; no new unsupported durability claim.","https://github.com/Gibbs-Morris/mississippi/blob/aa4a686677ab41b25ecdfd445b280b45d2f43fb1/src/Tributary.Abstractions/ISnapshotCacheGrain.cs","aa4a686677ab41b25ecdfd445b280b45d2f43fb1"
"Tributary.Abstractions","src/Tributary.Abstractions/ISnapshotGrainFactory.cs","26","true","1-26","85693AC04B8B83E352D1D56942671ADEEBFA2E5FB3DDB591EB0A7474AC0BE9AB","85693AC04B8B83E352D1D56942671ADEEBFA2E5FB3DDB591EB0A7474AC0BE9AB","Project source","root","","Checked full cache/factory/persister API, activation-only immutable state and explicitly one-way background persistence; no new unsupported durability claim.","https://github.com/Gibbs-Morris/mississippi/blob/aa4a686677ab41b25ecdfd445b280b45d2f43fb1/src/Tributary.Abstractions/ISnapshotGrainFactory.cs","aa4a686677ab41b25ecdfd445b280b45d2f43fb1"
"Tributary.Abstractions","src/Tributary.Abstractions/ISnapshotPersisterGrain.cs","44","true","1-44","CDD22ED5465D93BC034F08FF122EC17671894813D9EAB9F5BD98C03930E6F349","CDD22ED5465D93BC034F08FF122EC17671894813D9EAB9F5BD98C03930E6F349","Project source","root","","Checked full cache/factory/persister API, activation-only immutable state and explicitly one-way background persistence; no new unsupported durability claim.","https://github.com/Gibbs-Morris/mississippi/blob/aa4a686677ab41b25ecdfd445b280b45d2f43fb1/src/Tributary.Abstractions/ISnapshotPersisterGrain.cs","aa4a686677ab41b25ecdfd445b280b45d2f43fb1"
"Tributary.Abstractions","src/Tributary.Abstractions/ISnapshotStateConverter.cs","28","true","1-28","E7E94C8F58E9AEED108645B6502CA2A786308F95D2FB117B1F3E40855D802BC5","E7E94C8F58E9AEED108645B6502CA2A786308F95D2FB117B1F3E40855D802BC5","Project source","root","","Checked snapshot conversion and full public contract, immutable bytes, format, hash and size preservation; no failure found.","https://github.com/Gibbs-Morris/mississippi/blob/aa4a686677ab41b25ecdfd445b280b45d2f43fb1/src/Tributary.Abstractions/ISnapshotStateConverter.cs","aa4a686677ab41b25ecdfd445b280b45d2f43fb1"
"Tributary.Abstractions","src/Tributary.Abstractions/SnapshotEnvelope.cs","47","true","1-47","409224C4B8F83E3FD441DE092D75C14204056FF93B30239DB0EF4F12A0D5E9C5","409224C4B8F83E3FD441DE092D75C14204056FF93B30239DB0EF4F12A0D5E9C5","Project source","root","Reducer-order-change-keeps-the-same-snapshot-hash.md","Checked complete immutable snapshot payload, type/hash metadata, size and stale-hash contract; supports reducer compatibility review.","https://github.com/Gibbs-Morris/mississippi/blob/aa4a686677ab41b25ecdfd445b280b45d2f43fb1/src/Tributary.Abstractions/SnapshotEnvelope.cs","aa4a686677ab41b25ecdfd445b280b45d2f43fb1"
"Tributary.Abstractions","src/Tributary.Abstractions/SnapshotKey.cs","130","true","1-130","6F53D94576991409C0FD02D465791841F5CF036CB13867F51716755F35146251","6F53D94576991409C0FD02D465791841F5CF036CB13867F51716755F35146251","Project source","root","","Checked every key component, separator validation, parser delimiter count, nonnegative version, limits and serialized identities; no normal-use failure established.","https://github.com/Gibbs-Morris/mississippi/blob/aa4a686677ab41b25ecdfd445b280b45d2f43fb1/src/Tributary.Abstractions/SnapshotKey.cs","aa4a686677ab41b25ecdfd445b280b45d2f43fb1"
"Tributary.Abstractions","src/Tributary.Abstractions/SnapshotRetentionOptions.cs","243","true","1-243","CF39831F888DC3DA277A8DDA9E615E42685C7252BC6DC09A1644EFAC4EAB5F98","CF39831F888DC3DA277A8DDA9E615E42685C7252BC6DC09A1644EFAC4EAB5F98","Project source","root","","Checked every override, attribute/default priority, positive validation, strict-earlier checkpoint arithmetic and persistence eligibility; no self-reference or off-by-one failure found.","https://github.com/Gibbs-Morris/mississippi/blob/aa4a686677ab41b25ecdfd445b280b45d2f43fb1/src/Tributary.Abstractions/SnapshotRetentionOptions.cs","aa4a686677ab41b25ecdfd445b280b45d2f43fb1"
"Tributary.Abstractions","src/Tributary.Abstractions/SnapshotStreamKey.cs","162","true","1-162","4E168B7ABDB8DE78E25EA1D94E406EB8BE920804CF80F9303A2862562654F327","4E168B7ABDB8DE78E25EA1D94E406EB8BE920804CF80F9303A2862562654F327","Project source","root","","Checked every key component, separator validation, parser delimiter count, nonnegative version, limits and serialized identities; no normal-use failure established.","https://github.com/Gibbs-Morris/mississippi/blob/aa4a686677ab41b25ecdfd445b280b45d2f43fb1/src/Tributary.Abstractions/SnapshotStreamKey.cs","aa4a686677ab41b25ecdfd445b280b45d2f43fb1"
"Tributary.Runtime","src/Tributary.Runtime/DelegateEventReducer.cs","56","true","1-56","3E4557AF1A3D603A1C7B117D1685029C3E5AC3FF45B59D077428E1C2DD8B3424","3E4557AF1A3D603A1C7B117D1685029C3E5AC3FF45B59D077428E1C2DD8B3424","Project source","root","","Checked null handling, event matching, delegate invocation and immutability guards; no independent failure found.","https://github.com/Gibbs-Morris/mississippi/blob/aa4a686677ab41b25ecdfd445b280b45d2f43fb1/src/Tributary.Runtime/DelegateEventReducer.cs","aa4a686677ab41b25ecdfd445b280b45d2f43fb1"
"Tributary.Runtime","src/Tributary.Runtime/DelegateReducerLoggerExtensions.cs","58","true","1-58","2FCCF5D73CA77A3BEEB828E71A6D22C6995FDFE1EC22E59103D47410F2F05DE9","2FCCF5D73CA77A3BEEB828E71A6D22C6995FDFE1EC22E59103D47410F2F05DE9","Project source","root","","Checked every logging method, placeholder/parameter, exception level and caller-facing snapshot/reducer/retention meaning; no new technical failure found.","https://github.com/Gibbs-Morris/mississippi/blob/aa4a686677ab41b25ecdfd445b280b45d2f43fb1/src/Tributary.Runtime/DelegateReducerLoggerExtensions.cs","aa4a686677ab41b25ecdfd445b280b45d2f43fb1"
"Tributary.Runtime","src/Tributary.Runtime/ReducerRegistrations.cs","74","true","1-74","B5C0395D32644EC24C1D68201CAD0E9F43F0A100D9BC644E94A20A9DC82E707C","B5C0395D32644EC24C1D68201CAD0E9F43F0A100D9BC644E94A20A9DC82E707C","Project source","root","Reservoir-repeated-delegate-registration-reuses-last.md","Checked generic/delegate registrations and root setup; repeated delegate registrations share a concrete service key and may resolve the last delegate for earlier registrations (shared Reservoir cause).","https://github.com/Gibbs-Morris/mississippi/blob/aa4a686677ab41b25ecdfd445b280b45d2f43fb1/src/Tributary.Runtime/ReducerRegistrations.cs","aa4a686677ab41b25ecdfd445b280b45d2f43fb1"
"Tributary.Runtime","src/Tributary.Runtime/RootReducer.cs","231","true","1-231","FB0C22D326291889EBF2694F48CBF9BBF3A06D67F37320450AA8A091C2BF1B17","FB0C22D326291889EBF2694F48CBF9BBF3A06D67F37320450AA8A091C2BF1B17","Project source","root","Reducer-order-change-keeps-the-same-snapshot-hash.md; Reducer-with-two-event-interfaces-is-indexed-for-only-one.md; Reservoir-repeated-delegate-registration-reuses-last.md","Checked complete index construction, first-match dispatch, multi-interface extraction, validation and reducer identity; supports unordered hash, fallback precedence and multi-event indexing leads pending documented contracts.","https://github.com/Gibbs-Morris/mississippi/blob/aa4a686677ab41b25ecdfd445b280b45d2f43fb1/src/Tributary.Runtime/RootReducer.cs","aa4a686677ab41b25ecdfd445b280b45d2f43fb1"
"Tributary.Runtime","src/Tributary.Runtime/RootReducerLoggerExtensions.cs","70","true","1-70","A3721E8F13C1627CF8CF6003301FEEE73287219B8F143C1C6EA8A431FA987591","A3721E8F13C1627CF8CF6003301FEEE73287219B8F143C1C6EA8A431FA987591","Project source","root","","Checked every logging method, placeholder/parameter, exception level and caller-facing snapshot/reducer/retention meaning; no new technical failure found.","https://github.com/Gibbs-Morris/mississippi/blob/aa4a686677ab41b25ecdfd445b280b45d2f43fb1/src/Tributary.Runtime/RootReducerLoggerExtensions.cs","aa4a686677ab41b25ecdfd445b280b45d2f43fb1"
"Tributary.Runtime","src/Tributary.Runtime/SnapshotCacheGrain.cs","292","true","1-292","182E75F51D20C05198C65AE6953E63CE71D41448E5A083EE7354A93E5F6BC09A","182E75F51D20C05198C65AE6953E63CE71D41448E5A083EE7354A93E5F6BC09A","Project source","root","Reducer-order-change-keeps-the-same-snapshot-hash.md","Checked exact storage hit/hash acceptance, recursive retained base selection, delta replay and eligible background persistence; reducer hash causes stale reuse if equivalent identity hides changed precedence. No separate unsupported persistence guarantee added.","https://github.com/Gibbs-Morris/mississippi/blob/aa4a686677ab41b25ecdfd445b280b45d2f43fb1/src/Tributary.Runtime/SnapshotCacheGrain.cs","aa4a686677ab41b25ecdfd445b280b45d2f43fb1"
"Tributary.Runtime","src/Tributary.Runtime/SnapshotCacheGrainLoggerExtensions.cs","106","true","1-106","C63D10CE86216F9121E22D3E538281F6606F0A4A7881E4195A90C25EA90F701B","C63D10CE86216F9121E22D3E538281F6606F0A4A7881E4195A90C25EA90F701B","Project source","root","","Checked every logging method, placeholder/parameter, exception level and caller-facing snapshot/reducer/retention meaning; no new technical failure found.","https://github.com/Gibbs-Morris/mississippi/blob/aa4a686677ab41b25ecdfd445b280b45d2f43fb1/src/Tributary.Runtime/SnapshotCacheGrainLoggerExtensions.cs","aa4a686677ab41b25ecdfd445b280b45d2f43fb1"
"Tributary.Runtime","src/Tributary.Runtime/SnapshotGrainFactory.cs","59","true","1-59","66BD0D3AF3D1D77DB839BEED640145B74B91E38AC9B3D7C7D96785F37A14C7CE","66BD0D3AF3D1D77DB839BEED640145B74B91E38AC9B3D7C7D96785F37A14C7CE","Project source","root","","Checked both typed cache and untyped persister grain lookups, key forwarding and constructor guards; no failure found.","https://github.com/Gibbs-Morris/mississippi/blob/aa4a686677ab41b25ecdfd445b280b45d2f43fb1/src/Tributary.Runtime/SnapshotGrainFactory.cs","aa4a686677ab41b25ecdfd445b280b45d2f43fb1"
"Tributary.Runtime","src/Tributary.Runtime/SnapshotGrainFactoryLoggerExtensions.cs","26","true","1-26","3ABAA56F97774CCCCA4222D98C253843C7461A1C2B396FA6625BD8D67D25A388","3ABAA56F97774CCCCA4222D98C253843C7461A1C2B396FA6625BD8D67D25A388","Project source","root","","Checked every logging method, placeholder/parameter, exception level and caller-facing snapshot/reducer/retention meaning; no new technical failure found.","https://github.com/Gibbs-Morris/mississippi/blob/aa4a686677ab41b25ecdfd445b280b45d2f43fb1/src/Tributary.Runtime/SnapshotGrainFactoryLoggerExtensions.cs","aa4a686677ab41b25ecdfd445b280b45d2f43fb1"
"Tributary.Runtime","src/Tributary.Runtime/SnapshotMetrics.cs","260","true","1-260","ED7D303212125FD398B0E2347CDF4A2D50F9F635325FB3232EA3A46E54B3BE15","ED7D303212125FD398B0E2347CDF4A2D50F9F635325FB3232EA3A46E54B3BE15","Project source","root","","Checked every activation, cache, persistence, replay, compatibility and size instrument, unit and tag against all callers; no additional credible failure found.","https://github.com/Gibbs-Morris/mississippi/blob/aa4a686677ab41b25ecdfd445b280b45d2f43fb1/src/Tributary.Runtime/SnapshotMetrics.cs","aa4a686677ab41b25ecdfd445b280b45d2f43fb1"
"Tributary.Runtime","src/Tributary.Runtime/SnapshotPersisterGrain.cs","105","true","1-105","C0E9D8F7432AABA22A246601EA93645CBC1D3598B689BD07D3F4E8EB78EC0DF0","C0E9D8F7432AABA22A246601EA93645CBC1D3598B689BD07D3F4E8EB78EC0DF0","Project source","root","","Checked key activation, null validation, storage write and failure propagation with one-way persistence contract; no supported independent failure found.","https://github.com/Gibbs-Morris/mississippi/blob/aa4a686677ab41b25ecdfd445b280b45d2f43fb1/src/Tributary.Runtime/SnapshotPersisterGrain.cs","aa4a686677ab41b25ecdfd445b280b45d2f43fb1"
"Tributary.Runtime","src/Tributary.Runtime/SnapshotPersisterGrainLoggerExtensions.cs","32","true","1-32","8045DFC92D626BFDDBD9C4FDD9A766F91595167BA1CAAF14416A4536FC89E8CE","8045DFC92D626BFDDBD9C4FDD9A766F91595167BA1CAAF14416A4536FC89E8CE","Project source","root","","Checked every logging method, placeholder/parameter, exception level and caller-facing snapshot/reducer/retention meaning; no new technical failure found.","https://github.com/Gibbs-Morris/mississippi/blob/aa4a686677ab41b25ecdfd445b280b45d2f43fb1/src/Tributary.Runtime/SnapshotPersisterGrainLoggerExtensions.cs","aa4a686677ab41b25ecdfd445b280b45d2f43fb1"
"Tributary.Runtime","src/Tributary.Runtime/SnapshotRegistrations.cs","111","true","1-111","7F36C810FFA1940CA695769A9561853527DD458E75413E1A63ABFEAD85BA6A62","7F36C810FFA1940CA695769A9561853527DD458E75413E1A63ABFEAD85BA6A62","Project source","root","","Checked every retention configuration overload, converter registration, validation-on-start and idempotent startup/factory descriptors; no failure found.","https://github.com/Gibbs-Morris/mississippi/blob/aa4a686677ab41b25ecdfd445b280b45d2f43fb1/src/Tributary.Runtime/SnapshotRegistrations.cs","aa4a686677ab41b25ecdfd445b280b45d2f43fb1"
"Tributary.Runtime","src/Tributary.Runtime/SnapshotRetentionOptionsValidator.cs","48","true","1-48","96ACEAC505046485B3D59242DC636351153BAE1010152A1862555C5D9EDF4656","96ACEAC505046485B3D59242DC636351153BAE1010152A1862555C5D9EDF4656","Project source","root","","Checked positive retention attributes, complete options diagnostics and startup cancellation/policy logging; no supported failure found.","https://github.com/Gibbs-Morris/mississippi/blob/aa4a686677ab41b25ecdfd445b280b45d2f43fb1/src/Tributary.Runtime/SnapshotRetentionOptionsValidator.cs","aa4a686677ab41b25ecdfd445b280b45d2f43fb1"
"Tributary.Runtime","src/Tributary.Runtime/SnapshotRetentionPolicyLoggerExtensions.cs","29","true","1-29","95EBE92A5907486B904C248E458DC336016F80500607BA9EC4B920094EEC3EC4","95EBE92A5907486B904C248E458DC336016F80500607BA9EC4B920094EEC3EC4","Project source","root","","Checked every logging method, placeholder/parameter, exception level and caller-facing snapshot/reducer/retention meaning; no new technical failure found.","https://github.com/Gibbs-Morris/mississippi/blob/aa4a686677ab41b25ecdfd445b280b45d2f43fb1/src/Tributary.Runtime/SnapshotRetentionPolicyLoggerExtensions.cs","aa4a686677ab41b25ecdfd445b280b45d2f43fb1"
"Tributary.Runtime","src/Tributary.Runtime/SnapshotRetentionPolicyStartupService.cs","60","true","1-60","D86E655B894690E9AACCCFAE92EACBBD68495FECF849A68DC2F8A8799EC5AF5C","D86E655B894690E9AACCCFAE92EACBBD68495FECF849A68DC2F8A8799EC5AF5C","Project source","root","","Checked positive retention attributes, complete options diagnostics and startup cancellation/policy logging; no supported failure found.","https://github.com/Gibbs-Morris/mississippi/blob/aa4a686677ab41b25ecdfd445b280b45d2f43fb1/src/Tributary.Runtime/SnapshotRetentionPolicyStartupService.cs","aa4a686677ab41b25ecdfd445b280b45d2f43fb1"
"Tributary.Runtime","src/Tributary.Runtime/SnapshotStateConverter.cs","57","true","1-57","3092D64DB139507AC402B551B145EA8BE34B802E3374D7072DE4BA0FA3CE6ABC","3092D64DB139507AC402B551B145EA8BE34B802E3374D7072DE4BA0FA3CE6ABC","Project source","root","","Checked snapshot conversion and full public contract, immutable bytes, format, hash and size preservation; no failure found.","https://github.com/Gibbs-Morris/mississippi/blob/aa4a686677ab41b25ecdfd445b280b45d2f43fb1/src/Tributary.Runtime/SnapshotStateConverter.cs","aa4a686677ab41b25ecdfd445b280b45d2f43fb1"
"Tributary.Runtime.Storage.Abstractions","src/Tributary.Runtime.Storage.Abstractions/ISnapshotStorageProvider.cs","14","true","1-14","046C79B297B4FC2F852F22872FDF20CFB5B1BA5DD08E3EFF07EF70C7FAFAD8EE","046C79B297B4FC2F852F22872FDF20CFB5B1BA5DD08E3EFF07EF70C7FAFAD8EE","Project source","root","","Checked full snapshot storage/repository/SDK operation contracts, missing/null reads, per-version writes, pruning retention and cancellation; no independent failure found.","https://github.com/Gibbs-Morris/mississippi/blob/aa4a686677ab41b25ecdfd445b280b45d2f43fb1/src/Tributary.Runtime.Storage.Abstractions/ISnapshotStorageProvider.cs","aa4a686677ab41b25ecdfd445b280b45d2f43fb1"
"Tributary.Runtime.Storage.Abstractions","src/Tributary.Runtime.Storage.Abstractions/ISnapshotStorageReader.cs","24","true","1-24","D6199F3A0CE2C40D0B20F967928A28654D4C898230FDAD7D75EAADB2992E481B","D6199F3A0CE2C40D0B20F967928A28654D4C898230FDAD7D75EAADB2992E481B","Project source","root","","Checked full snapshot storage/repository/SDK operation contracts, missing/null reads, per-version writes, pruning retention and cancellation; no independent failure found.","https://github.com/Gibbs-Morris/mississippi/blob/aa4a686677ab41b25ecdfd445b280b45d2f43fb1/src/Tributary.Runtime.Storage.Abstractions/ISnapshotStorageReader.cs","aa4a686677ab41b25ecdfd445b280b45d2f43fb1"
"Tributary.Runtime.Storage.Abstractions","src/Tributary.Runtime.Storage.Abstractions/ISnapshotStorageWriter.cs","67","true","1-67","53A60438594A707414F17957E730D032FD7192A24AD7DC736886CD78D172D299","53A60438594A707414F17957E730D032FD7192A24AD7DC736886CD78D172D299","Project source","root","","Checked full snapshot storage/repository/SDK operation contracts, missing/null reads, per-version writes, pruning retention and cancellation; no independent failure found.","https://github.com/Gibbs-Morris/mississippi/blob/aa4a686677ab41b25ecdfd445b280b45d2f43fb1/src/Tributary.Runtime.Storage.Abstractions/ISnapshotStorageWriter.cs","aa4a686677ab41b25ecdfd445b280b45d2f43fb1"
"Tributary.Runtime.Storage.Abstractions","src/Tributary.Runtime.Storage.Abstractions/SnapshotStorageBuilderDiagnosticCodes.cs","29","true","1-29","0CEA93E82B60DDDB75FC901FCD4C161004248BC31045E247CCDBED8F09A19191","0CEA93E82B60DDDB75FC901FCD4C161004248BC31045E247CCDBED8F09A19191","Project source","root","","Checked configured defaults, host-owned client key contract and stable diagnostic identifiers; no failure found.","https://github.com/Gibbs-Morris/mississippi/blob/aa4a686677ab41b25ecdfd445b280b45d2f43fb1/src/Tributary.Runtime.Storage.Abstractions/SnapshotStorageBuilderDiagnosticCodes.cs","aa4a686677ab41b25ecdfd445b280b45d2f43fb1"
"Tributary.Runtime.Storage.Cosmos","src/Tributary.Runtime.Storage.Cosmos/CosmosSnapshotStorageBuilder.cs","145","true","1-145","973654D902587763190D1DCA7FECD4D76C7E491668A80D9B4FC8C13DEF9379B3","973654D902587763190D1DCA7FECD4D76C7E491668A80D9B4FC8C13DEF9379B3","Project source","root","","Checked every setter, closure guard, validation, binding/apply and options snapshot; no supported independent failure found.","https://github.com/Gibbs-Morris/mississippi/blob/aa4a686677ab41b25ecdfd445b280b45d2f43fb1/src/Tributary.Runtime.Storage.Cosmos/CosmosSnapshotStorageBuilder.cs","aa4a686677ab41b25ecdfd445b280b45d2f43fb1"
"Tributary.Runtime.Storage.Cosmos","src/Tributary.Runtime.Storage.Cosmos/Diagnostics/SnapshotStorageMetrics.cs","139","true","1-139","961B50DFA48A9B779221F41335E51265763F1C0853FB218118F4E88A06CB8867","961B50DFA48A9B779221F41335E51265763F1C0853FB218118F4E88A06CB8867","Project source","root","Snapshot-prune-metric-counts-retention-rules.md","Checked every storage instrument, unit, result and conditional emission. PruneCount receives the retention-rule count from provider, so operation counts are wrong for zero or multiple rules (candidate).","https://github.com/Gibbs-Morris/mississippi/blob/aa4a686677ab41b25ecdfd445b280b45d2f43fb1/src/Tributary.Runtime.Storage.Cosmos/Diagnostics/SnapshotStorageMetrics.cs","aa4a686677ab41b25ecdfd445b280b45d2f43fb1"
"Tributary.Runtime.Storage.Cosmos","src/Tributary.Runtime.Storage.Cosmos/ISnapshotContainerOperations.cs","74","true","1-74","6B086C378F786ECB12C800661E0C99D04EABE338C96D57A7FEA0AC552B181D04","6B086C378F786ECB12C800661E0C99D04EABE338C96D57A7FEA0AC552B181D04","Project source","root","","Checked full snapshot storage/repository/SDK operation contracts, missing/null reads, per-version writes, pruning retention and cancellation; no independent failure found.","https://github.com/Gibbs-Morris/mississippi/blob/aa4a686677ab41b25ecdfd445b280b45d2f43fb1/src/Tributary.Runtime.Storage.Cosmos/ISnapshotContainerOperations.cs","aa4a686677ab41b25ecdfd445b280b45d2f43fb1"
"Tributary.Runtime.Storage.Cosmos","src/Tributary.Runtime.Storage.Cosmos/ISnapshotCosmosRepository.cs","73","true","1-73","3A62A8124132FCA04EB7B7577B9D3ECDE55B296311FB04C8D3FEB12E862EF409","3A62A8124132FCA04EB7B7577B9D3ECDE55B296311FB04C8D3FEB12E862EF409","Project source","root","","Checked full snapshot storage/repository/SDK operation contracts, missing/null reads, per-version writes, pruning retention and cancellation; no independent failure found.","https://github.com/Gibbs-Morris/mississippi/blob/aa4a686677ab41b25ecdfd445b280b45d2f43fb1/src/Tributary.Runtime.Storage.Cosmos/ISnapshotCosmosRepository.cs","aa4a686677ab41b25ecdfd445b280b45d2f43fb1"
"Tributary.Runtime.Storage.Cosmos","src/Tributary.Runtime.Storage.Cosmos/Mapping/SnapshotDocumentToEnvelopeMapper.cs","26","true","1-26","8BB926AD452B6968DB47A777939F818A9465FAD92C72204E60400088E41C46D2","8BB926AD452B6968DB47A777939F818A9465FAD92C72204E60400088E41C46D2","Project source","root","","Checked each complete field conversion, document/partition IDs, immutable payload copies, sizes and compatibility hash source against the active mapper chain. Direct write-model-to-document helper omits BrookName but is not on the registered storage path; no active failure established.","https://github.com/Gibbs-Morris/mississippi/blob/aa4a686677ab41b25ecdfd445b280b45d2f43fb1/src/Tributary.Runtime.Storage.Cosmos/Mapping/SnapshotDocumentToEnvelopeMapper.cs","aa4a686677ab41b25ecdfd445b280b45d2f43fb1"
"Tributary.Runtime.Storage.Cosmos","src/Tributary.Runtime.Storage.Cosmos/Mapping/SnapshotDocumentToStorageMapper.cs","24","true","1-24","10B108F5B3A65D9545643CC900705FC1DA94DC9D1DA26D9806A27F716DC40F8E","10B108F5B3A65D9545643CC900705FC1DA94DC9D1DA26D9806A27F716DC40F8E","Project source","root","","Checked each complete field conversion, document/partition IDs, immutable payload copies, sizes and compatibility hash source against the active mapper chain. Direct write-model-to-document helper omits BrookName but is not on the registered storage path; no active failure established.","https://github.com/Gibbs-Morris/mississippi/blob/aa4a686677ab41b25ecdfd445b280b45d2f43fb1/src/Tributary.Runtime.Storage.Cosmos/Mapping/SnapshotDocumentToStorageMapper.cs","aa4a686677ab41b25ecdfd445b280b45d2f43fb1"
"Tributary.Runtime.Storage.Cosmos","src/Tributary.Runtime.Storage.Cosmos/Mapping/SnapshotStorageToDocumentMapper.cs","32","true","1-32","7443465E87EEE7F7AAB2564CD0F3D3121153D99D932DC14AA1C66648F7DBD3C4","7443465E87EEE7F7AAB2564CD0F3D3121153D99D932DC14AA1C66648F7DBD3C4","Project source","root","","Checked each complete field conversion, document/partition IDs, immutable payload copies, sizes and compatibility hash source against the active mapper chain. Direct write-model-to-document helper omits BrookName but is not on the registered storage path; no active failure established.","https://github.com/Gibbs-Morris/mississippi/blob/aa4a686677ab41b25ecdfd445b280b45d2f43fb1/src/Tributary.Runtime.Storage.Cosmos/Mapping/SnapshotStorageToDocumentMapper.cs","aa4a686677ab41b25ecdfd445b280b45d2f43fb1"
"Tributary.Runtime.Storage.Cosmos","src/Tributary.Runtime.Storage.Cosmos/Mapping/SnapshotStorageToEnvelopeMapper.cs","26","true","1-26","826365B81146D717F0B34FDE23462D8E7FD2E64F267AB3736B69C5D6D297B61C","826365B81146D717F0B34FDE23462D8E7FD2E64F267AB3736B69C5D6D297B61C","Project source","root","","Checked each complete field conversion, document/partition IDs, immutable payload copies, sizes and compatibility hash source against the active mapper chain. Direct write-model-to-document helper omits BrookName but is not on the registered storage path; no active failure established.","https://github.com/Gibbs-Morris/mississippi/blob/aa4a686677ab41b25ecdfd445b280b45d2f43fb1/src/Tributary.Runtime.Storage.Cosmos/Mapping/SnapshotStorageToEnvelopeMapper.cs","aa4a686677ab41b25ecdfd445b280b45d2f43fb1"
"Tributary.Runtime.Storage.Cosmos","src/Tributary.Runtime.Storage.Cosmos/Mapping/SnapshotWriteModelToDocumentMapper.cs","32","true","1-32","B9481991C507E09051C1ABBC4C182CC50066B7ABC5D7A15649BFE293A95D85D7","B9481991C507E09051C1ABBC4C182CC50066B7ABC5D7A15649BFE293A95D85D7","Project source","root","","Checked each complete field conversion, document/partition IDs, immutable payload copies, sizes and compatibility hash source against the active mapper chain. Direct write-model-to-document helper omits BrookName but is not on the registered storage path; no active failure established.","https://github.com/Gibbs-Morris/mississippi/blob/aa4a686677ab41b25ecdfd445b280b45d2f43fb1/src/Tributary.Runtime.Storage.Cosmos/Mapping/SnapshotWriteModelToDocumentMapper.cs","aa4a686677ab41b25ecdfd445b280b45d2f43fb1"
"Tributary.Runtime.Storage.Cosmos","src/Tributary.Runtime.Storage.Cosmos/Mapping/SnapshotWriteModelToStorageMapper.cs","26","true","1-26","7A15ED4CE30341DB90250FDD2C84EDF98D1AD1452DD3CD01E2F6D5A2DA18D7F9","7A15ED4CE30341DB90250FDD2C84EDF98D1AD1452DD3CD01E2F6D5A2DA18D7F9","Project source","root","","Checked each complete field conversion, document/partition IDs, immutable payload copies, sizes and compatibility hash source against the active mapper chain. Direct write-model-to-document helper omits BrookName but is not on the registered storage path; no active failure established.","https://github.com/Gibbs-Morris/mississippi/blob/aa4a686677ab41b25ecdfd445b280b45d2f43fb1/src/Tributary.Runtime.Storage.Cosmos/Mapping/SnapshotWriteModelToStorageMapper.cs","aa4a686677ab41b25ecdfd445b280b45d2f43fb1"
"Tributary.Runtime.Storage.Cosmos","src/Tributary.Runtime.Storage.Cosmos/SnapshotCosmosDefaults.cs","27","true","1-27","2D57B031CAE16FC74021893FB35E4F9C3E519B8AB2A1836CBDB1C51D5829CAA7","2D57B031CAE16FC74021893FB35E4F9C3E519B8AB2A1836CBDB1C51D5829CAA7","Project source","root","","Checked configured defaults, host-owned client key contract and stable diagnostic identifiers; no failure found.","https://github.com/Gibbs-Morris/mississippi/blob/aa4a686677ab41b25ecdfd445b280b45d2f43fb1/src/Tributary.Runtime.Storage.Cosmos/SnapshotCosmosDefaults.cs","aa4a686677ab41b25ecdfd445b280b45d2f43fb1"
"Tributary.Runtime.Storage.Cosmos","src/Tributary.Runtime.Storage.Cosmos/SnapshotIdVersion.cs","8","true","1-8","BA3D8A97F7A78A8492DB5BAD12E9B6D8091981D94FC65E107A89E0E5DE1EFD1F","BA3D8A97F7A78A8492DB5BAD12E9B6D8091981D94FC65E107A89E0E5DE1EFD1F","Project source","root","","Checked full snapshot storage/repository/SDK operation contracts, missing/null reads, per-version writes, pruning retention and cancellation; no independent failure found.","https://github.com/Gibbs-Morris/mississippi/blob/aa4a686677ab41b25ecdfd445b280b45d2f43fb1/src/Tributary.Runtime.Storage.Cosmos/SnapshotIdVersion.cs","aa4a686677ab41b25ecdfd445b280b45d2f43fb1"
"Tributary.Runtime.Storage.Cosmos","src/Tributary.Runtime.Storage.Cosmos/SnapshotStorageOptions.cs","34","true","1-34","1E8375ED1DD5D887A9BBE5A1DB84E3025DFC8ADBAE0C8581B72EBDAC8C40BDB6","1E8375ED1DD5D887A9BBE5A1DB84E3025DFC8ADBAE0C8581B72EBDAC8C40BDB6","Project source","root","","Checked configured defaults, host-owned client key contract and stable diagnostic identifiers; no failure found.","https://github.com/Gibbs-Morris/mississippi/blob/aa4a686677ab41b25ecdfd445b280b45d2f43fb1/src/Tributary.Runtime.Storage.Cosmos/SnapshotStorageOptions.cs","aa4a686677ab41b25ecdfd445b280b45d2f43fb1"
"Tributary.Runtime.Storage.Cosmos","src/Tributary.Runtime.Storage.Cosmos/SnapshotStorageOptionsValidation.cs","73","true","1-73","6E6CA786C33623BBFFB5615B29C17ACEBD0FFB3B125D4FEA98FE70E630FD3600","6E6CA786C33623BBFFB5615B29C17ACEBD0FFB3B125D4FEA98FE70E630FD3600","Project source","root","","Checked all scalar/service-key diagnostics and valid query page-size cases; no supported runtime failure found.","https://github.com/Gibbs-Morris/mississippi/blob/aa4a686677ab41b25ecdfd445b280b45d2f43fb1/src/Tributary.Runtime.Storage.Cosmos/SnapshotStorageOptionsValidation.cs","aa4a686677ab41b25ecdfd445b280b45d2f43fb1"
"Tributary.Runtime.Storage.Cosmos","src/Tributary.Runtime.Storage.Cosmos/SnapshotStorageOptionsValidator.cs","63","true","1-63","824169547F6EF8E9CAB7490A5AD3AB6AACAB9363FB73241B880EEC5C0A5ECA55","824169547F6EF8E9CAB7490A5AD3AB6AACAB9363FB73241B880EEC5C0A5ECA55","Project source","root","","Checked all scalar/service-key diagnostics and valid query page-size cases; no supported runtime failure found.","https://github.com/Gibbs-Morris/mississippi/blob/aa4a686677ab41b25ecdfd445b280b45d2f43fb1/src/Tributary.Runtime.Storage.Cosmos/SnapshotStorageOptionsValidator.cs","aa4a686677ab41b25ecdfd445b280b45d2f43fb1"
"Tributary.Runtime.Storage.Cosmos","src/Tributary.Runtime.Storage.Cosmos/SnapshotStorageProvider.cs","129","true","1-129","6FCA60544ED4FDBCCA24B2B823D46F422C6E42783AB9D844E8F660E1F0191E1F","6FCA60544ED4FDBCCA24B2B823D46F422C6E42783AB9D844E8F660E1F0191E1F","Project source","root","Snapshot-prune-metric-counts-retention-rules.md","Checked all provider delegations, input validation and read/write/delete/prune metric outcomes; no supported failure found.","https://github.com/Gibbs-Morris/mississippi/blob/aa4a686677ab41b25ecdfd445b280b45d2f43fb1/src/Tributary.Runtime.Storage.Cosmos/SnapshotStorageProvider.cs","aa4a686677ab41b25ecdfd445b280b45d2f43fb1"
"Tributary.Runtime.Storage.Cosmos","src/Tributary.Runtime.Storage.Cosmos/SnapshotStorageProviderLoggerExtensions.cs","111","true","1-111","B1BC6A2EA16A7C87948B3B3DB422277E2846E6ADA5DCFF4E23437B3629B80311","B1BC6A2EA16A7C87948B3B3DB422277E2846E6ADA5DCFF4E23437B3629B80311","Project source","root","","Checked every storage logger signature, placeholder, parameter order, levels and runtime caller; no independent technical failure found.","https://github.com/Gibbs-Morris/mississippi/blob/aa4a686677ab41b25ecdfd445b280b45d2f43fb1/src/Tributary.Runtime.Storage.Cosmos/SnapshotStorageProviderLoggerExtensions.cs","aa4a686677ab41b25ecdfd445b280b45d2f43fb1"
"Tributary.Runtime.Storage.Cosmos","src/Tributary.Runtime.Storage.Cosmos/SnapshotStorageProviderRegistrations.cs","300","true","1-300","4818243FB1CC2906F8B174D36AF739114B8ECF828FD1A41464DD2D8834D972F9","4818243FB1CC2906F8B174D36AF739114B8ECF828FD1A41464DD2D8834D972F9","Project source","root","","Checked every composition overload, duplicate guard, retryable callback registration, effective provider lifetime aliasing, mapper/keyed clients and safe existing container partition validation; no independent failure found.","https://github.com/Gibbs-Morris/mississippi/blob/aa4a686677ab41b25ecdfd445b280b45d2f43fb1/src/Tributary.Runtime.Storage.Cosmos/SnapshotStorageProviderRegistrations.cs","aa4a686677ab41b25ecdfd445b280b45d2f43fb1"
"Tributary.Runtime.Storage.Cosmos","src/Tributary.Runtime.Storage.Cosmos/Storage/SnapshotContainerOperations.cs","202","true","1-202","417B3678AD1DC8659BC3003B3A5B1A943B019D2F4DCDD13B68F095CD8599AEF1","417B3678AD1DC8659BC3003B3A5B1A943B019D2F4DCDD13B68F095CD8599AEF1","Project source","root","","Checked full Cosmos point/query/delete/upsert calls, retry/cancellation, missing-item handling and query DTO deserialization; missing-item catch checked against retry policy.","https://github.com/Gibbs-Morris/mississippi/blob/aa4a686677ab41b25ecdfd445b280b45d2f43fb1/src/Tributary.Runtime.Storage.Cosmos/Storage/SnapshotContainerOperations.cs","aa4a686677ab41b25ecdfd445b280b45d2f43fb1"
"Tributary.Runtime.Storage.Cosmos","src/Tributary.Runtime.Storage.Cosmos/Storage/SnapshotCosmosRepository.cs","193","true","1-193","5C5A70F73DE90B8FD53CC5C35245AC66818DDC2A1F86689E78AE4608CB568CF0","5C5A70F73DE90B8FD53CC5C35245AC66818DDC2A1F86689E78AE4608CB568CF0","Project source","root","Snapshot-prune-metric-counts-retention-rules.md","Checked document/partition IDs, all delete/prune paths, retained latest version, mapping and upsert retry behavior; no supported independent failure found.","https://github.com/Gibbs-Morris/mississippi/blob/aa4a686677ab41b25ecdfd445b280b45d2f43fb1/src/Tributary.Runtime.Storage.Cosmos/Storage/SnapshotCosmosRepository.cs","aa4a686677ab41b25ecdfd445b280b45d2f43fb1"
"Tributary.Runtime.Storage.Cosmos","src/Tributary.Runtime.Storage.Cosmos/Storage/SnapshotDocument.cs","81","true","1-81","42DE2A49780212ED241EB961F794AE458AB3459FD8A0688BE0FE65E1B4EA42C8","42DE2A49780212ED241EB961F794AE458AB3459FD8A0688BE0FE65E1B4EA42C8","Project source","root","","Checked all snapshot serialized names, defaults, IDs, stream/version/metadata fields and immutable write model; no new failure found.","https://github.com/Gibbs-Morris/mississippi/blob/aa4a686677ab41b25ecdfd445b280b45d2f43fb1/src/Tributary.Runtime.Storage.Cosmos/Storage/SnapshotDocument.cs","aa4a686677ab41b25ecdfd445b280b45d2f43fb1"
"Tributary.Runtime.Storage.Cosmos","src/Tributary.Runtime.Storage.Cosmos/Storage/SnapshotStorageLoggerExtensions.cs","192","true","1-192","25F86A50981E9CC85A9D3A2A0873481AFAAD57DCEB6D70C7F1F349D46E4C5131","25F86A50981E9CC85A9D3A2A0873481AFAAD57DCEB6D70C7F1F349D46E4C5131","Project source","root","","Checked every storage logger signature, placeholder, parameter order, levels and runtime caller; no independent technical failure found.","https://github.com/Gibbs-Morris/mississippi/blob/aa4a686677ab41b25ecdfd445b280b45d2f43fb1/src/Tributary.Runtime.Storage.Cosmos/Storage/SnapshotStorageLoggerExtensions.cs","aa4a686677ab41b25ecdfd445b280b45d2f43fb1"
"Tributary.Runtime.Storage.Cosmos","src/Tributary.Runtime.Storage.Cosmos/Storage/SnapshotStorageModel.cs","37","true","1-37","F00E2878AA9098A374E49042A28DA9020B05E8078AA4AB2CEB5B7C9A9C75BB7C","F00E2878AA9098A374E49042A28DA9020B05E8078AA4AB2CEB5B7C9A9C75BB7C","Project source","root","","Checked all snapshot serialized names, defaults, IDs, stream/version/metadata fields and immutable write model; no new failure found.","https://github.com/Gibbs-Morris/mississippi/blob/aa4a686677ab41b25ecdfd445b280b45d2f43fb1/src/Tributary.Runtime.Storage.Cosmos/Storage/SnapshotStorageModel.cs","aa4a686677ab41b25ecdfd445b280b45d2f43fb1"
"Tributary.Runtime.Storage.Cosmos","src/Tributary.Runtime.Storage.Cosmos/Storage/SnapshotWriteModel.cs","9","true","1-9","409D31C3681E69D7E66FE1F517C2E550E6322C4311E183E99D0F4DDBEA28BFC2","409D31C3681E69D7E66FE1F517C2E550E6322C4311E183E99D0F4DDBEA28BFC2","Project source","root","","Checked all snapshot serialized names, defaults, IDs, stream/version/metadata fields and immutable write model; no new failure found.","https://github.com/Gibbs-Morris/mississippi/blob/aa4a686677ab41b25ecdfd445b280b45d2f43fb1/src/Tributary.Runtime.Storage.Cosmos/Storage/SnapshotWriteModel.cs","aa4a686677ab41b25ecdfd445b280b45d2f43fb1"
